student_id,C11,C12,C13,C14,C21,C22,C23,C31,C32,C33,C41,C42,C43
SYN-00001,4.1,4.4,4.4,4.5,4.0,4.6,3.6,4.2,4.2,4.6,4.4,4.0,4.1
SYN-00002,4.2,4.1,4.0,4.0,4.4,4.0,4.1,4.8,3.7,3.6,4.4,3.9,4.1
SYN-00003,4.2,4.3,4.9,4.7,4.7,4.0,4.1,3.6,4.2,4.7,4.6,4.4,4.4
SYN-00004,4.5,4.8,5.0,4.2,4.8,5.0,4.6,4.9,5.0,4.7,4.9,4.5,4.8
SYN-00005,4.3,4.2,3.8,4.2,4.6,4.3,4.4,4.0,4.3,4.2,3.8,4.2,3.8
SYN-00006,3.9,4.2,4.2,3.8,4.4,4.3,3.9,3.7,4.1,4.0,4.2,4.0,3.5
SYN-00007,4.6,4.7,4.9,4.5,5.0,4.2,5.0,4.7,5.0,4.8,5.0,4.6,4.4
SYN-00008,4.9,4.4,4.5,4.8,4.2,4.6,4.3,4.4,4.5,4.0,4.2,4.9,4.7
SYN-00009,4.0,4.1,3.9,4.4,4.0,4.1,4.4,3.8,4.5,3.6,4.5,3.9,4.0
SYN-00010,3.8,4.3,4.1,4.2,4.3,4.7,4.5,4.5,4.1,4.1,4.9,4.2,4.9
SYN-00011,4.0,4.0,4.4,4.4,4.0,3.9,4.0,4.1,4.3,4.0,4.2,4.5,4.2
SYN-00012,4.1,3.6,3.2,4.2,4.0,3.9,4.1,4.0,4.4,4.1,3.8,4.3,4.0
SYN-00013,4.4,4.1,4.1,4.3,4.3,4.4,4.2,3.7,4.2,4.5,4.2,4.2,4.6
SYN-00014,3.3,3.1,3.5,3.4,3.2,3.5,3.7,3.5,3.6,4.1,3.4,3.6,3.4
SYN-00015,3.3,3.4,3.5,3.7,4.3,3.4,3.5,3.6,3.7,3.7,4.0,2.9,2.9
SYN-00016,3.9,4.3,3.5,3.1,4.2,4.1,3.7,3.7,3.7,4.0,3.8,4.2,3.1
SYN-00017,3.6,3.5,3.8,3.7,4.1,3.3,3.9,4.0,4.4,3.7,3.9,3.3,3.1
SYN-00018,4.6,4.3,4.7,3.9,4.5,4.9,4.4,4.4,4.3,3.8,4.7,4.1,4.5
SYN-00019,3.4,3.5,4.3,3.8,4.3,3.9,3.3,4.1,3.7,4.1,3.9,3.4,3.9
SYN-00020,4.4,3.9,3.7,4.0,3.8,3.8,3.4,3.8,4.0,3.5,4.1,3.7,3.4
SYN-00021,5.0,4.6,4.9,4.6,4.7,4.9,4.8,4.1,4.4,5.0,4.7,4.6,4.3
SYN-00022,3.8,3.5,4.1,3.9,3.8,4.1,4.2,4.7,3.7,4.5,4.4,3.9,4.2
SYN-00023,4.1,4.3,4.7,4.4,4.4,4.1,3.8,4.2,4.6,3.8,3.9,4.3,3.9
SYN-00024,3.5,3.6,3.3,3.4,3.9,3.3,3.2,3.5,3.9,3.6,3.6,3.7,3.2
SYN-00025,4.2,4.1,3.9,4.3,3.7,4.3,4.1,3.9,4.0,4.0,4.4,3.7,3.8
SYN-00026,4.5,4.1,4.5,4.7,4.1,4.4,3.9,4.5,4.3,4.4,4.0,3.7,4.4
SYN-00027,3.2,3.7,4.1,3.9,4.4,4.1,3.6,3.8,3.8,3.3,3.5,3.6,3.2
SYN-00028,4.3,4.3,3.8,4.5,4.5,4.4,4.2,4.5,4.5,4.4,4.1,4.4,4.7
SYN-00029,3.8,4.6,3.8,4.0,3.8,4.1,3.5,3.8,3.7,4.0,4.3,4.2,3.3
SYN-00030,4.7,4.2,3.9,4.1,4.2,3.9,4.2,3.9,4.0,3.9,3.7,4.1,4.3
SYN-00031,4.1,4.2,4.1,3.8,4.2,3.6,3.7,3.7,4.3,4.3,4.1,4.3,3.7
SYN-00032,5.0,4.8,5.0,4.8,4.7,5.0,5.0,4.6,4.8,4.5,4.1,4.9,5.0
SYN-00033,4.3,3.6,4.1,3.5,4.6,3.9,4.6,4.5,3.9,3.9,4.3,3.9,4.2
SYN-00034,3.7,3.3,3.2,3.9,3.7,3.7,4.0,4.2,3.7,3.7,4.0,3.4,3.9
SYN-00035,4.7,4.7,3.9,4.3,4.2,4.5,4.6,4.9,4.3,4.3,4.8,4.6,4.9
SYN-00036,3.9,3.4,3.4,3.3,4.0,4.1,4.3,4.0,4.1,3.6,3.4,4.0,3.9
SYN-00037,4.3,4.4,4.4,4.7,4.7,4.4,4.5,4.4,4.1,4.5,3.9,4.6,3.9
SYN-00038,3.6,3.3,3.7,3.5,3.0,3.6,3.3,3.8,3.5,3.6,3.2,3.3,3.4
SYN-00039,4.0,4.2,3.5,4.1,3.1,3.4,3.4,3.3,3.3,3.9,3.7,3.8,3.9
SYN-00040,4.3,4.5,4.2,3.9,4.6,4.1,4.0,4.2,4.0,4.1,4.4,4.4,4.0
SYN-00041,4.3,4.8,4.6,5.0,4.8,4.8,4.0,4.7,4.4,4.3,4.5,4.7,4.6
SYN-00042,4.0,4.5,4.1,4.3,4.2,4.2,4.5,3.9,4.8,3.7,4.1,4.4,4.4
SYN-00043,4.1,4.1,4.3,4.1,4.6,4.4,4.4,3.9,4.1,4.1,3.9,4.3,4.0
SYN-00044,4.3,3.8,4.6,3.8,4.2,4.3,3.9,4.4,3.7,4.5,4.1,3.9,4.0
SYN-00045,3.9,3.5,3.5,3.6,3.3,4.2,3.5,3.9,3.7,3.4,3.7,3.9,3.6
SYN-00046,4.3,4.3,4.2,3.8,3.6,3.8,4.0,4.1,3.3,3.9,4.0,3.9,4.3
SYN-00047,4.2,4.4,4.0,4.3,4.5,4.4,3.7,4.0,3.9,4.2,4.2,3.8,4.1
SYN-00048,4.0,5.0,4.4,4.6,4.5,4.9,3.7,4.6,4.5,4.4,5.0,4.3,4.8
SYN-00049,4.4,4.7,4.1,4.1,4.6,4.4,3.9,4.2,4.4,4.6,4.1,3.4,4.5
SYN-00050,3.2,3.0,2.7,3.8,3.6,3.5,4.0,3.8,4.1,3.2,3.6,3.1,3.5
SYN-00051,4.2,4.5,4.3,4.5,4.5,5.0,4.2,4.0,4.4,4.1,4.8,4.2,4.1
SYN-00052,3.9,4.3,4.0,3.9,4.6,3.8,4.1,4.3,3.6,4.2,3.7,4.3,3.8
SYN-00053,4.2,4.3,4.2,4.0,3.9,3.8,4.4,3.8,3.7,4.2,3.7,3.7,3.5
SYN-00054,4.3,4.4,4.5,4.7,4.6,4.4,4.4,4.6,4.8,4.5,4.3,4.1,4.0
SYN-00055,4.8,4.7,4.7,4.5,5.0,4.4,4.8,4.5,4.4,4.7,4.7,4.7,4.6
SYN-00056,4.5,5.0,4.9,4.7,4.6,4.8,4.7,4.5,4.4,4.5,3.6,4.6,4.4
SYN-00057,4.4,3.9,3.5,3.9,3.6,4.0,4.0,4.2,3.7,3.9,3.5,4.1,4.1
SYN-00058,4.2,4.1,4.2,4.6,4.0,4.1,3.8,3.8,4.1,4.4,4.0,4.0,4.0
SYN-00059,4.2,4.4,3.9,4.7,4.1,4.5,3.9,4.5,4.5,4.4,4.0,4.4,4.0
SYN-00060,4.5,4.9,4.8,4.5,4.2,4.7,4.5,3.8,4.8,4.5,4.9,4.2,3.6
SYN-00061,4.1,4.1,3.5,3.7,4.9,3.9,4.3,3.8,3.4,4.0,4.0,3.9,4.0
SYN-00062,4.2,4.1,3.8,4.3,3.6,3.5,4.4,4.3,4.1,3.7,3.9,4.1,3.7
SYN-00063,3.6,4.0,4.2,3.7,4.0,3.2,4.0,3.6,3.9,3.7,4.2,3.6,4.0
SYN-00064,3.7,3.7,3.7,3.5,3.8,3.8,3.9,3.8,4.0,4.1,3.5,4.0,3.4
SYN-00065,4.7,4.7,3.9,4.5,4.3,4.3,4.9,4.3,4.2,4.5,4.7,4.4,4.8
SYN-00066,4.8,4.0,4.5,4.5,4.8,3.9,5.0,4.8,4.7,5.0,5.0,4.9,5.0
SYN-00067,4.2,4.1,4.0,3.9,4.0,3.8,4.2,3.7,4.2,4.2,4.2,4.0,5.0
SYN-00068,5.0,4.2,4.6,4.4,4.2,4.1,4.7,4.3,4.8,4.8,5.0,4.3,4.7
SYN-00069,4.5,4.2,4.1,4.8,4.4,4.5,4.1,4.0,4.2,4.3,4.0,4.3,3.8
SYN-00070,3.6,4.2,4.2,3.9,3.7,3.7,3.9,4.2,4.3,3.8,3.6,4.1,3.7
SYN-00071,4.2,4.7,4.6,4.4,3.9,4.4,4.6,4.2,4.7,4.7,4.8,4.4,4.5
SYN-00072,5.0,4.9,4.6,4.6,4.8,4.4,4.7,5.0,4.1,5.0,5.0,4.6,4.9
SYN-00073,4.2,4.6,4.5,3.8,4.4,4.1,4.2,4.0,4.7,4.5,4.0,3.8,4.1
SYN-00074,4.9,4.8,5.0,5.0,5.0,4.8,4.3,4.7,5.0,4.7,4.9,4.7,4.4
SYN-00075,3.2,3.4,3.1,3.2,3.0,3.6,3.2,3.7,3.7,3.3,3.0,2.7,2.8
SYN-00076,4.1,4.9,4.5,4.6,3.8,4.1,4.8,4.6,4.4,4.7,5.0,4.4,4.5
SYN-00077,4.3,4.9,3.6,4.4,4.2,4.4,4.0,4.2,4.4,5.0,4.5,4.0,4.1
SYN-00078,4.0,3.6,4.0,4.3,3.7,4.4,4.2,3.9,4.1,4.6,4.3,4.1,4.0
SYN-00079,4.3,4.1,3.6,4.8,4.3,4.4,4.2,4.0,4.2,3.8,4.9,3.9,3.9
SYN-00080,3.4,3.9,3.5,3.1,3.9,3.7,3.7,3.7,4.2,4.2,3.3,4.0,3.6
SYN-00081,4.3,3.6,4.1,3.9,4.4,4.4,3.5,4.1,4.5,4.1,4.3,4.2,4.2
SYN-00082,4.2,4.0,4.0,4.5,4.3,4.3,4.2,4.2,4.6,4.2,3.9,4.5,4.3
SYN-00083,4.7,5.0,4.7,4.8,4.4,4.7,4.9,4.3,4.8,4.7,4.7,5.0,4.8
SYN-00084,4.5,3.7,4.1,4.0,3.7,4.3,4.7,4.0,4.2,4.0,3.8,3.5,3.8
SYN-00085,3.5,4.4,3.9,3.8,4.2,3.6,3.7,3.9,4.2,4.1,4.0,3.9,4.0
SYN-00086,4.1,3.7,4.0,3.7,4.0,3.9,4.8,4.0,3.6,4.0,4.2,4.5,3.8
SYN-00087,4.0,4.8,4.1,4.4,4.4,4.5,4.7,4.3,4.4,4.5,4.6,4.5,4.7
SYN-00088,4.6,4.4,4.5,3.8,4.3,4.5,4.5,4.1,4.1,4.1,4.5,4.6,4.2
SYN-00089,4.3,4.1,4.0,4.0,4.2,4.1,4.7,3.8,4.2,3.9,3.8,4.0,4.1
SYN-00090,5.0,4.3,4.0,4.5,3.8,4.4,4.4,4.6,4.7,4.2,4.3,4.1,4.0
SYN-00091,4.3,3.9,4.1,3.9,4.4,4.8,3.8,3.7,4.2,4.2,4.3,4.1,4.2
SYN-00092,4.6,4.9,4.0,4.4,4.6,4.3,5.0,4.3,4.5,4.7,4.4,4.0,4.4
SYN-00093,4.3,3.9,3.7,4.2,3.9,3.8,4.0,4.2,4.7,4.2,4.3,3.8,3.6
SYN-00094,4.1,4.1,3.8,4.0,4.2,4.2,4.2,4.2,3.9,3.9,3.7,4.6,4.1
SYN-00095,4.0,3.8,4.9,3.7,3.9,4.2,4.2,4.4,4.6,4.2,3.7,4.0,4.2
SYN-00096,4.3,3.3,4.0,3.7,3.9,3.7,3.4,3.9,3.9,4.0,3.7,3.5,3.2
SYN-00097,4.5,4.4,4.0,4.1,4.2,3.9,4.1,4.0,4.2,4.1,3.8,4.9,4.7
SYN-00098,4.1,4.4,4.4,4.6,4.0,4.6,4.1,3.9,4.5,4.7,5.0,3.9,4.5
SYN-00099,4.1,4.4,3.8,3.8,4.0,4.2,4.0,4.4,4.5,4.4,4.7,4.3,3.8
SYN-00100,4.5,3.9,4.4,4.6,4.3,3.7,3.8,4.5,4.1,4.1,4.3,4.3,4.2
SYN-00101,3.6,3.6,4.0,3.9,3.6,4.0,3.7,3.4,3.5,3.4,3.6,4.1,3.5
SYN-00102,4.1,3.9,4.0,3.6,4.0,4.0,4.2,4.1,3.7,4.4,4.1,4.1,4.1
SYN-00103,3.9,4.1,4.2,3.6,3.9,4.0,4.2,4.4,3.8,3.9,3.9,3.8,4.0
SYN-00104,4.2,3.6,4.0,3.4,3.8,3.8,4.4,3.8,3.3,3.3,3.9,4.1,4.0
SYN-00105,4.2,4.5,4.0,4.4,3.7,3.9,3.6,4.1,4.1,4.2,4.2,3.9,4.1
SYN-00106,3.9,4.8,4.3,4.2,4.8,4.0,4.0,4.0,4.3,4.5,4.6,5.0,3.7
SYN-00107,5.0,4.7,4.7,4.7,4.6,5.0,5.0,4.9,5.0,4.4,4.5,4.2,4.7
SYN-00108,4.3,4.3,4.3,3.8,4.5,4.3,4.5,3.7,4.4,3.9,4.1,4.4,4.3
SYN-00109,4.0,4.3,3.8,4.6,4.2,4.6,4.1,4.1,4.1,4.6,4.1,4.5,4.2
SYN-00110,3.6,4.0,3.8,4.2,3.8,4.5,4.1,4.1,4.4,4.5,4.2,3.9,3.6
SYN-00111,3.3,3.3,3.6,3.4,3.7,3.3,3.5,3.9,3.6,3.5,3.3,3.3,3.3
SYN-00112,4.0,4.4,4.1,3.8,4.7,4.3,3.8,4.1,4.2,4.7,3.9,4.5,4.6
SYN-00113,4.0,4.1,3.9,4.2,4.2,4.4,4.5,4.0,3.6,4.2,4.3,4.3,4.1
SYN-00114,5.0,5.0,5.0,4.9,4.8,4.9,5.0,4.9,5.0,4.9,5.0,5.0,5.0
SYN-00115,4.2,4.1,3.4,4.4,4.2,4.3,3.9,4.0,4.0,4.4,4.0,4.8,4.3
SYN-00116,3.9,4.3,4.1,3.6,4.8,4.5,4.5,4.4,3.9,4.2,4.6,4.0,3.5
SYN-00117,4.1,4.1,4.2,4.4,4.4,4.3,4.5,3.7,4.3,4.4,3.8,3.7,4.0
SYN-00118,3.6,4.0,3.6,3.5,3.6,4.1,3.8,3.7,3.8,4.2,3.6,4.2,3.9
SYN-00119,4.6,5.0,4.3,4.5,4.2,4.9,5.0,5.0,5.0,4.5,4.5,4.1,5.0
SYN-00120,4.6,4.3,4.9,4.2,4.6,4.4,4.7,4.4,4.0,4.5,4.8,4.5,4.7
SYN-00121,4.2,4.5,4.3,4.7,4.5,4.7,4.8,4.7,4.6,4.2,4.5,4.3,4.4
SYN-00122,3.8,3.6,3.3,3.7,3.9,3.5,3.9,4.5,4.2,4.4,4.0,4.2,3.7
SYN-00123,4.5,3.9,5.0,5.0,4.5,4.6,4.5,4.8,5.0,4.2,4.8,4.6,4.7
SYN-00124,3.8,3.7,3.7,3.6,4.0,3.8,3.8,3.3,3.6,4.0,3.7,3.9,4.2
SYN-00125,4.7,4.4,4.3,3.6,4.4,4.3,4.5,4.4,4.3,3.9,4.1,4.5,4.9
SYN-00126,4.9,5.0,5.0,4.7,5.0,4.7,5.0,5.0,5.0,4.7,5.0,5.0,4.7
SYN-00127,3.8,3.9,4.1,3.7,3.0,4.3,4.1,3.3,3.7,4.3,4.3,4.1,3.8
SYN-00128,4.0,4.0,4.3,3.7,3.8,4.3,4.0,4.4,3.8,4.0,3.7,4.0,3.6
SYN-00129,4.1,3.8,4.4,4.4,3.7,4.6,5.0,4.2,4.0,5.0,3.8,4.2,4.3
SYN-00130,4.4,4.1,3.9,3.7,3.9,3.7,4.0,3.9,3.6,4.4,3.9,3.6,4.0
SYN-00131,3.7,3.1,3.8,3.3,4.2,3.8,3.5,3.4,3.6,3.8,3.6,3.6,3.7
SYN-00132,4.0,4.1,3.6,4.5,4.3,4.0,4.8,4.3,3.9,4.5,4.3,4.3,4.1
SYN-00133,4.0,3.7,4.0,3.3,3.7,4.3,3.6,3.6,3.7,3.5,3.2,3.8,3.9
SYN-00134,4.4,4.3,4.4,4.7,4.3,4.2,4.3,4.5,4.8,4.2,4.4,4.5,4.1
SYN-00135,3.9,3.4,3.3,4.0,3.8,3.9,3.9,3.6,3.9,3.5,4.3,3.5,3.8
SYN-00136,4.4,4.9,4.6,4.6,5.0,4.8,4.9,4.4,4.3,4.8,4.6,4.9,4.7
SYN-00137,4.0,3.4,4.5,3.9,4.1,3.7,4.0,3.5,4.1,3.8,3.9,4.1,3.6
SYN-00138,3.9,4.2,4.7,4.0,4.3,4.1,4.7,3.6,4.1,3.6,3.3,4.2,4.1
SYN-00139,4.4,4.5,5.0,4.4,4.6,4.3,4.6,4.4,4.4,5.0,4.8,4.5,3.8
SYN-00140,3.7,4.6,3.7,4.1,4.2,3.8,3.5,3.0,4.0,3.5,3.8,3.4,3.7
SYN-00141,4.3,4.4,3.9,4.6,4.1,3.8,4.2,4.3,4.3,4.7,4.2,4.2,3.9
SYN-00142,4.9,4.7,4.5,4.1,5.0,4.3,4.5,4.8,4.3,4.2,4.0,4.9,4.5
SYN-00143,4.5,3.3,3.4,3.5,3.7,3.5,3.8,3.3,3.2,3.1,3.0,3.5,3.5
SYN-00144,4.1,4.6,4.6,4.2,3.7,4.1,4.1,4.1,4.1,4.1,4.1,4.1,4.3
SYN-00145,4.4,4.0,4.7,4.0,3.8,4.4,4.0,4.4,3.6,4.7,4.5,3.8,3.8
SYN-00146,5.0,4.3,4.2,3.8,4.4,4.4,4.7,4.1,4.0,4.6,4.8,4.0,4.8
SYN-00147,3.8,4.1,3.7,3.0,3.7,4.1,3.5,3.7,3.7,2.9,4.3,3.5,3.9
SYN-00148,3.7,4.1,3.9,3.7,3.5,4.0,3.2,3.9,3.4,4.1,3.8,3.9,3.8
SYN-00149,3.9,4.1,4.6,4.4,4.7,4.5,4.1,4.1,4.4,3.7,4.9,4.5,4.8
SYN-00150,3.8,4.7,5.0,3.9,4.5,4.3,3.8,4.5,4.6,4.1,4.7,3.8,3.9
SYN-00151,4.3,4.3,4.1,4.5,4.4,4.5,4.3,4.5,4.2,4.9,4.0,4.9,4.3
SYN-00152,3.9,4.7,4.4,4.6,4.7,4.4,4.1,4.6,4.3,4.5,3.7,4.5,4.1
SYN-00153,4.5,4.1,4.0,4.1,3.7,4.4,4.6,4.1,4.4,3.8,3.7,4.0,4.1
SYN-00154,4.2,4.4,4.4,4.0,4.4,4.5,4.3,4.6,3.9,4.4,3.9,3.9,4.1
SYN-00155,4.0,4.1,4.2,4.6,4.2,3.8,4.6,4.1,4.3,4.4,4.4,4.6,4.4
SYN-00156,3.7,4.6,4.0,3.9,4.2,4.0,4.1,4.7,3.9,3.9,4.0,4.3,3.5
SYN-00157,4.3,4.7,4.4,4.7,5.0,4.6,4.4,4.9,5.0,4.3,5.0,5.0,5.0
SYN-00158,4.7,5.0,4.3,4.4,4.2,4.4,4.8,4.0,4.1,4.8,4.7,4.3,4.6
SYN-00159,3.9,4.2,3.8,4.1,4.6,4.0,3.8,4.0,3.7,4.5,3.8,3.7,3.5
SYN-00160,4.8,4.7,4.3,4.6,4.0,4.5,4.6,4.9,4.2,4.0,4.2,4.0,4.8
SYN-00161,4.3,4.0,4.2,3.9,3.8,3.8,3.8,3.4,3.9,3.8,4.1,3.9,3.8
SYN-00162,4.2,4.5,4.7,4.1,4.5,4.5,4.3,4.3,4.5,4.1,4.6,4.2,4.8
SYN-00163,5.0,4.3,4.8,4.4,4.9,4.2,4.7,4.3,4.5,4.3,4.9,4.4,4.8
SYN-00164,3.8,3.9,4.0,3.7,4.0,4.4,3.7,4.3,4.4,3.7,3.5,4.0,3.7
SYN-00165,5.0,4.5,4.3,4.2,4.9,4.4,4.6,4.8,4.4,4.5,4.5,4.7,4.7
SYN-00166,4.3,4.4,4.2,3.9,4.4,4.9,4.1,4.1,4.1,4.6,4.5,4.3,4.1
SYN-00167,4.5,4.0,4.5,4.7,4.1,4.0,5.0,4.3,4.8,4.4,4.4,4.6,4.2
SYN-00168,4.9,4.7,4.5,5.0,4.8,4.8,4.5,5.0,5.0,5.0,4.8,4.3,5.0
SYN-00169,4.1,3.9,4.2,4.5,4.1,4.5,4.4,3.8,3.9,4.4,3.3,4.1,3.7
SYN-00170,3.8,3.8,3.8,3.8,3.6,4.6,4.5,3.6,4.4,3.8,4.0,3.9,3.7
SYN-00171,4.2,3.9,3.7,3.5,3.6,3.4,3.9,3.5,3.8,4.3,4.2,3.9,3.9
SYN-00172,4.5,4.1,3.8,3.5,4.0,4.2,3.7,4.0,3.8,3.9,3.2,3.8,4.2
SYN-00173,4.0,4.2,3.9,4.3,4.1,3.9,4.6,4.5,4.0,4.3,4.3,4.4,3.7
SYN-00174,4.6,4.1,4.2,5.0,4.4,4.2,3.7,4.7,3.9,4.0,4.2,4.7,4.6
SYN-00175,4.2,4.4,4.1,4.3,4.3,4.6,4.6,4.4,4.2,4.5,4.3,4.0,4.2
SYN-00176,4.5,4.8,4.4,4.1,4.5,4.5,4.5,4.8,4.8,4.3,4.3,4.2,4.7
SYN-00177,4.6,4.1,4.1,4.6,4.4,4.3,3.8,4.4,3.9,3.9,4.1,4.0,4.1
SYN-00178,4.3,5.0,5.0,4.1,5.0,4.5,5.0,4.7,4.7,4.7,5.0,4.3,4.9
SYN-00179,4.4,4.3,4.8,3.9,4.4,4.1,4.5,4.1,4.0,4.5,4.0,3.7,4.0
SYN-00180,5.0,5.0,5.0,5.0,4.6,4.9,4.9,5.0,5.0,5.0,4.9,5.0,5.0
SYN-00181,4.1,4.4,4.4,4.4,4.4,4.4,4.3,4.8,4.1,4.2,5.0,4.1,4.0
SYN-00182,4.1,3.3,3.8,4.5,3.4,3.3,3.5,4.2,4.2,3.7,4.1,4.3,4.4
SYN-00183,3.8,3.1,3.6,3.7,3.7,3.8,4.2,4.2,3.8,4.2,3.9,3.8,4.1
SYN-00184,4.4,5.0,3.9,4.2,4.3,4.5,4.7,4.4,3.9,4.6,4.6,3.8,4.4
SYN-00185,3.6,3.9,3.9,4.4,4.2,3.7,4.4,3.7,4.2,3.9,4.0,4.3,4.3
SYN-00186,4.9,4.4,4.5,4.3,4.5,4.6,4.4,3.9,4.5,4.6,4.2,4.1,4.9
SYN-00187,4.5,4.3,4.0,4.1,4.8,4.4,4.2,4.5,4.1,4.8,4.8,4.2,4.2
SYN-00188,3.4,3.7,3.8,4.2,4.1,3.8,4.1,4.3,4.3,3.6,4.1,3.8,4.4
SYN-00189,4.1,3.6,3.7,3.8,3.2,4.0,3.8,4.2,3.6,3.7,3.5,3.6,3.5
SYN-00190,4.0,3.5,3.7,3.6,3.3,3.6,3.8,3.3,3.9,3.4,3.5,3.8,3.5
SYN-00191,4.1,3.9,4.1,3.3,3.5,4.2,4.4,3.8,4.0,4.1,4.3,3.4,3.8
SYN-00192,4.4,4.7,5.0,4.4,4.1,4.6,4.9,4.5,4.2,4.8,4.7,4.2,4.6
SYN-00193,4.6,4.6,4.3,4.2,4.6,3.9,4.4,3.9,4.6,4.2,4.7,4.4,3.9
SYN-00194,4.2,4.2,4.0,3.5,3.7,3.8,3.6,4.3,3.8,3.0,3.9,3.7,3.7
SYN-00195,4.2,4.5,4.6,4.3,4.2,4.2,4.3,4.0,4.4,4.4,4.7,4.6,4.1
SYN-00196,4.6,4.0,4.5,4.2,4.0,4.4,3.5,3.8,4.3,4.4,4.2,3.9,4.1
SYN-00197,4.0,4.1,3.9,4.2,4.0,3.7,3.8,3.5,3.9,4.2,4.1,4.3,3.8
SYN-00198,4.7,4.2,4.7,4.2,4.5,4.7,4.2,4.3,4.6,4.2,3.9,4.9,4.1
SYN-00199,4.3,4.6,4.0,3.9,4.3,3.7,4.1,4.3,4.1,3.8,4.7,4.3,4.6
SYN-00200,3.7,3.5,3.9,3.7,3.4,4.2,3.6,3.2,4.2,3.6,3.6,3.3,4.3
SYN-00201,3.9,4.3,4.6,4.5,4.3,3.8,4.1,4.4,4.1,4.4,4.5,4.6,4.0
SYN-00202,5.0,4.6,4.4,4.7,5.0,4.0,4.3,3.7,4.5,4.5,4.4,4.2,3.8
SYN-00203,4.7,5.0,4.4,4.7,4.1,4.7,4.5,4.4,4.4,4.5,4.7,4.2,4.5
SYN-00204,4.6,4.2,5.0,4.3,4.4,4.3,5.0,4.7,4.3,4.9,4.6,4.6,4.5
SYN-00205,3.5,3.8,3.6,4.3,3.3,4.2,3.7,3.8,4.0,3.5,4.0,2.9,3.5
SYN-00206,3.6,3.5,3.8,4.0,4.1,3.9,3.7,4.0,3.9,4.2,4.1,3.9,3.6
SYN-00207,4.2,4.2,4.3,4.5,4.6,4.4,4.4,4.4,4.2,4.1,3.9,4.2,4.5
SYN-00208,4.2,4.3,4.5,4.5,4.1,4.7,4.7,4.0,4.1,4.7,4.3,3.7,4.0
SYN-00209,4.3,4.0,4.3,4.4,4.8,4.3,4.7,4.8,4.8,4.5,3.8,4.5,4.7
SYN-00210,5.0,5.0,5.0,5.0,5.0,5.0,4.3,4.9,5.0,4.8,4.9,4.7,5.0
SYN-00211,4.9,4.1,4.4,4.2,4.6,4.6,4.6,4.5,5.0,4.1,3.9,4.3,3.9
SYN-00212,4.1,4.3,4.3,4.3,4.8,4.4,4.5,4.9,4.4,4.5,4.7,4.0,3.9
SYN-00213,4.6,4.7,5.0,4.6,4.8,4.5,4.6,5.0,3.9,4.7,5.0,4.6,5.0
SYN-00214,4.2,4.4,4.4,3.8,4.1,4.1,4.7,4.7,4.5,4.7,4.4,4.8,4.4
SYN-00215,4.1,4.0,4.3,4.0,4.4,3.8,3.8,4.3,4.1,4.0,4.4,3.9,4.0
SYN-00216,4.9,4.9,4.9,4.4,4.8,4.2,4.2,3.8,5.0,4.2,4.4,4.2,4.7
SYN-00217,3.8,3.5,4.1,3.5,3.7,3.3,3.5,4.0,3.3,3.5,3.9,3.8,4.5
SYN-00218,4.7,3.9,4.3,4.3,3.9,3.7,4.1,4.1,4.0,4.2,3.9,3.8,4.1
SYN-00219,4.1,3.7,4.3,3.5,3.9,4.0,3.8,3.9,4.6,3.8,4.8,4.2,4.1
SYN-00220,4.4,5.0,3.9,3.9,4.0,4.2,3.7,4.2,4.7,4.3,4.1,4.0,4.5
SYN-00221,4.8,5.0,5.0,5.0,5.0,5.0,5.0,4.8,4.8,4.6,5.0,5.0,4.6
SYN-00222,3.4,3.1,3.3,3.7,3.3,3.5,3.1,3.6,3.5,3.3,3.5,3.6,3.3
SYN-00223,4.0,5.0,4.3,4.4,4.7,5.0,4.1,4.6,4.2,4.3,4.2,4.1,4.4
SYN-00224,3.2,3.9,3.7,3.8,3.5,3.5,3.7,3.3,3.5,3.4,3.4,3.0,4.0
SYN-00225,3.8,4.4,4.4,3.6,3.7,4.8,4.6,4.0,4.1,3.8,4.2,3.8,3.4
SYN-00226,4.2,4.6,4.2,4.6,4.3,4.3,4.8,4.7,4.6,4.8,4.7,5.0,4.4
SYN-00227,4.1,3.8,4.1,4.5,4.6,4.5,3.7,4.5,3.7,4.5,4.1,4.4,3.8
SYN-00228,4.2,3.4,3.6,3.5,3.3,3.9,4.4,4.6,3.9,4.2,3.9,4.0,3.7
SYN-00229,4.0,4.1,3.8,3.9,3.9,4.2,3.6,3.9,4.5,4.3,4.4,4.0,4.0
SYN-00230,4.7,4.9,3.9,4.0,4.8,4.4,4.2,4.1,4.3,4.0,5.0,4.4,4.4
SYN-00231,4.1,4.2,4.2,4.3,3.8,3.9,4.2,3.8,3.9,4.1,4.2,3.4,4.2
SYN-00232,4.2,4.5,4.5,4.8,4.7,4.7,4.7,4.4,4.3,4.5,4.5,4.2,4.4
SYN-00233,4.2,4.0,4.6,4.2,4.8,3.7,4.0,4.2,4.6,4.3,4.3,3.9,3.9
SYN-00234,4.1,3.6,3.8,4.1,3.7,4.5,4.3,3.5,3.7,3.3,3.7,4.2,3.8
SYN-00235,5.0,4.5,5.0,4.8,5.0,4.9,4.6,4.6,5.0,5.0,5.0,5.0,5.0
SYN-00236,3.9,4.3,4.4,5.0,4.6,4.9,4.6,4.2,4.5,4.5,4.1,4.3,4.4
SYN-00237,4.0,2.9,3.9,3.2,3.1,3.8,3.7,3.9,3.7,4.1,3.7,3.4,3.6
SYN-00238,4.6,4.0,4.1,4.2,3.6,4.3,3.7,4.3,4.5,4.1,4.8,3.8,4.6
SYN-00239,4.2,3.5,4.8,3.9,3.7,3.5,3.9,3.9,4.0,3.9,4.2,3.9,3.4
SYN-00240,4.5,3.8,4.6,4.2,4.5,4.9,4.2,4.8,4.4,5.0,4.4,4.2,4.7
SYN-00241,3.8,3.7,3.8,3.9,4.3,3.3,3.9,4.1,4.0,4.3,3.9,3.9,4.1
SYN-00242,4.2,4.0,4.3,4.0,4.0,4.0,4.6,3.2,4.3,4.2,3.7,4.3,4.3
SYN-00243,4.6,3.6,4.8,4.2,4.6,4.6,4.1,4.6,4.3,3.8,4.7,4.1,4.1
SYN-00244,4.4,4.6,4.5,4.7,4.1,4.3,4.5,5.0,4.5,4.8,4.5,4.4,4.4
SYN-00245,3.7,4.0,4.2,3.9,4.1,3.5,3.7,3.6,3.9,3.7,4.0,3.5,3.8
SYN-00246,4.3,3.5,4.7,4.0,3.5,4.1,4.1,4.1,4.4,4.3,4.2,4.2,4.1
SYN-00247,4.6,3.6,4.1,4.1,4.3,3.8,3.5,4.1,4.1,4.5,3.7,4.4,4.7
SYN-00248,3.9,3.6,3.8,4.0,4.1,3.8,4.4,3.6,3.4,4.3,3.3,3.9,4.9
SYN-00249,4.8,4.5,4.8,4.8,4.9,5.0,4.5,5.0,4.9,5.0,4.6,5.0,4.7
SYN-00250,4.4,4.1,4.0,4.5,4.2,4.1,4.1,4.6,4.2,4.3,4.3,3.8,3.9
SYN-00251,3.9,3.5,4.1,4.0,4.0,4.3,3.7,4.0,3.6,4.5,4.4,3.8,3.9
SYN-00252,4.9,4.5,4.3,4.8,4.5,4.6,4.3,4.0,4.6,4.8,4.5,5.0,4.3
SYN-00253,4.6,4.9,4.9,5.0,4.7,5.0,5.0,4.9,5.0,4.6,5.0,5.0,5.0
SYN-00254,4.6,3.7,4.4,4.4,4.3,4.6,4.4,4.3,4.2,4.3,4.9,4.4,4.4
SYN-00255,3.5,3.8,3.8,2.8,4.0,4.1,3.4,3.4,3.5,3.4,3.7,3.1,3.3
SYN-00256,4.5,3.8,4.4,4.1,3.5,4.2,4.0,3.9,4.1,4.2,4.2,4.4,4.2
SYN-00257,4.2,4.5,5.0,4.9,5.0,5.0,4.7,4.7,4.6,4.1,4.6,5.0,4.5
SYN-00258,4.1,4.2,3.7,3.8,3.6,3.7,3.6,3.7,4.4,3.7,4.0,3.8,4.3
SYN-00259,4.7,4.6,4.4,4.3,4.0,4.9,4.1,4.6,4.7,4.2,4.7,4.6,4.9
SYN-00260,4.3,4.1,4.3,4.5,4.5,4.4,3.9,4.6,5.0,4.6,4.7,4.6,4.6
SYN-00261,4.2,4.0,3.8,3.6,3.8,4.0,3.8,4.0,4.0,4.1,4.3,3.9,3.5
SYN-00262,4.1,4.2,3.6,4.6,4.2,4.3,4.6,4.0,4.4,4.1,4.1,3.9,4.7
SYN-00263,3.0,3.3,2.5,3.4,3.4,3.1,3.0,3.2,3.8,2.5,3.3,2.8,3.1
SYN-00264,3.8,3.7,3.8,3.5,4.2,3.3,4.0,3.7,3.5,3.9,3.4,3.9,3.4
SYN-00265,4.2,3.8,4.0,4.2,3.9,4.1,3.7,4.3,4.6,4.9,4.1,4.3,3.6
SYN-00266,4.2,4.0,3.6,4.1,3.7,3.6,3.9,3.4,4.1,3.4,3.4,3.5,4.0
SYN-00267,4.6,4.4,4.6,4.8,4.4,4.4,5.0,4.5,4.7,4.7,4.6,5.0,5.0
SYN-00268,3.6,3.3,4.1,3.7,4.2,3.0,3.8,4.3,3.6,3.6,3.8,3.5,3.6
SYN-00269,3.9,3.9,4.4,4.2,4.1,4.3,4.0,3.8,3.9,4.0,3.7,3.9,3.9
SYN-00270,4.9,3.4,4.2,4.8,4.3,4.5,4.3,4.0,3.6,4.3,4.0,4.0,4.1
SYN-00271,5.0,5.0,4.8,4.6,4.4,4.8,5.0,4.6,4.0,4.9,5.0,4.2,4.8
SYN-00272,3.8,3.7,3.5,4.0,3.6,3.3,3.1,4.1,3.9,3.7,3.6,3.5,3.4
SYN-00273,4.5,4.0,4.4,4.5,4.8,4.6,4.8,5.0,4.9,4.7,4.6,4.3,4.8
SYN-00274,4.7,4.3,4.8,3.7,3.9,4.5,4.3,4.6,4.2,3.9,4.1,3.7,3.9
SYN-00275,4.1,4.1,4.0,3.3,3.7,3.5,4.2,3.7,3.5,3.9,3.7,4.3,3.6
SYN-00276,3.9,3.7,4.4,4.2,3.9,4.7,4.6,4.4,4.8,4.6,4.1,4.0,4.6
SYN-00277,4.4,4.3,4.0,4.5,4.0,4.2,4.7,4.1,3.8,4.0,4.6,4.3,4.2
SYN-00278,3.8,4.1,3.7,4.1,3.8,3.7,3.8,3.9,4.0,4.1,2.9,3.7,3.9
SYN-00279,4.7,3.9,4.3,4.7,3.8,4.3,4.0,4.1,4.0,4.0,5.0,4.5,4.6
SYN-00280,4.2,3.6,4.2,4.4,3.8,4.4,4.3,4.6,3.9,3.7,4.0,4.5,3.5
SYN-00281,3.6,4.3,4.1,4.2,4.5,4.1,3.7,4.9,3.9,3.9,4.6,4.1,4.2
SYN-00282,4.6,4.8,4.3,4.9,3.8,4.7,4.2,4.8,4.5,4.2,4.6,4.7,4.6
SYN-00283,4.4,4.6,4.8,4.7,5.0,4.2,4.9,4.7,4.5,4.5,4.7,3.7,4.5
SYN-00284,3.5,3.9,3.5,3.7,4.2,4.1,4.0,3.6,3.9,3.7,3.7,3.9,3.6
SYN-00285,5.0,4.9,5.0,5.0,5.0,4.5,5.0,5.0,5.0,4.6,4.7,5.0,4.7
SYN-00286,3.4,4.0,3.5,3.3,3.3,3.6,3.1,3.4,3.6,3.9,3.7,3.3,3.9
SYN-00287,4.1,3.8,4.1,4.6,4.2,4.2,4.6,3.7,3.8,3.7,4.3,4.2,4.6
SYN-00288,4.5,4.3,4.4,4.4,3.9,5.0,4.6,4.5,4.6,4.6,4.4,4.2,4.6
SYN-00289,4.4,4.1,4.7,4.4,4.5,4.7,4.3,4.4,4.5,4.1,4.3,4.3,4.0
SYN-00290,4.7,3.6,3.6,4.4,4.2,3.7,4.2,4.4,4.0,4.8,3.5,4.2,4.3
SYN-00291,4.4,4.1,4.0,4.3,4.4,4.3,4.4,3.8,4.1,3.8,4.0,4.4,4.2
SYN-00292,4.8,4.1,4.0,4.1,3.8,4.0,4.4,4.1,3.8,3.7,3.9,4.0,4.4
SYN-00293,3.6,3.9,4.0,3.4,3.7,3.8,3.8,4.1,3.9,3.8,4.1,4.5,4.5
SYN-00294,3.9,4.7,4.4,4.5,4.4,4.5,4.5,4.3,4.2,4.4,4.6,4.7,4.8
SYN-00295,4.2,4.4,4.6,4.7,4.3,4.3,4.4,4.0,4.3,4.5,4.5,4.2,4.4
SYN-00296,3.7,4.2,3.9,3.9,3.8,3.9,3.8,4.2,3.8,4.4,4.4,3.7,4.0
SYN-00297,4.3,4.4,5.0,4.4,4.6,4.7,4.2,4.3,4.2,4.2,3.7,4.7,5.0
SYN-00298,4.4,3.9,4.1,4.2,4.0,4.6,4.6,4.0,4.5,4.8,4.9,5.0,4.0
SYN-00299,5.0,4.4,4.3,4.6,4.3,4.6,4.1,4.4,4.9,4.5,4.5,4.6,4.8
SYN-00300,3.9,4.6,4.3,4.5,4.7,4.1,4.1,3.8,4.3,4.8,4.4,4.0,4.3
SYN-00301,3.5,3.6,4.0,3.6,4.2,3.9,3.9,3.8,4.1,4.1,4.0,4.1,3.8
SYN-00302,4.2,3.9,4.0,3.9,3.9,3.8,4.1,4.4,4.4,3.6,4.4,3.9,4.2
SYN-00303,4.2,4.5,4.6,4.0,4.6,4.9,4.4,4.9,4.4,4.7,3.8,5.0,4.9
SYN-00304,4.3,3.8,4.5,4.0,4.5,4.5,4.1,4.7,4.7,4.7,4.4,4.0,4.7
SYN-00305,4.1,3.8,4.6,4.8,4.2,4.8,4.2,4.1,4.0,4.7,4.0,4.4,4.0
SYN-00306,4.1,4.6,4.1,4.1,4.6,4.7,4.4,4.0,4.1,4.3,4.3,3.9,4.5
SYN-00307,4.7,4.1,4.4,4.5,4.6,5.0,4.7,4.4,4.7,4.5,4.7,4.8,5.0
SYN-00308,4.0,4.5,4.3,3.8,4.7,4.1,3.7,4.5,4.6,4.0,3.8,3.9,4.2
SYN-00309,4.8,4.6,4.4,4.8,4.3,4.7,4.3,4.5,4.4,4.4,4.3,4.8,4.2
SYN-00310,3.9,4.8,4.4,3.4,4.0,3.6,3.8,3.2,4.1,3.8,4.1,3.6,4.2
SYN-00311,4.0,4.6,4.5,4.4,4.0,4.7,3.7,3.7,4.1,4.8,4.1,4.1,3.7
SYN-00312,4.9,4.9,4.8,4.4,4.4,4.2,4.6,4.3,4.2,4.5,4.4,4.4,4.7
SYN-00313,4.5,4.4,4.5,4.2,4.5,4.5,4.0,4.8,4.2,4.5,4.8,4.8,4.5
SYN-00314,4.4,4.8,4.7,4.3,4.2,3.9,4.5,4.5,4.8,4.6,4.9,4.3,4.8
SYN-00315,4.5,4.9,4.2,4.7,4.1,4.6,4.8,4.5,4.3,4.9,4.6,4.5,4.7
SYN-00316,5.0,4.6,4.6,4.3,4.3,3.5,4.0,4.1,3.6,3.9,3.6,4.2,4.5
SYN-00317,4.8,4.6,4.1,3.9,3.9,4.1,4.2,4.4,4.1,4.5,4.4,4.4,4.8
SYN-00318,3.7,4.2,4.1,4.0,4.4,4.4,3.8,4.0,4.2,4.0,4.3,4.2,4.6
SYN-00319,3.9,4.3,4.0,4.5,3.8,4.4,4.1,4.1,3.9,4.2,4.6,4.3,4.5
SYN-00320,4.7,4.2,4.0,4.3,4.0,4.0,3.7,4.4,4.0,4.2,3.8,4.3,3.9
SYN-00321,4.2,4.5,4.5,4.2,3.7,5.0,4.8,4.5,4.0,4.2,4.1,4.6,4.3
SYN-00322,4.2,4.3,4.7,4.9,4.9,4.6,4.3,3.4,4.5,4.4,4.5,4.4,4.0
SYN-00323,4.1,4.1,4.1,4.2,4.1,3.8,3.9,3.9,3.9,4.2,4.1,4.5,4.6
SYN-00324,5.0,3.8,5.0,4.8,4.7,4.8,4.8,5.0,4.5,4.6,5.0,5.0,5.0
SYN-00325,3.6,3.6,3.7,3.9,4.3,3.2,3.8,3.4,3.4,4.1,4.0,4.0,4.1
SYN-00326,3.6,3.6,4.4,3.7,4.0,3.8,3.2,3.2,3.6,4.1,4.0,4.0,3.5
SYN-00327,5.0,4.3,4.7,4.6,4.6,5.0,4.4,4.2,4.6,4.5,5.0,4.8,4.5
SYN-00328,4.2,3.9,4.2,4.5,4.9,4.8,4.5,4.4,4.6,4.3,5.0,4.4,4.5
SYN-00329,3.8,4.4,4.7,4.1,4.2,4.7,4.0,4.7,4.3,4.3,4.1,4.5,5.0
SYN-00330,4.7,4.2,4.8,4.3,4.8,4.7,3.5,4.1,4.7,4.5,4.1,4.2,3.8
SYN-00331,4.2,4.9,4.4,4.9,4.5,4.5,4.8,4.3,4.1,4.5,4.6,4.1,4.0
SYN-00332,3.9,4.1,4.1,3.5,4.5,3.7,3.8,3.6,4.7,4.0,3.6,4.1,4.1
SYN-00333,4.2,4.5,4.0,4.1,3.6,3.8,4.8,4.7,4.2,4.7,4.2,4.2,4.2
SYN-00334,3.9,3.9,4.3,4.0,4.2,4.3,4.1,3.7,3.6,4.0,3.9,4.0,4.0
SYN-00335,5.0,4.1,3.9,4.6,4.4,4.6,4.7,4.9,4.1,4.4,4.7,4.8,5.0
SYN-00336,4.4,4.1,3.9,4.0,4.0,4.3,4.2,3.8,4.0,4.4,4.3,4.3,4.3
SYN-00337,4.4,4.0,3.8,3.6,4.0,3.2,3.9,3.8,3.5,3.6,4.2,4.0,3.9
SYN-00338,4.2,4.1,4.5,4.1,3.7,4.6,4.2,3.9,3.7,4.2,4.1,4.6,4.0
SYN-00339,4.1,4.6,4.6,4.4,4.5,4.3,4.4,4.7,4.5,4.3,4.8,3.6,5.0
SYN-00340,3.5,3.8,4.0,4.0,4.3,3.7,4.1,3.8,4.1,4.0,4.0,3.8,3.8
SYN-00341,4.0,4.2,3.7,3.7,4.1,3.9,4.2,3.6,3.4,3.8,3.7,3.9,3.7
SYN-00342,4.5,4.2,4.3,4.3,4.3,4.3,4.4,4.0,4.7,4.2,3.9,4.3,4.0
SYN-00343,4.5,4.9,4.0,4.4,3.8,4.4,4.0,4.1,4.0,4.5,4.6,4.3,4.0
SYN-00344,4.5,3.8,3.4,4.2,3.7,4.3,3.9,4.2,4.4,3.7,3.9,4.0,4.5
SYN-00345,3.8,3.9,4.2,3.9,4.1,3.6,4.7,3.6,3.9,4.0,4.6,3.6,4.6
SYN-00346,4.5,4.4,4.0,4.5,4.1,4.7,4.0,4.2,4.1,4.0,4.5,4.4,4.6
SYN-00347,3.2,4.0,4.4,3.6,4.3,3.6,3.3,3.6,4.0,3.4,3.5,3.9,3.7
SYN-00348,3.9,3.8,3.9,3.6,3.8,3.4,4.1,3.5,4.0,3.6,3.8,3.6,3.4
SYN-00349,3.4,3.6,3.9,4.0,4.3,3.8,3.7,3.5,4.1,4.4,4.3,4.2,4.1
SYN-00350,4.6,4.2,4.3,4.0,3.7,3.9,4.1,4.1,4.7,4.1,4.5,4.0,4.0
SYN-00351,3.9,4.1,4.5,4.3,4.6,4.4,4.2,5.0,4.3,4.7,4.2,4.5,4.6
SYN-00352,4.8,4.0,4.7,5.0,4.9,4.9,4.2,4.5,4.8,4.8,5.0,4.7,4.8
SYN-00353,4.5,4.2,3.8,4.6,4.6,4.3,4.0,4.7,4.4,4.7,5.0,3.9,4.3
SYN-00354,4.1,4.6,3.7,4.7,4.2,4.1,4.1,4.0,4.5,3.8,4.2,4.0,3.9
SYN-00355,5.0,4.3,4.4,4.5,3.8,4.7,3.4,4.0,4.1,4.4,4.3,4.1,4.2
SYN-00356,3.6,3.4,4.1,4.1,4.3,3.6,4.1,3.8,4.2,4.2,3.9,3.7,4.1
SYN-00357,4.4,4.0,3.8,4.1,4.6,4.5,3.9,3.8,4.6,3.9,4.3,4.0,4.7
SYN-00358,3.9,4.4,4.2,4.2,3.5,3.4,4.0,4.2,3.8,3.8,4.3,4.3,4.1
SYN-00359,4.5,4.0,4.2,4.8,4.3,4.4,5.0,3.9,4.6,4.8,4.2,4.6,4.0
SYN-00360,3.7,4.0,4.2,4.2,4.4,3.9,4.3,3.8,4.2,4.0,4.0,4.0,3.4
SYN-00361,4.0,4.4,3.9,4.6,4.6,4.5,4.0,4.8,5.0,4.4,4.5,4.4,4.5
SYN-00362,4.7,4.7,5.0,5.0,4.3,4.7,4.4,5.0,4.6,4.3,4.9,5.0,4.9
SYN-00363,4.2,4.3,4.6,3.9,4.1,4.0,3.8,4.1,4.5,4.3,4.4,4.2,4.3
SYN-00364,4.1,4.2,4.4,4.4,4.4,4.3,4.2,5.0,4.6,4.5,4.3,4.2,4.3
SYN-00365,4.5,3.9,4.0,4.3,4.5,4.4,4.9,4.0,4.2,4.9,4.5,4.7,5.0
SYN-00366,3.9,4.0,4.0,3.5,4.0,4.3,4.2,4.2,3.9,3.9,4.4,3.9,4.1
SYN-00367,4.3,4.7,4.6,3.9,3.9,4.5,4.3,4.1,4.6,4.3,4.3,4.5,4.2
SYN-00368,4.7,4.0,4.4,4.6,3.8,4.1,4.5,4.6,4.2,4.0,4.5,4.6,3.9
SYN-00369,3.9,4.3,4.4,4.1,4.4,4.0,3.6,4.1,4.3,4.2,3.9,3.7,4.1
SYN-00370,4.2,4.3,4.3,3.7,3.6,4.1,4.1,4.0,3.3,3.7,3.9,4.1,4.2
SYN-00371,4.3,4.3,4.2,4.4,4.3,4.2,4.1,4.2,4.4,4.3,4.3,4.6,4.3
SYN-00372,4.2,4.6,4.0,4.0,4.5,4.5,4.0,4.3,4.2,4.2,4.7,4.6,4.4
SYN-00373,4.5,4.3,5.0,4.9,4.5,4.9,4.7,4.6,4.8,4.5,4.6,4.7,4.6
SYN-00374,4.7,5.0,4.3,4.0,3.9,4.5,4.3,4.6,4.6,4.1,4.0,4.6,4.6
SYN-00375,4.8,4.5,5.0,5.0,5.0,4.7,5.0,4.5,5.0,5.0,4.4,4.9,5.0
SYN-00376,3.8,3.8,3.6,4.1,3.7,3.3,3.8,4.2,3.8,4.5,4.1,4.0,3.9
SYN-00377,4.5,4.4,4.4,4.7,4.2,4.2,4.2,5.0,4.7,4.6,4.2,4.7,4.5
SYN-00378,4.3,4.0,4.3,4.1,4.0,4.5,3.8,4.4,4.5,4.0,4.0,4.2,4.3
SYN-00379,4.9,5.0,5.0,4.8,4.5,5.0,5.0,5.0,4.6,4.9,4.6,5.0,4.6
SYN-00380,3.8,3.6,4.0,3.8,4.0,3.9,3.6,4.1,3.9,3.6,4.6,4.1,3.9
SYN-00381,4.3,4.5,3.9,4.0,3.6,3.9,3.8,4.0,4.0,4.1,4.0,3.5,3.6
SYN-00382,3.8,3.9,4.3,3.6,3.9,4.3,3.9,4.1,3.9,4.1,3.9,4.2,3.5
SYN-00383,3.3,3.5,3.6,3.9,3.3,3.9,3.3,3.9,3.7,3.2,3.5,3.4,3.6
SYN-00384,3.9,3.9,4.4,4.0,4.3,3.9,4.5,3.8,3.8,4.5,3.9,4.5,4.3
SYN-00385,3.9,3.4,3.9,4.0,4.3,4.4,3.7,4.2,4.2,4.3,4.1,3.4,3.9
SYN-00386,3.9,4.2,4.5,4.3,4.6,4.4,3.9,3.5,4.3,4.2,4.0,3.7,4.0
SYN-00387,4.3,4.5,4.4,4.8,4.0,4.6,4.3,4.5,4.2,4.6,4.4,4.1,4.3
SYN-00388,4.8,5.0,4.5,4.8,5.0,4.9,5.0,5.0,4.9,4.9,4.9,5.0,4.3
SYN-00389,4.4,4.1,4.9,4.5,4.5,4.8,4.7,4.2,4.5,4.4,4.0,4.3,4.5
SYN-00390,4.0,3.6,4.3,4.0,4.0,4.1,3.8,4.1,3.9,3.7,4.2,4.4,4.2
SYN-00391,4.2,3.7,3.4,4.3,4.5,4.3,3.8,3.5,3.6,3.4,3.9,4.4,3.8
SYN-00392,4.5,4.8,4.3,5.0,5.0,4.3,4.2,4.6,4.3,4.0,4.8,4.7,4.4
SYN-00393,3.4,3.4,3.8,3.6,3.6,4.0,4.0,4.2,3.4,3.6,4.0,3.9,4.2
SYN-00394,5.0,5.0,5.0,5.0,4.7,4.8,5.0,5.0,5.0,4.8,5.0,4.2,4.4
SYN-00395,4.8,4.6,4.8,4.6,4.8,4.4,4.8,4.9,5.0,5.0,4.7,4.7,4.2
SYN-00396,3.9,4.0,4.4,3.9,4.3,4.0,4.0,4.1,3.9,3.9,3.5,4.0,3.9
SYN-00397,3.4,3.7,3.8,3.7,3.9,3.8,3.5,3.5,3.7,3.8,4.0,4.0,3.4
SYN-00398,4.6,4.9,5.0,5.0,4.7,4.3,4.4,4.8,4.8,4.3,4.7,4.9,4.3
SYN-00399,4.5,4.0,4.5,4.0,3.9,4.0,4.1,4.0,4.1,4.3,4.1,4.1,3.6
SYN-00400,4.8,4.6,5.0,4.4,4.1,4.8,4.7,4.3,4.2,5.0,5.0,3.9,4.5
SYN-00401,4.1,3.5,3.5,3.6,3.3,3.1,4.0,3.1,3.7,3.9,3.2,3.4,4.0
SYN-00402,4.2,3.8,4.4,4.4,4.1,3.7,3.9,4.1,3.9,4.3,3.5,3.5,4.0
SYN-00403,4.1,4.0,3.7,4.2,4.2,4.4,4.2,4.2,4.6,3.8,4.4,3.7,4.0
SYN-00404,3.9,4.5,4.2,4.2,3.9,4.1,4.0,4.3,3.9,4.6,3.7,4.0,4.7
SYN-00405,3.9,3.6,4.1,3.9,3.8,3.7,4.9,4.0,3.5,4.5,4.2,3.8,3.8
SYN-00406,4.6,4.3,3.8,5.0,4.3,4.9,4.8,4.1,4.7,4.2,3.9,4.3,4.5
SYN-00407,3.7,3.7,4.2,3.9,3.6,4.0,3.9,3.1,4.0,3.9,3.8,4.1,3.6
SYN-00408,4.3,3.7,4.3,4.7,3.9,3.9,3.9,4.2,3.8,4.3,4.4,4.3,3.6
SYN-00409,4.5,4.5,4.5,4.4,4.3,4.6,4.8,4.0,4.6,4.2,4.2,3.8,4.2
SYN-00410,4.1,4.2,4.1,4.2,4.3,4.4,3.9,3.9,4.5,4.1,4.7,4.4,4.6
SYN-00411,4.9,4.4,4.3,4.7,4.6,4.4,4.9,4.4,4.5,4.5,4.2,4.5,4.9
SYN-00412,3.9,3.8,3.8,3.9,4.0,4.0,3.7,3.9,4.0,3.5,3.9,3.2,4.0
SYN-00413,3.9,3.9,3.5,3.8,4.1,4.1,3.7,3.7,4.0,3.2,3.6,4.1,4.0
SYN-00414,4.8,4.2,4.6,4.5,4.7,4.4,4.3,4.0,5.0,4.5,4.7,4.6,4.3
SYN-00415,3.9,4.0,4.1,4.4,4.1,4.8,4.6,4.6,4.3,4.8,4.3,4.3,4.4
SYN-00416,4.1,4.1,3.8,3.8,4.1,4.2,3.8,3.5,3.9,4.1,4.5,3.6,3.8
SYN-00417,4.6,5.0,4.7,4.5,4.9,4.6,4.4,4.5,5.0,4.9,4.8,4.7,4.8
SYN-00418,4.3,4.3,4.3,4.5,4.2,3.9,4.1,3.6,4.8,4.5,4.0,4.2,4.0
SYN-00419,5.0,4.2,4.6,4.6,4.9,4.6,4.1,4.5,4.3,4.6,5.0,4.1,4.4
SYN-00420,4.1,4.1,4.4,4.2,4.3,4.0,4.3,4.5,4.0,4.5,4.2,4.5,4.2
SYN-00421,5.0,4.9,4.9,5.0,5.0,4.5,5.0,4.4,4.7,4.9,5.0,5.0,4.4
SYN-00422,4.7,4.2,4.8,4.9,5.0,4.9,5.0,5.0,4.7,4.4,4.9,4.4,5.0
SYN-00423,4.1,4.5,4.0,4.2,4.2,4.1,4.0,4.2,3.8,3.8,4.5,4.3,4.1
SYN-00424,5.0,4.5,4.9,4.6,4.2,5.0,4.8,4.5,4.8,4.4,4.8,3.8,4.2
SYN-00425,4.7,4.4,4.5,4.0,5.0,4.8,4.4,4.3,4.7,5.0,4.7,5.0,4.1
SYN-00426,4.4,4.3,4.8,4.7,4.6,4.9,5.0,4.2,4.5,4.9,4.5,4.4,5.0
SYN-00427,3.5,3.8,4.0,3.7,4.1,3.7,4.3,3.8,4.1,4.1,3.7,3.2,4.0
SYN-00428,4.5,4.6,4.4,4.3,5.0,4.0,4.7,4.3,4.3,4.3,4.2,4.6,4.9
SYN-00429,4.7,4.6,4.3,4.7,5.0,4.5,4.5,4.4,4.4,3.7,4.7,4.3,4.1
SYN-00430,3.8,3.3,3.5,4.0,3.2,3.1,3.7,3.9,3.1,3.7,3.8,3.0,3.8
SYN-00431,4.0,3.7,4.2,4.1,3.8,3.7,3.5,3.8,4.0,3.7,3.1,4.2,3.8
SYN-00432,3.4,3.7,3.9,2.6,3.6,3.1,3.6,3.5,3.7,3.3,2.9,3.4,3.6
SYN-00433,4.4,3.8,4.4,3.9,4.2,4.0,4.2,4.4,3.7,3.9,4.2,4.8,3.8
SYN-00434,5.0,5.0,4.4,4.4,4.2,4.4,4.0,4.4,4.9,4.3,4.4,3.9,4.6
SYN-00435,4.8,4.7,4.7,4.6,4.9,4.7,4.8,4.8,5.0,4.9,4.8,5.0,4.9
SYN-00436,4.6,4.4,3.7,4.6,4.3,4.2,4.3,4.1,4.3,4.0,4.6,4.2,4.1
SYN-00437,4.5,4.9,4.8,4.9,4.5,4.3,5.0,5.0,4.5,5.0,4.9,4.8,4.7
SYN-00438,3.3,4.0,3.5,3.5,4.0,3.2,3.3,3.7,3.8,3.9,3.6,4.5,3.6
SYN-00439,3.5,3.4,3.6,3.8,4.0,3.2,3.5,3.7,3.8,3.6,3.8,3.4,4.1
SYN-00440,4.5,3.8,3.9,3.9,4.4,3.8,4.1,4.3,4.2,4.3,3.9,4.4,4.0
SYN-00441,4.2,4.4,4.4,4.3,4.1,4.2,4.3,3.9,4.2,4.5,4.0,4.7,4.7
SYN-00442,3.8,4.6,4.1,4.3,4.0,4.5,4.3,3.9,3.8,3.8,4.2,4.4,4.4
SYN-00443,3.4,3.1,3.3,3.8,3.3,3.5,3.2,3.6,3.3,3.8,3.7,3.3,3.4
SYN-00444,4.0,3.7,3.9,4.2,4.3,4.2,4.1,4.4,4.2,4.4,3.6,3.0,4.3
SYN-00445,3.3,3.7,3.7,4.2,3.9,3.8,4.0,3.9,3.6,4.1,3.4,3.8,3.3
SYN-00446,4.5,4.5,4.9,4.0,4.3,4.7,4.5,4.5,4.1,4.3,4.8,4.4,4.5
SYN-00447,4.3,4.0,4.6,4.5,5.0,4.0,4.6,3.9,4.4,4.6,3.7,4.3,4.2
SYN-00448,3.7,4.0,4.2,3.8,3.9,3.9,3.9,3.5,4.2,4.0,4.0,3.6,3.7
SYN-00449,4.0,3.6,3.5,3.8,4.2,3.8,3.7,3.8,3.9,3.9,4.7,4.3,4.3
SYN-00450,4.2,3.5,3.5,3.5,4.2,3.7,3.5,3.7,3.8,3.9,3.9,3.6,4.0
SYN-00451,4.0,4.1,4.4,4.0,4.0,4.4,3.9,4.1,4.3,4.8,4.4,4.3,4.3
SYN-00452,4.2,4.6,4.5,4.6,4.6,4.6,4.4,4.6,4.2,4.4,5.0,4.6,4.5
SYN-00453,4.4,3.4,3.5,4.4,3.9,3.8,3.5,4.0,4.0,3.5,3.8,3.8,3.9
SYN-00454,4.0,4.8,4.7,4.3,4.3,4.3,4.1,4.2,4.3,4.9,4.7,4.7,4.5
SYN-00455,3.7,4.0,4.3,3.6,4.2,4.7,4.3,4.4,4.1,4.3,3.8,4.3,4.2
SYN-00456,4.0,4.3,3.8,3.9,4.0,3.6,4.0,3.4,4.2,3.9,3.8,3.7,3.9
SYN-00457,4.4,4.3,4.0,3.9,4.4,3.9,4.2,4.2,4.3,4.4,3.8,3.6,4.0
SYN-00458,4.4,4.4,4.4,3.8,3.3,3.1,3.7,3.8,4.2,4.1,3.9,3.6,3.5
SYN-00459,4.1,4.2,4.1,3.7,4.2,4.1,3.7,3.8,4.2,3.9,4.5,4.2,3.9
SYN-00460,3.8,3.8,3.6,3.5,4.0,4.0,4.0,4.2,3.6,4.3,3.5,3.5,3.3
SYN-00461,4.8,4.7,5.0,5.0,4.5,4.8,4.8,4.4,4.6,4.7,5.0,4.9,5.0
SYN-00462,3.8,4.6,4.6,3.6,4.0,4.4,4.4,4.0,4.1,4.0,4.2,4.6,4.0
SYN-00463,4.3,3.7,3.7,4.2,4.2,4.2,3.6,3.8,4.2,4.0,3.6,4.1,3.7
SYN-00464,4.8,4.7,4.5,4.7,4.3,4.5,4.7,4.3,4.2,3.8,4.2,4.5,4.6
SYN-00465,4.3,4.0,3.6,4.0,4.1,4.1,4.3,4.8,4.2,4.1,4.1,4.2,3.9
SYN-00466,4.2,4.3,4.2,4.3,4.3,3.6,4.3,3.9,3.8,3.8,4.3,4.1,3.6
SYN-00467,4.6,4.0,4.5,4.5,4.7,4.9,4.0,4.4,4.3,4.5,4.5,4.3,4.3
SYN-00468,4.1,4.8,4.6,4.7,4.4,4.3,4.1,4.6,4.2,5.0,4.1,4.5,4.9
SYN-00469,4.2,4.1,3.7,3.6,4.2,4.5,3.9,3.7,3.3,3.7,4.0,4.5,4.2
SYN-00470,4.1,3.9,3.8,4.4,4.1,3.4,3.8,3.7,3.8,4.2,4.0,4.0,4.4
SYN-00471,3.9,4.7,3.9,4.1,4.0,4.1,4.2,4.2,3.9,3.8,4.9,4.0,4.3
SYN-00472,2.9,3.3,3.4,3.5,2.6,3.4,3.0,3.5,3.1,3.1,3.3,3.1,3.3
SYN-00473,3.3,3.1,4.0,3.3,3.6,3.9,3.5,3.4,3.7,4.0,3.3,3.6,3.1
SYN-00474,4.6,4.7,4.4,4.5,4.3,4.7,5.0,4.3,4.5,4.8,5.0,4.2,4.6
SYN-00475,4.9,4.7,4.0,4.9,5.0,4.8,4.5,4.6,5.0,5.0,5.0,4.9,4.6
SYN-00476,4.1,4.1,4.3,4.6,4.4,3.7,4.2,4.3,4.3,3.9,5.0,3.7,3.8
SYN-00477,4.5,5.0,4.2,4.3,4.7,4.4,4.3,4.6,4.5,4.7,4.8,4.5,4.5
SYN-00478,4.4,4.5,4.3,4.3,4.7,4.8,3.9,4.3,4.1,4.2,4.4,4.5,4.3
SYN-00479,4.4,4.7,5.0,4.2,5.0,5.0,5.0,4.9,4.4,5.0,5.0,5.0,4.8
SYN-00480,4.6,4.4,4.3,4.9,4.2,4.3,4.3,4.1,4.6,4.9,4.5,4.1,4.8
SYN-00481,4.7,4.0,4.0,4.3,4.6,4.0,3.8,4.3,4.4,4.2,4.0,4.5,4.3
SYN-00482,3.6,3.9,3.5,4.1,3.8,3.7,3.9,3.9,4.1,4.0,3.8,4.1,4.0
SYN-00483,3.5,3.6,3.6,3.8,3.5,3.5,4.2,3.9,3.4,3.8,3.7,3.8,3.7
SYN-00484,4.6,4.4,4.3,4.6,4.3,4.3,4.4,4.2,4.3,4.1,4.0,4.0,3.9
SYN-00485,3.7,3.9,4.0,3.9,3.2,4.4,4.3,4.1,4.5,3.6,4.5,3.6,4.0
SYN-00486,3.3,3.7,3.8,3.7,3.9,3.7,3.5,3.5,3.9,3.5,4.0,4.1,3.2
SYN-00487,4.3,4.6,4.0,4.2,4.3,3.9,4.0,3.6,4.0,4.1,4.1,4.3,3.7
SYN-00488,3.7,4.4,3.8,3.9,3.8,3.6,4.3,3.7,3.5,3.7,3.2,3.6,3.5
SYN-00489,5.0,4.6,5.0,5.0,5.0,4.7,4.8,4.3,4.8,4.5,5.0,5.0,4.9
SYN-00490,3.9,4.4,4.5,4.5,4.3,4.6,4.1,4.2,4.7,4.2,4.7,4.1,5.0
SYN-00491,4.0,4.1,4.3,4.0,4.2,4.4,4.5,4.4,4.1,4.2,4.9,4.5,3.9
SYN-00492,4.7,4.6,4.7,4.3,4.6,5.0,4.9,4.0,5.0,5.0,4.6,4.9,4.5
SYN-00493,4.1,4.7,4.1,3.7,4.2,4.2,4.6,4.2,4.1,4.5,4.3,4.0,4.6
SYN-00494,4.0,3.9,4.0,3.6,3.7,3.9,3.8,4.3,4.0,4.2,3.9,4.2,4.0
SYN-00495,4.7,4.7,4.4,4.9,4.7,4.6,5.0,4.4,4.6,5.0,4.8,4.7,4.8
SYN-00496,4.4,3.9,4.3,4.9,4.2,4.3,4.2,4.4,4.2,4.5,4.4,4.6,4.1
SYN-00497,3.7,3.8,4.0,3.6,4.1,4.2,3.5,3.7,3.7,4.6,3.7,4.3,3.5
SYN-00498,3.8,3.9,3.9,4.1,3.9,3.9,4.5,4.5,4.4,4.3,4.2,4.0,3.8
SYN-00499,4.0,3.5,3.6,4.2,4.5,4.0,4.2,3.8,3.5,4.1,4.1,3.9,3.8
SYN-00500,4.0,3.4,3.5,3.4,3.7,3.4,3.5,3.5,3.6,3.3,3.7,4.1,3.8
SYN-00501,5.0,4.9,4.8,4.5,4.5,4.8,4.4,4.0,4.7,4.2,4.2,4.5,4.5
SYN-00502,4.4,4.9,5.0,4.5,5.0,4.4,5.0,4.7,4.9,4.3,4.8,4.9,4.8
SYN-00503,3.5,3.4,4.0,3.7,4.2,3.6,3.6,4.0,3.2,3.3,4.0,3.4,3.2
SYN-00504,5.0,4.0,4.5,4.4,3.6,4.3,4.5,4.5,4.7,4.3,4.6,4.2,4.0
SYN-00505,3.6,3.5,4.3,3.5,4.1,3.9,3.9,4.4,3.8,4.2,4.0,3.9,4.7
SYN-00506,3.6,4.4,4.2,3.9,4.5,3.5,3.9,3.7,4.2,3.7,4.2,4.0,3.9
SYN-00507,4.1,3.9,3.7,4.8,3.8,3.3,3.7,3.6,4.2,4.1,4.1,3.9,3.9
SYN-00508,3.8,3.9,4.1,4.0,4.0,4.0,4.2,4.0,4.0,4.3,3.7,3.6,3.5
SYN-00509,4.3,3.7,4.4,4.2,4.6,4.0,4.2,4.6,4.6,4.0,4.3,4.3,4.3
SYN-00510,3.8,4.3,3.3,3.8,4.0,4.0,4.3,4.3,3.8,4.3,3.7,4.2,4.5
SYN-00511,4.7,4.3,4.2,3.8,4.4,4.0,4.1,3.9,4.2,4.3,4.4,4.1,4.6
SYN-00512,4.1,3.9,4.3,4.8,4.3,4.1,3.7,4.1,4.3,4.1,3.7,3.9,4.6
SYN-00513,4.5,3.9,4.3,3.8,4.5,4.2,4.4,3.6,4.3,4.1,4.4,4.4,4.1
SYN-00514,3.7,4.1,3.9,3.6,3.6,3.4,3.7,4.2,3.9,3.7,4.1,3.6,3.9
SYN-00515,3.9,4.2,3.5,3.7,3.5,3.9,4.4,3.8,3.8,4.3,4.3,4.0,4.2
SYN-00516,4.1,4.9,5.0,4.6,3.8,4.3,4.6,4.3,4.8,4.6,4.3,4.5,4.2
SYN-00517,4.3,4.2,4.7,5.0,3.9,3.8,4.3,3.9,4.4,4.6,4.8,4.4,4.3
SYN-00518,3.3,3.9,3.9,4.0,3.6,3.7,3.4,3.2,3.5,3.4,4.0,3.7,3.7
SYN-00519,3.9,3.3,4.7,3.9,4.1,3.8,4.5,4.3,4.0,4.1,4.7,4.2,4.2
SYN-00520,4.2,3.9,4.4,4.6,4.8,3.8,4.1,4.3,4.5,4.4,4.4,4.6,4.2
SYN-00521,3.9,3.7,3.5,4.1,4.1,3.9,2.7,4.1,3.9,4.2,4.0,4.1,3.9
SYN-00522,4.8,5.0,4.5,3.9,4.3,4.5,4.4,4.0,3.9,4.2,4.6,4.9,4.7
SYN-00523,4.3,3.9,3.4,3.8,3.9,3.8,4.0,4.1,4.2,3.9,3.4,3.8,4.0
SYN-00524,4.8,4.2,4.6,4.5,4.4,4.7,4.2,4.2,4.4,4.2,4.6,4.2,4.5
SYN-00525,3.9,4.0,3.8,3.8,4.0,4.0,3.9,4.4,3.6,3.9,3.5,4.0,3.6
SYN-00526,3.5,3.5,3.7,3.4,3.4,4.0,3.7,3.4,3.5,4.1,3.5,3.4,3.4
SYN-00527,3.5,3.5,3.2,3.3,3.4,3.8,3.5,3.6,4.0,4.0,3.5,3.4,3.4
SYN-00528,4.4,4.2,4.1,4.0,4.0,4.3,3.8,4.5,4.1,4.2,3.8,4.2,4.1
SYN-00529,4.3,4.7,4.3,4.1,4.1,4.5,4.7,4.4,4.5,4.5,4.7,3.7,4.5
SYN-00530,4.2,3.5,3.6,3.6,3.7,3.7,4.0,4.1,4.2,3.6,3.6,4.3,4.1
SYN-00531,4.4,4.6,4.4,4.6,4.3,4.5,4.0,4.2,4.2,4.3,4.1,4.3,4.0
SYN-00532,3.8,3.6,3.1,3.4,3.7,3.5,3.4,3.6,3.7,3.2,3.8,3.4,3.6
SYN-00533,4.2,4.0,3.9,4.1,4.7,3.8,4.7,4.1,4.2,3.9,3.9,4.0,3.9
SYN-00534,3.7,3.7,4.3,3.4,3.8,3.9,3.5,4.0,3.7,3.0,4.0,3.4,3.5
SYN-00535,4.2,3.9,4.2,4.3,3.8,4.2,3.7,4.6,3.8,4.3,4.2,4.1,3.8
SYN-00536,4.2,3.6,4.3,4.3,4.3,3.3,3.8,4.0,4.3,4.3,4.2,4.4,3.9
SYN-00537,4.1,4.0,4.0,3.8,4.4,4.0,3.6,4.0,4.1,3.7,4.2,4.0,3.2
SYN-00538,4.2,3.9,4.2,4.3,4.1,4.6,4.0,4.3,4.3,4.0,4.3,3.9,3.9
SYN-00539,4.2,4.6,4.6,4.9,4.8,4.5,4.2,4.7,4.9,4.8,4.9,4.5,4.4
SYN-00540,3.8,4.0,4.0,4.1,4.0,4.0,3.8,4.3,4.0,3.9,3.8,3.6,4.4
SYN-00541,4.7,4.0,4.7,4.8,4.5,5.0,4.6,4.1,4.6,4.6,4.3,4.7,4.0
SYN-00542,4.1,3.5,3.5,3.8,3.9,3.9,3.6,3.7,3.5,3.7,4.1,3.8,4.1
SYN-00543,4.8,4.2,4.3,5.0,4.8,3.9,4.5,4.4,4.6,4.2,4.1,4.2,4.2
SYN-00544,4.9,4.4,4.5,4.2,5.0,5.0,4.6,4.6,4.8,5.0,4.8,4.5,4.2
SYN-00545,3.0,3.4,3.1,3.4,3.2,3.0,3.0,3.8,3.6,3.9,3.5,3.2,3.7
SYN-00546,3.9,4.0,3.9,3.0,4.4,4.1,4.0,3.9,4.0,3.7,4.1,3.5,4.0
SYN-00547,4.6,4.3,4.5,4.1,4.1,4.5,4.6,3.8,4.6,4.2,4.3,4.0,4.1
SYN-00548,4.4,4.1,4.0,4.1,4.3,4.3,4.1,4.5,4.4,4.3,4.1,4.3,4.2
SYN-00549,4.6,4.6,4.0,4.0,4.1,4.6,3.9,4.4,4.4,4.7,4.4,3.9,4.0
SYN-00550,3.6,3.8,3.9,3.6,4.4,3.6,4.4,4.3,4.3,3.8,4.1,3.6,4.3
SYN-00551,4.2,4.1,3.9,3.5,3.9,4.6,4.1,4.2,4.4,4.8,4.6,3.9,3.6
SYN-00552,4.9,4.8,4.2,3.8,4.4,4.1,4.1,4.4,4.2,3.8,4.0,4.3,4.3
SYN-00553,4.7,4.9,4.5,4.7,3.6,4.5,4.8,4.5,4.5,4.3,4.9,4.8,4.9
SYN-00554,3.8,4.2,4.2,4.2,4.1,4.2,4.5,3.7,4.8,4.4,4.3,4.6,3.9
SYN-00555,4.1,4.3,4.7,4.3,4.5,4.1,4.5,4.8,4.6,4.3,4.5,4.5,4.5
SYN-00556,4.4,4.4,4.0,4.2,3.9,3.8,4.0,4.0,3.6,4.3,3.2,4.9,4.5
SYN-00557,4.0,4.0,4.1,3.9,4.1,4.0,4.0,4.1,3.6,4.0,4.1,4.1,4.0
SYN-00558,4.4,3.9,4.1,4.4,4.0,4.1,4.0,4.4,4.0,4.4,4.0,3.8,4.3
SYN-00559,4.2,4.5,3.5,4.3,4.2,4.0,4.2,4.2,4.3,3.9,4.4,4.7,4.4
SYN-00560,4.3,4.4,4.4,4.6,3.9,3.8,4.3,4.3,4.3,4.6,4.1,4.2,3.8
SYN-00561,4.9,4.2,4.2,4.2,4.1,4.1,4.1,3.9,4.1,4.9,4.5,4.6,4.7
SYN-00562,5.0,4.4,4.6,4.7,4.8,4.8,4.8,5.0,4.9,4.7,4.3,4.6,4.8
SYN-00563,4.4,4.2,4.4,4.2,4.5,4.2,4.3,4.1,4.5,4.2,4.8,4.6,4.5
SYN-00564,3.8,4.2,4.3,4.1,4.6,4.2,4.4,4.1,4.3,3.8,3.9,4.2,4.2
SYN-00565,4.8,5.0,4.2,4.3,4.7,4.4,5.0,4.8,4.6,4.5,4.5,4.6,4.7
SYN-00566,3.9,4.0,4.5,4.5,4.1,3.7,4.2,4.5,4.5,4.3,4.5,4.1,4.2
SYN-00567,3.3,3.6,3.9,3.3,3.2,3.5,3.4,3.7,3.4,4.0,3.1,3.9,3.3
SYN-00568,3.3,3.9,3.8,3.5,3.3,3.8,4.1,4.0,3.9,4.0,3.8,3.4,3.4
SYN-00569,3.5,3.5,3.8,3.8,3.7,3.5,3.1,3.7,3.7,2.8,3.3,3.3,3.6
SYN-00570,3.8,4.1,4.0,4.0,3.9,3.9,3.8,4.2,4.2,3.8,4.5,4.0,4.5
SYN-00571,4.0,3.6,4.3,4.3,4.2,4.0,4.2,4.1,4.1,4.5,4.3,4.4,4.1
SYN-00572,4.7,4.4,4.7,3.8,4.6,4.8,5.0,4.7,4.9,4.1,4.8,4.3,4.4
SYN-00573,4.3,4.7,4.4,4.3,4.3,4.1,4.2,4.4,3.9,4.5,4.2,4.6,4.6
SYN-00574,3.6,3.9,3.9,3.6,3.8,4.9,4.3,4.7,4.4,3.9,4.0,4.3,4.3
SYN-00575,4.3,4.0,5.0,4.4,4.4,4.5,4.4,4.5,4.9,4.5,4.1,4.4,4.4
SYN-00576,3.9,3.8,3.5,3.0,3.1,3.4,3.5,3.3,3.3,3.2,3.4,2.7,3.1
SYN-00577,4.1,4.6,4.0,4.3,4.4,4.7,4.7,4.3,4.1,4.1,4.2,4.2,4.4
SYN-00578,4.6,4.6,4.8,5.0,4.5,4.8,4.4,4.8,4.8,4.8,4.5,4.3,4.1
SYN-00579,3.7,4.1,3.6,3.9,3.9,3.6,4.1,2.8,3.3,3.4,3.4,3.8,3.8
SYN-00580,4.7,4.8,4.3,4.2,4.7,4.4,4.1,4.9,5.0,5.0,4.7,4.8,5.0
SYN-00581,4.1,4.7,4.4,4.6,4.4,4.7,4.4,3.9,4.8,4.0,4.7,4.3,4.7
SYN-00582,4.4,4.2,4.2,4.2,3.5,4.1,3.7,4.1,3.7,3.7,4.5,4.4,4.1
SYN-00583,4.5,4.3,4.6,4.2,4.7,4.3,4.3,4.4,4.2,4.5,4.3,4.6,4.8
SYN-00584,4.8,5.0,5.0,4.9,5.0,5.0,5.0,4.8,4.7,4.9,4.7,5.0,4.6
SYN-00585,5.0,4.7,4.3,4.5,3.8,5.0,4.1,4.2,3.7,4.4,3.9,4.3,4.1
SYN-00586,4.0,4.0,4.4,3.9,4.1,4.5,5.0,4.4,4.0,4.2,4.3,4.2,4.6
SYN-00587,4.1,4.3,3.9,4.4,4.0,3.7,4.7,3.5,3.8,3.9,4.8,4.6,4.5
SYN-00588,3.8,4.6,4.0,4.2,4.0,3.9,3.8,3.8,4.1,4.0,3.9,4.4,3.0
SYN-00589,4.6,4.7,4.8,4.5,4.6,4.8,4.9,4.4,4.6,5.0,3.9,4.3,4.9
SYN-00590,4.2,4.1,3.8,3.6,3.7,4.4,3.7,3.9,3.7,4.2,3.7,3.9,3.4
SYN-00591,3.7,4.2,3.8,4.9,3.6,4.0,4.2,4.1,3.9,3.9,3.9,4.1,4.8
SYN-00592,4.1,4.4,4.2,4.4,3.2,3.9,4.4,3.9,4.6,4.5,3.9,3.9,3.7
SYN-00593,4.2,4.0,4.5,3.9,4.5,4.6,3.9,4.8,4.5,4.6,4.1,4.6,4.7
SYN-00594,4.3,4.9,4.3,4.7,4.4,4.5,3.8,4.4,4.1,4.1,4.8,4.3,4.0
SYN-00595,4.5,4.2,5.0,4.4,4.7,5.0,4.4,4.7,4.3,5.0,4.8,4.5,4.3
SYN-00596,4.0,3.9,4.6,3.7,4.1,4.0,4.0,4.0,4.0,4.3,4.2,4.1,3.1
SYN-00597,4.2,3.6,4.3,4.5,3.8,4.0,3.9,4.5,4.1,4.6,4.2,4.2,4.1
SYN-00598,4.1,3.3,3.9,3.8,4.1,3.8,3.5,3.9,3.5,3.3,4.1,4.0,4.0
SYN-00599,4.4,3.8,3.6,4.0,3.9,3.8,4.0,3.9,3.5,3.9,3.7,4.1,3.8
SYN-00600,4.7,4.8,4.5,3.9,4.8,4.8,4.3,4.7,4.2,3.8,4.1,4.9,3.9
SYN-00601,4.5,4.5,4.3,4.3,4.5,4.3,4.0,4.5,4.8,4.7,4.2,4.1,4.4
SYN-00602,4.3,4.1,4.1,4.1,4.0,3.9,4.1,3.7,3.5,4.1,4.2,3.5,4.1
SYN-00603,5.0,4.5,4.3,4.5,4.3,4.3,4.6,4.0,4.1,4.5,4.5,4.6,5.0
SYN-00604,4.7,4.9,4.4,4.9,4.5,4.7,4.6,5.0,4.3,4.0,4.6,4.8,4.7
SYN-00605,4.7,4.5,4.2,3.6,4.3,4.7,4.2,4.4,4.5,4.0,4.5,4.8,4.3
SYN-00606,4.5,4.8,4.2,5.0,5.0,5.0,4.8,5.0,4.6,4.7,4.4,4.8,4.8
SYN-00607,4.0,3.7,4.0,3.8,3.8,4.0,3.9,4.2,3.9,3.8,3.9,3.7,3.8
SYN-00608,4.4,3.5,3.7,3.6,3.7,3.7,3.8,3.3,4.1,4.0,3.4,3.1,3.5
SYN-00609,3.5,4.4,3.7,3.0,3.4,3.6,3.7,3.2,3.5,3.4,3.2,3.7,3.8
SYN-00610,5.0,4.9,4.6,4.9,4.8,4.8,4.5,4.6,4.7,5.0,4.8,4.5,4.5
SYN-00611,4.3,5.0,4.3,4.7,4.3,4.5,4.7,4.3,4.2,4.9,4.7,4.7,4.7
SYN-00612,4.3,4.8,4.2,4.4,3.7,3.9,3.8,4.6,3.4,4.1,3.3,3.9,4.0
SYN-00613,4.7,4.4,4.0,4.6,4.3,4.3,3.9,4.0,4.1,4.3,4.3,4.8,4.4
SYN-00614,3.0,3.9,3.4,3.5,3.6,3.6,3.4,3.9,3.4,3.9,4.5,3.4,3.7
SYN-00615,4.2,4.9,5.0,5.0,5.0,5.0,5.0,5.0,4.8,4.6,4.9,4.7,5.0
SYN-00616,3.9,4.2,4.5,4.2,4.0,4.6,3.7,4.1,4.2,4.3,4.3,4.4,4.2
SYN-00617,4.1,4.1,4.1,4.5,4.0,4.5,4.2,4.1,4.4,4.0,4.4,4.3,4.1
SYN-00618,4.6,4.6,4.8,4.7,4.6,4.1,5.0,4.0,4.7,4.6,4.1,4.4,4.4
SYN-00619,4.8,4.2,4.3,3.7,4.9,4.0,4.5,4.3,4.3,4.6,4.9,4.4,4.6
SYN-00620,4.4,4.6,4.1,4.6,4.6,4.6,4.1,4.2,4.4,3.9,4.8,4.3,4.4
SYN-00621,3.8,3.5,3.7,4.0,4.1,4.0,4.0,3.8,4.1,4.4,4.1,4.2,4.0
SYN-00622,3.9,4.1,4.5,4.4,4.5,4.9,4.6,4.7,4.4,4.1,4.3,4.1,4.8
SYN-00623,5.0,5.0,5.0,4.3,5.0,4.5,4.9,4.8,5.0,4.9,5.0,4.7,5.0
SYN-00624,4.7,4.2,4.4,4.6,5.0,4.8,4.3,4.6,5.0,4.7,4.6,4.8,4.9
SYN-00625,4.6,4.9,4.7,5.0,4.8,4.9,4.5,4.5,5.0,4.7,4.8,4.7,5.0
SYN-00626,3.8,4.0,4.3,4.4,3.9,4.6,4.1,3.7,4.1,3.9,4.2,4.0,4.0
SYN-00627,3.6,4.2,3.5,3.5,4.0,4.3,3.7,4.1,4.2,4.1,3.8,3.5,3.2
SYN-00628,4.1,4.5,3.8,4.4,3.9,4.2,4.4,4.0,4.2,4.0,4.4,4.2,4.2
SYN-00629,4.7,4.4,4.0,4.2,4.2,4.2,5.0,4.3,3.6,4.1,3.6,4.1,3.6
SYN-00630,4.3,4.1,4.7,4.6,4.7,4.6,4.2,4.7,5.0,4.7,4.5,4.2,4.3
SYN-00631,3.7,3.9,3.7,3.8,3.8,3.8,3.4,3.7,3.4,3.6,3.7,4.1,3.2
SYN-00632,4.9,5.0,5.0,5.0,4.9,5.0,4.4,4.3,4.7,4.1,5.0,5.0,4.6
SYN-00633,4.0,4.1,4.2,4.2,4.3,4.1,4.4,4.3,4.0,4.5,3.7,4.1,4.4
SYN-00634,3.8,4.1,4.2,3.8,4.0,4.0,3.9,4.7,3.8,4.4,3.9,3.7,4.1
SYN-00635,4.0,4.1,4.3,4.7,3.9,3.6,4.0,3.8,4.1,3.5,4.6,4.1,3.3
SYN-00636,3.4,3.9,4.0,3.2,3.8,3.0,3.6,4.0,3.5,3.2,3.7,3.4,3.8
SYN-00637,4.2,4.3,3.9,4.5,4.4,4.1,4.5,4.8,4.4,4.6,4.6,4.1,5.0
SYN-00638,4.1,4.4,4.5,4.2,4.4,4.3,3.8,4.1,4.0,4.1,3.8,4.6,4.7
SYN-00639,4.0,4.1,3.6,3.6,3.5,3.9,3.8,3.7,4.1,3.9,3.5,3.5,4.0
SYN-00640,4.1,3.9,4.3,4.2,3.9,3.5,3.4,3.6,4.0,4.3,3.9,4.1,3.7
SYN-00641,4.3,4.3,3.5,4.0,4.4,4.2,3.7,3.4,4.0,4.1,3.8,4.1,4.2
SYN-00642,5.0,4.1,4.4,4.7,5.0,4.9,4.9,4.7,4.7,4.6,5.0,4.5,5.0
SYN-00643,4.2,4.1,3.9,3.7,3.9,4.0,3.4,4.0,4.4,4.3,4.0,4.1,3.9
SYN-00644,3.7,4.1,4.0,3.8,3.5,3.9,3.2,3.6,3.8,3.9,3.9,3.8,3.6
SYN-00645,4.3,3.8,3.9,4.1,4.2,3.6,4.3,4.3,4.1,4.8,3.9,4.0,4.0
SYN-00646,4.1,4.0,3.7,3.9,4.1,4.5,4.8,4.5,3.9,3.9,4.1,4.6,4.1
SYN-00647,2.9,3.1,3.5,3.5,3.2,3.5,2.6,3.3,3.5,3.0,3.0,2.7,3.7
SYN-00648,4.0,4.3,4.4,4.6,4.1,4.0,4.2,4.6,4.1,3.9,3.7,3.8,4.4
SYN-00649,4.0,3.9,3.9,4.1,4.0,4.0,4.5,4.6,3.6,4.2,3.9,4.0,4.2
SYN-00650,4.4,4.5,4.6,4.5,4.2,4.3,4.0,4.2,5.0,4.2,4.1,4.5,4.4
SYN-00651,4.8,5.0,5.0,4.7,4.7,4.7,5.0,4.8,4.3,4.8,4.4,5.0,4.6
SYN-00652,4.5,4.7,4.5,4.5,4.7,5.0,4.8,5.0,4.3,4.7,4.6,4.7,5.0
SYN-00653,4.0,4.0,4.3,3.6,4.0,4.1,3.8,4.4,3.8,4.1,4.2,4.5,4.1
SYN-00654,4.1,4.0,3.8,3.5,3.4,3.8,3.6,4.1,4.0,3.8,3.5,4.0,3.5
SYN-00655,4.8,4.7,5.0,5.0,5.0,4.9,4.5,5.0,4.8,5.0,4.9,5.0,5.0
SYN-00656,4.2,4.4,4.9,4.5,4.2,4.2,4.1,3.9,4.1,4.0,4.4,3.9,4.6
SYN-00657,4.4,4.2,4.2,4.0,4.3,4.5,4.0,3.7,4.4,4.3,3.9,4.0,3.9
SYN-00658,4.0,4.1,4.1,4.0,4.0,4.1,4.2,4.1,4.5,4.3,3.7,4.3,4.4
SYN-00659,4.1,3.8,4.3,4.3,3.9,3.8,4.2,4.2,4.1,4.2,3.9,4.1,4.4
SYN-00660,4.0,3.6,4.0,3.8,4.2,4.2,3.7,4.4,3.8,4.6,4.1,3.8,3.8
SYN-00661,4.1,3.9,4.0,4.5,3.8,4.0,4.4,4.1,3.5,4.2,3.7,4.4,3.8
SYN-00662,4.9,4.4,3.8,4.0,4.2,4.2,4.1,4.4,4.0,3.9,3.9,4.3,4.1
SYN-00663,4.3,4.4,3.6,4.3,4.3,4.7,3.7,4.7,4.2,4.3,4.7,4.4,4.3
SYN-00664,4.1,3.9,4.0,3.8,4.0,3.3,4.1,4.0,3.9,4.1,3.6,4.6,4.0
SYN-00665,3.9,3.7,4.0,4.4,4.3,4.2,4.1,3.8,3.5,3.9,3.9,4.3,4.0
SYN-00666,4.7,4.6,4.1,3.7,4.7,4.6,3.8,4.7,4.4,4.3,4.7,4.6,4.4
SYN-00667,4.3,4.3,4.0,4.1,3.8,4.0,4.0,3.9,4.2,4.0,4.3,3.6,4.1
SYN-00668,4.8,4.6,4.7,4.3,4.8,4.9,4.9,5.0,4.8,4.9,4.8,4.9,4.3
SYN-00669,3.0,3.7,2.5,3.2,3.6,3.2,3.2,3.3,3.2,3.3,3.1,3.6,3.7
SYN-00670,4.5,4.2,4.4,4.5,4.7,4.3,4.4,4.7,4.9,4.4,4.2,5.0,4.8
SYN-00671,4.6,4.9,4.6,4.9,4.7,4.7,4.6,4.2,5.0,4.4,4.2,4.6,4.3
SYN-00672,3.5,3.7,3.8,3.7,3.4,3.5,3.6,2.9,3.6,3.0,4.1,3.4,3.4
SYN-00673,3.8,3.9,4.8,4.4,3.6,4.5,4.4,4.0,4.2,4.1,4.7,3.8,4.1
SYN-00674,3.9,3.6,4.7,3.7,4.1,3.5,4.0,4.2,3.8,4.2,4.0,4.4,4.5
SYN-00675,3.5,3.7,3.8,3.9,3.7,3.8,3.6,3.7,4.1,3.9,3.9,3.9,3.7
SYN-00676,4.0,3.6,4.3,3.1,3.9,4.3,3.5,4.0,3.7,3.8,4.2,4.0,3.3
SYN-00677,3.5,4.1,3.9,4.3,4.3,3.7,4.6,3.8,3.5,3.6,3.1,4.3,4.3
SYN-00678,4.5,4.7,4.8,4.5,4.3,4.8,4.7,4.7,4.9,5.0,4.7,4.9,5.0
SYN-00679,4.7,4.3,4.6,4.7,4.2,4.9,5.0,4.3,4.6,4.7,4.4,4.7,4.6
SYN-00680,4.2,4.8,4.3,4.9,4.4,4.6,5.0,4.8,4.3,4.3,4.5,4.8,4.8
SYN-00681,4.2,4.1,4.5,4.4,5.0,4.5,5.0,4.1,4.0,4.1,4.8,5.0,4.2
SYN-00682,3.7,3.5,3.3,4.0,3.9,3.8,3.4,4.3,3.7,4.0,3.4,3.7,3.9
SYN-00683,4.1,4.1,4.2,3.7,4.1,4.1,4.1,4.0,3.6,3.6,3.4,4.3,4.3
SYN-00684,4.6,4.5,3.7,4.1,4.4,4.4,4.3,4.5,4.4,4.4,4.2,4.7,4.2
SYN-00685,3.4,3.5,3.7,4.1,3.8,3.7,3.4,4.0,3.6,3.7,4.2,3.9,3.3
SYN-00686,3.9,4.4,4.1,4.6,4.5,4.5,4.2,5.0,5.0,4.4,4.6,4.5,4.4
SYN-00687,3.9,3.8,3.8,4.2,4.0,3.3,4.2,4.1,4.5,4.2,3.7,3.4,3.9
SYN-00688,3.9,4.4,4.1,4.4,3.7,4.4,4.3,3.5,4.5,4.1,4.2,3.8,4.5
SYN-00689,4.1,4.7,4.7,4.2,5.0,4.5,4.6,4.0,5.0,4.1,4.8,4.2,4.3
SYN-00690,4.6,4.7,4.0,4.7,4.7,4.1,4.8,3.9,4.2,4.5,4.1,4.4,4.4
SYN-00691,4.0,4.3,4.0,4.1,4.4,4.3,4.3,3.7,4.2,3.8,3.7,4.1,3.8
SYN-00692,4.8,4.9,4.0,4.4,4.2,4.5,4.7,4.5,4.4,5.0,3.9,5.0,4.4
SYN-00693,3.8,3.7,4.3,3.5,3.8,4.0,3.3,3.5,3.8,3.6,3.6,3.7,4.0
SYN-00694,4.3,4.7,4.1,4.0,5.0,4.2,4.0,3.9,4.7,4.3,4.3,4.4,4.7
SYN-00695,4.4,5.0,4.4,4.7,4.6,4.4,4.2,4.5,4.6,4.2,4.5,4.8,5.0
SYN-00696,4.3,4.7,3.9,4.3,4.5,3.8,3.9,4.6,3.8,3.7,4.6,4.5,4.2
SYN-00697,4.3,4.2,4.4,4.8,4.4,5.0,4.0,4.3,4.2,4.0,4.3,4.4,4.5
SYN-00698,4.4,3.9,4.1,3.8,4.3,4.5,3.9,3.5,3.6,3.8,3.9,4.0,3.9
SYN-00699,4.5,4.3,4.6,5.0,4.8,4.7,4.8,4.4,4.4,4.3,4.5,4.4,4.9
SYN-00700,4.0,3.9,4.7,4.0,4.2,4.3,3.8,4.5,4.3,4.6,3.9,4.2,4.1
SYN-00701,4.1,3.6,4.1,3.6,4.1,3.4,3.5,4.3,3.9,3.7,4.4,4.1,4.3
SYN-00702,4.5,5.0,4.4,5.0,4.5,4.1,4.7,4.7,4.3,4.3,4.6,4.7,3.8
SYN-00703,4.3,3.8,3.6,4.2,3.9,4.3,4.1,4.0,3.9,4.1,3.8,3.7,4.1
SYN-00704,3.7,3.7,4.0,3.7,3.7,3.5,3.8,3.8,4.0,3.5,3.6,3.9,3.8
SYN-00705,3.4,4.0,3.1,3.9,3.3,4.2,3.2,4.0,3.6,3.5,3.7,3.8,3.4
SYN-00706,4.2,4.6,3.9,4.2,5.0,4.1,4.8,4.2,4.6,4.6,4.8,4.4,5.0
SYN-00707,3.6,3.8,3.8,3.4,3.7,3.8,3.6,4.5,3.5,4.1,4.0,3.7,3.5
SYN-00708,4.6,4.7,4.3,4.5,4.4,5.0,5.0,5.0,5.0,4.9,5.0,4.6,4.8
SYN-00709,3.7,3.1,4.4,3.5,3.5,3.8,3.7,3.5,3.5,3.0,3.3,3.6,3.6
SYN-00710,5.0,4.8,4.4,5.0,5.0,5.0,4.7,5.0,5.0,4.8,4.4,4.6,5.0
SYN-00711,3.8,4.3,4.4,4.7,4.7,4.5,3.6,4.6,4.5,4.4,3.8,4.0,3.9
SYN-00712,3.6,4.2,3.9,5.0,4.1,4.6,3.7,4.0,4.2,3.9,4.0,4.1,4.1
SYN-00713,4.6,4.1,4.2,4.2,4.2,4.0,3.9,4.1,4.4,4.3,3.9,4.2,4.0
SYN-00714,4.3,4.2,4.3,4.7,4.4,4.4,3.9,4.2,4.3,4.1,4.3,4.2,4.4
SYN-00715,4.2,3.9,4.1,4.2,4.5,4.3,4.0,4.3,4.7,4.5,4.4,4.4,4.6
SYN-00716,4.9,4.8,4.9,4.3,4.1,4.6,4.6,4.4,4.8,4.0,4.4,4.4,4.1
SYN-00717,4.7,3.8,4.1,4.5,4.4,3.9,4.4,4.3,4.9,4.4,4.2,4.0,4.0
SYN-00718,4.0,4.7,4.3,4.4,4.7,3.5,4.6,4.3,4.4,4.0,4.0,4.4,5.0
SYN-00719,4.4,4.5,4.0,3.9,3.8,3.9,3.5,3.9,3.9,4.0,4.1,4.2,4.1
SYN-00720,4.0,3.6,4.0,3.9,4.3,4.5,4.5,4.4,4.1,4.0,4.0,3.7,4.5
SYN-00721,4.3,3.9,4.1,4.0,4.3,4.6,4.2,3.6,4.3,4.3,4.2,4.1,4.4
SYN-00722,3.6,3.6,3.7,3.5,3.5,4.0,3.8,3.8,4.0,3.8,3.9,3.1,3.7
SYN-00723,3.7,4.2,4.0,3.5,3.8,3.8,3.9,3.4,3.8,3.7,3.8,3.5,3.6
SYN-00724,4.8,4.1,4.2,4.4,4.2,4.2,4.5,4.0,4.2,5.0,4.6,4.2,4.6
SYN-00725,4.4,4.6,4.2,4.6,3.6,3.9,4.3,4.4,4.0,4.3,4.1,4.2,4.6
SYN-00726,4.4,3.8,3.8,4.0,4.1,3.9,4.4,4.2,4.3,3.8,4.5,3.3,4.4
SYN-00727,4.5,4.1,4.6,4.2,4.2,4.3,5.0,4.6,4.4,3.9,4.2,4.0,4.5
SYN-00728,4.4,4.0,4.3,4.1,4.4,4.1,4.3,4.5,4.3,4.2,4.4,4.5,4.0
SYN-00729,4.1,4.4,4.2,4.0,4.2,4.1,4.2,3.4,3.5,4.3,3.6,4.1,3.9
SYN-00730,3.6,4.0,4.0,4.6,3.7,4.4,4.0,3.7,4.2,4.1,3.9,4.0,3.7
SYN-00731,4.0,4.5,4.2,4.2,4.4,4.3,3.8,4.7,4.3,4.2,4.4,4.3,4.5
SYN-00732,4.0,4.1,4.3,4.1,3.8,3.5,4.4,3.8,3.7,3.3,4.0,3.9,3.4
SYN-00733,4.5,4.2,5.0,4.2,4.2,4.1,4.7,4.2,4.1,4.6,3.9,4.5,4.9
SYN-00734,3.8,3.8,3.9,4.1,4.0,3.7,3.9,3.3,3.8,3.3,3.5,2.7,3.7
SYN-00735,4.4,4.9,4.7,4.9,4.2,4.9,5.0,4.8,4.8,4.6,4.4,4.8,4.1
SYN-00736,4.2,3.8,4.2,4.6,4.5,4.4,4.4,3.8,4.3,4.2,4.2,4.5,4.1
SYN-00737,4.1,3.7,4.2,4.0,4.3,4.0,4.3,4.2,4.8,4.4,3.7,3.9,4.3
SYN-00738,4.3,3.7,4.9,4.8,4.7,4.4,4.7,4.3,4.6,4.3,5.0,4.1,4.9
SYN-00739,4.8,4.6,4.8,5.0,5.0,4.9,4.5,4.8,5.0,5.0,5.0,5.0,5.0
SYN-00740,4.9,4.4,4.1,4.6,4.3,4.2,4.3,5.0,4.6,4.7,4.2,4.0,4.3
SYN-00741,4.0,3.7,3.7,3.8,3.4,4.0,3.4,4.0,3.7,3.0,3.3,3.0,3.9
SYN-00742,3.7,3.1,3.9,3.6,3.3,4.3,3.8,3.7,3.6,3.3,3.4,4.1,3.6
SYN-00743,4.0,3.4,3.6,4.2,4.1,4.5,4.4,3.9,4.1,3.9,4.6,4.3,4.0
SYN-00744,4.3,4.6,4.4,4.7,3.6,4.3,4.1,4.7,4.7,4.2,4.7,4.7,4.2
SYN-00745,5.0,4.4,4.3,4.6,4.3,4.4,4.8,4.4,3.9,4.5,4.2,4.6,4.6
SYN-00746,4.4,4.2,4.3,3.7,4.2,4.5,3.7,4.5,3.8,3.7,4.0,4.2,4.2
SYN-00747,4.0,4.4,4.1,3.8,4.0,4.0,4.4,4.6,3.8,4.4,3.9,4.5,4.1
SYN-00748,3.6,4.2,3.8,3.8,3.3,4.2,4.2,3.9,3.5,4.3,3.7,3.8,4.6
SYN-00749,3.8,4.2,4.2,4.1,4.1,4.1,4.1,4.0,4.4,3.6,4.3,4.2,4.2
SYN-00750,4.0,3.7,3.1,3.7,3.4,3.5,3.3,3.6,3.5,3.0,3.9,4.4,3.9
SYN-00751,3.8,3.9,3.8,3.9,3.9,3.6,4.4,3.4,4.1,3.8,4.4,4.0,3.8
SYN-00752,3.7,3.7,3.4,3.5,3.2,3.5,3.8,3.8,3.1,3.7,3.9,3.7,3.5
SYN-00753,3.7,3.7,3.7,3.9,4.6,3.6,3.8,3.8,3.7,4.2,3.1,3.7,4.1
SYN-00754,4.5,4.3,4.7,4.8,4.6,4.3,4.7,4.4,4.8,5.0,3.8,4.6,4.0
SYN-00755,4.6,3.7,4.1,3.9,3.6,3.6,4.3,4.2,4.5,3.9,4.0,3.8,3.8
SYN-00756,4.7,5.0,4.8,5.0,5.0,5.0,5.0,5.0,5.0,5.0,5.0,5.0,4.9
SYN-00757,4.4,4.0,4.5,4.5,4.4,4.7,4.0,4.9,4.6,4.4,4.3,4.5,4.8
SYN-00758,4.3,4.3,4.3,4.8,4.2,4.3,4.7,4.3,4.6,4.0,4.2,4.7,4.1
SYN-00759,3.9,4.0,3.6,3.8,3.9,3.9,4.3,4.4,3.6,3.9,4.1,4.4,4.1
SYN-00760,4.5,4.6,4.6,4.2,4.5,4.9,4.4,4.5,4.4,3.8,4.5,4.5,4.3
SYN-00761,3.7,3.7,4.2,4.6,4.4,3.6,4.3,3.8,3.8,3.9,4.2,4.3,4.0
SYN-00762,4.2,4.4,4.4,4.6,3.9,4.2,3.9,4.2,4.2,4.2,4.0,3.8,3.6
SYN-00763,5.0,4.9,4.8,5.0,4.7,5.0,5.0,4.4,5.0,4.9,4.1,4.6,5.0
SYN-00764,4.8,4.4,4.3,4.2,4.7,4.8,4.0,3.6,3.5,4.6,4.2,4.2,3.6
SYN-00765,4.4,4.5,4.7,4.5,4.3,4.4,5.0,4.7,4.8,4.3,3.7,4.4,4.3
SYN-00766,4.1,4.9,4.2,4.8,4.1,3.8,4.1,4.5,4.5,3.8,4.0,3.5,4.2
SYN-00767,4.7,4.2,4.0,4.3,4.3,4.2,4.2,4.1,4.5,4.4,3.9,3.9,4.1
SYN-00768,5.0,4.9,4.6,4.9,4.7,5.0,4.9,4.7,4.9,5.0,4.6,4.9,4.8
SYN-00769,4.1,3.8,4.0,4.3,3.7,3.6,3.6,3.6,4.2,3.6,3.9,4.2,4.1
SYN-00770,4.7,4.9,4.9,4.8,4.8,5.0,5.0,5.0,4.7,4.8,4.4,4.6,5.0
SYN-00771,4.3,5.0,4.1,4.1,4.3,4.4,4.7,4.6,4.3,4.4,4.4,4.2,4.2
SYN-00772,4.3,3.5,4.5,3.9,3.8,4.2,4.4,4.3,4.2,4.3,3.5,3.8,3.7
SYN-00773,4.8,4.3,4.7,4.6,4.2,4.2,4.8,4.2,4.5,4.2,4.3,4.4,4.2
SYN-00774,4.3,4.6,4.3,4.3,4.3,4.5,4.8,5.0,4.3,5.0,4.2,4.9,4.3
SYN-00775,4.2,4.2,4.4,4.6,4.6,4.1,4.1,4.1,4.4,4.4,4.1,4.5,5.0
SYN-00776,3.5,3.5,3.8,3.5,3.9,3.4,4.2,3.8,3.5,3.5,3.5,4.1,3.3
SYN-00777,3.7,3.8,3.9,3.9,3.5,3.8,3.9,3.8,4.2,4.2,3.9,4.0,3.3
SYN-00778,4.0,4.4,4.0,3.9,4.8,4.7,4.3,4.5,3.4,3.9,4.0,4.0,4.0
SYN-00779,3.4,4.3,4.3,4.7,3.9,3.9,3.4,4.1,4.4,4.0,4.8,4.1,4.2
SYN-00780,4.0,4.5,3.8,4.6,4.6,4.8,4.1,4.5,4.6,4.5,4.2,3.7,4.5
SYN-00781,4.2,4.1,4.5,4.2,3.9,3.7,3.9,5.0,4.5,4.3,4.2,4.2,4.6
SYN-00782,3.6,3.9,3.6,4.3,4.0,4.1,3.6,4.1,3.6,3.8,4.2,3.4,3.8
SYN-00783,4.5,4.5,4.2,5.0,3.9,4.8,4.7,4.9,3.9,4.1,4.8,3.8,3.9
SYN-00784,4.3,4.5,4.9,4.4,4.2,4.5,4.6,4.5,4.4,3.8,4.1,4.8,4.5
SYN-00785,4.3,4.7,4.1,4.3,4.4,4.3,4.4,4.3,4.0,4.5,4.0,4.4,4.8
SYN-00786,4.5,4.2,4.5,4.3,4.8,4.5,5.0,4.9,4.5,4.8,4.5,4.6,4.5
SYN-00787,4.7,4.9,4.7,4.8,4.8,4.7,4.2,5.0,5.0,4.4,4.4,4.7,4.7
SYN-00788,4.3,4.0,4.5,4.5,4.6,4.5,4.3,4.7,4.4,4.2,4.3,3.8,4.3
SYN-00789,4.4,4.3,4.6,4.1,4.3,4.4,4.9,4.2,3.9,4.4,4.7,4.1,4.4
SYN-00790,4.0,3.9,3.7,3.4,3.6,3.8,3.9,3.7,3.5,3.8,3.9,3.7,3.4
SYN-00791,4.3,4.6,3.9,3.7,4.8,4.5,4.5,4.0,4.6,4.4,3.9,4.8,4.4
SYN-00792,4.2,4.2,3.7,4.5,4.4,4.2,4.7,3.9,4.1,4.0,4.2,4.3,4.4
SYN-00793,4.2,4.0,4.8,5.0,4.3,4.1,4.7,3.9,4.2,4.1,3.9,4.2,4.0
SYN-00794,3.8,3.8,3.6,3.6,3.7,4.0,3.7,4.0,3.9,3.9,4.2,3.4,3.6
SYN-00795,4.4,3.7,3.0,3.8,3.9,3.0,4.2,3.6,3.9,3.8,3.4,3.5,3.5
SYN-00796,4.9,4.5,4.4,4.3,4.9,5.0,4.9,4.7,4.7,4.2,4.5,4.4,4.0
SYN-00797,4.5,4.0,4.5,4.5,4.4,4.4,4.0,4.7,4.2,4.3,4.0,3.9,4.3
SYN-00798,4.5,4.2,4.0,4.1,4.8,4.3,4.3,4.9,4.1,4.2,4.2,4.9,5.0
SYN-00799,4.4,4.4,4.0,4.8,4.3,4.5,4.2,4.1,4.7,4.4,4.6,4.3,4.0
SYN-00800,4.0,4.2,4.0,3.9,4.6,4.0,4.3,4.3,4.0,4.6,3.9,4.3,4.3
SYN-00801,4.5,4.1,4.8,4.8,4.3,4.7,4.6,4.1,4.3,4.9,4.6,4.4,4.3
SYN-00802,3.9,3.9,3.8,3.5,4.4,4.3,3.6,4.1,3.7,3.9,3.9,3.9,4.6
SYN-00803,4.1,4.0,4.0,4.5,3.7,4.0,4.7,4.3,4.3,4.9,4.3,4.0,4.1
SYN-00804,3.7,4.4,4.2,4.4,4.4,3.9,3.8,4.0,3.8,4.1,4.4,4.0,4.1
SYN-00805,4.0,4.3,3.8,3.4,4.2,4.3,4.2,3.9,3.7,4.2,4.1,4.0,4.6
SYN-00806,3.8,4.6,4.1,3.5,4.0,4.4,4.0,3.6,4.0,3.8,4.2,4.3,3.8
SYN-00807,4.1,4.5,4.0,4.0,3.9,4.4,4.4,4.1,4.3,4.7,4.0,3.7,4.4
SYN-00808,4.0,3.8,4.2,4.3,3.4,3.8,4.7,4.2,4.2,4.4,4.0,4.3,4.2
SYN-00809,4.8,4.5,4.7,4.5,4.6,4.3,4.4,4.6,4.4,4.5,4.6,4.8,4.9
SYN-00810,3.7,4.3,4.2,4.0,3.9,4.0,4.2,4.3,4.3,3.9,4.1,4.3,3.7
SYN-00811,4.0,4.1,4.4,4.4,4.1,3.7,4.2,3.9,3.7,3.8,4.2,4.5,4.1
SYN-00812,4.1,4.4,3.6,4.2,4.0,4.2,3.9,3.8,4.1,4.5,4.3,3.9,3.6
SYN-00813,4.2,5.0,4.4,4.6,5.0,4.2,5.0,4.6,4.4,4.6,4.5,4.8,4.5
SYN-00814,3.7,4.2,3.9,4.3,3.9,4.1,4.3,4.2,4.3,4.5,3.9,4.2,3.3
SYN-00815,4.6,4.5,4.3,4.7,4.9,4.4,4.3,4.6,4.2,4.4,4.9,4.6,4.0
SYN-00816,3.1,3.7,3.9,3.2,3.8,4.1,4.2,3.8,3.8,3.0,4.3,3.5,3.4
SYN-00817,4.2,4.7,5.0,4.3,4.6,4.3,4.0,4.7,4.1,4.8,4.7,4.5,4.8
SYN-00818,5.0,4.5,4.3,4.0,5.0,4.4,4.9,4.3,5.0,4.3,4.2,4.4,4.4
SYN-00819,4.4,4.2,4.4,4.1,4.0,4.1,4.8,4.3,3.6,4.1,4.3,4.8,4.5
SYN-00820,4.3,5.0,4.6,4.9,4.2,3.9,4.2,3.6,5.0,4.6,4.3,4.7,4.6
SYN-00821,4.2,4.4,3.9,3.8,4.3,4.3,4.0,4.7,3.9,3.7,4.1,3.8,4.2
SYN-00822,4.4,4.6,5.0,4.6,4.5,5.0,4.4,4.5,4.9,5.0,5.0,4.5,4.9
SYN-00823,4.9,4.8,5.0,4.8,5.0,5.0,4.7,5.0,5.0,4.4,5.0,4.8,5.0
SYN-00824,3.6,4.0,4.2,4.1,4.3,3.6,4.6,4.2,4.5,4.3,4.1,3.7,3.9
SYN-00825,4.5,4.5,3.9,3.2,4.0,4.0,4.0,4.2,4.3,4.3,4.2,3.5,3.9
SYN-00826,5.0,4.8,4.8,4.8,4.8,4.0,4.6,4.7,5.0,4.7,4.2,4.8,4.5
SYN-00827,4.4,4.5,4.9,5.0,4.9,4.9,4.9,4.8,5.0,4.0,4.8,4.4,5.0
SYN-00828,4.0,4.0,3.6,4.3,4.2,4.2,3.8,3.8,4.1,3.8,4.1,3.4,3.9
SYN-00829,4.6,4.2,4.1,4.6,3.4,3.8,3.9,4.3,4.3,3.8,4.4,3.9,4.4
SYN-00830,3.8,4.1,4.0,4.4,3.9,4.1,4.3,4.3,4.4,4.2,4.0,4.0,4.1
SYN-00831,3.8,3.7,3.7,3.3,3.9,3.8,4.0,3.7,3.2,3.6,3.7,4.0,3.1
SYN-00832,3.9,4.0,3.7,3.9,3.7,3.7,3.8,3.7,4.1,3.7,3.6,4.4,4.2
SYN-00833,3.3,3.6,3.9,3.9,3.4,4.2,4.1,4.0,4.3,4.0,4.0,4.3,4.2
SYN-00834,3.7,4.1,3.7,4.1,4.1,3.5,3.9,4.0,3.8,4.0,4.2,3.9,4.0
SYN-00835,4.6,4.3,4.2,3.9,4.4,4.3,4.6,4.2,3.6,3.7,4.4,4.0,4.3
SYN-00836,4.3,4.2,4.3,4.0,4.3,4.1,4.2,4.2,4.2,4.6,4.2,4.6,4.7
SYN-00837,5.0,4.9,4.8,5.0,4.8,5.0,4.9,4.6,5.0,4.8,4.7,4.6,4.8
SYN-00838,4.1,4.1,4.0,4.0,4.2,3.8,3.5,4.2,3.7,3.6,3.3,4.0,3.4
SYN-00839,4.3,4.7,4.8,4.3,4.5,4.3,4.4,4.6,4.4,4.5,4.1,4.9,4.7
SYN-00840,4.4,4.5,3.9,4.0,3.6,5.0,4.1,4.4,3.8,4.4,4.7,4.1,3.8
SYN-00841,4.1,3.5,4.2,4.4,4.2,4.1,4.3,4.4,3.7,4.2,4.9,3.8,4.2
SYN-00842,5.0,4.8,4.3,4.5,4.4,4.2,4.4,4.4,4.5,4.2,4.1,4.4,5.0
SYN-00843,3.8,3.7,4.0,3.8,4.4,3.8,4.0,3.6,4.0,3.9,3.8,3.7,3.6
SYN-00844,4.4,4.5,4.3,4.4,4.3,4.4,4.3,4.3,5.0,4.4,4.5,4.5,4.3
SYN-00845,4.6,4.2,4.6,4.2,4.0,4.4,3.9,4.4,3.9,4.2,3.8,5.0,3.8
SYN-00846,4.4,4.7,4.7,4.6,4.3,4.8,4.6,4.4,4.4,4.3,4.1,4.7,4.8
SYN-00847,4.0,4.3,4.3,4.3,4.3,4.6,4.1,4.0,4.7,4.2,3.9,4.2,4.2
SYN-00848,5.0,5.0,5.0,5.0,5.0,4.8,4.9,4.7,4.9,5.0,5.0,5.0,4.7
SYN-00849,4.1,3.6,4.0,4.2,3.9,4.1,3.7,3.5,4.1,4.5,3.7,4.3,4.0
SYN-00850,3.6,3.7,4.0,3.9,3.6,3.5,3.8,4.1,4.0,3.9,4.1,4.3,4.1
SYN-00851,3.9,4.3,3.7,3.9,3.9,3.6,3.9,3.4,4.6,3.7,4.5,4.0,4.2
SYN-00852,3.9,4.1,4.2,4.2,4.2,3.9,3.9,3.5,4.2,4.3,4.5,4.1,3.8
SYN-00853,3.5,4.3,3.4,3.9,3.9,4.0,4.0,4.0,3.3,4.0,3.3,4.2,3.8
SYN-00854,4.0,4.4,4.4,5.0,4.7,4.7,5.0,4.6,4.8,4.8,4.2,5.0,4.2
SYN-00855,5.0,4.2,4.9,5.0,4.6,4.6,4.9,4.6,5.0,4.8,4.6,4.5,4.4
SYN-00856,3.8,3.9,3.9,3.8,4.6,3.7,4.0,4.2,4.2,4.0,3.9,4.1,4.1
SYN-00857,3.8,3.4,3.8,3.6,3.7,3.9,4.0,4.4,3.7,4.1,4.0,4.3,4.1
SYN-00858,4.1,3.8,4.5,4.2,4.1,4.0,4.4,4.8,4.2,4.5,4.3,4.0,4.6
SYN-00859,3.7,4.0,3.9,4.3,3.7,4.1,3.8,3.9,2.9,4.6,4.2,3.8,3.7
SYN-00860,4.3,4.6,3.9,4.4,5.0,4.1,4.4,5.0,4.6,4.5,4.6,4.3,4.8
SYN-00861,4.2,3.7,4.2,4.0,4.2,4.2,4.6,4.5,4.4,4.3,4.0,3.6,4.3
SYN-00862,3.9,3.6,3.5,3.8,3.6,4.2,4.0,4.0,3.9,3.3,3.9,3.8,3.9
SYN-00863,4.9,4.9,5.0,4.7,5.0,4.6,5.0,5.0,4.9,5.0,4.5,4.6,4.8
SYN-00864,5.0,4.9,5.0,4.6,4.5,4.9,4.8,5.0,4.8,4.7,4.8,4.8,4.7
SYN-00865,3.9,3.9,4.2,4.0,4.7,4.0,3.8,4.8,4.1,4.3,4.2,4.2,4.1
SYN-00866,3.7,4.2,3.7,4.0,3.8,4.2,4.2,4.2,4.2,3.9,4.0,4.3,4.4
SYN-00867,4.0,3.8,4.1,4.6,4.7,4.0,4.4,4.9,4.4,4.7,4.6,4.0,4.2
SYN-00868,4.3,4.3,4.6,4.4,3.4,3.9,3.7,4.4,4.4,4.4,4.0,4.5,4.5
SYN-00869,4.1,4.0,4.4,5.0,4.9,4.6,4.2,4.7,4.3,4.2,3.8,4.5,4.2
SYN-00870,4.9,4.2,5.0,4.2,5.0,5.0,4.8,5.0,4.6,4.9,5.0,4.0,4.8
SYN-00871,4.1,4.1,4.6,3.8,4.0,3.6,4.6,4.1,4.0,4.1,4.3,4.2,4.9
SYN-00872,4.1,3.8,3.8,3.8,3.5,3.9,4.2,3.7,3.7,4.4,3.5,3.3,3.6
SYN-00873,3.3,3.8,3.6,3.7,4.1,3.5,3.9,4.2,3.6,3.9,3.6,4.0,3.2
SYN-00874,3.5,3.8,3.7,3.8,3.9,4.2,3.8,3.7,3.8,3.7,3.7,3.5,4.0
SYN-00875,4.0,4.5,3.8,4.0,4.7,3.9,4.1,3.8,3.8,4.7,4.2,4.2,3.7
SYN-00876,4.9,5.0,5.0,5.0,4.5,4.9,5.0,4.3,4.5,5.0,5.0,4.4,5.0
SYN-00877,4.0,4.3,3.8,4.2,4.3,3.9,4.0,3.8,4.5,4.0,3.7,3.8,4.1
SYN-00878,4.5,3.9,4.8,4.4,4.4,4.2,4.3,4.2,4.6,4.3,4.5,4.1,4.3
SYN-00879,4.0,4.6,3.9,4.1,4.1,4.1,4.4,4.1,4.6,3.9,4.2,4.0,4.3
SYN-00880,4.6,4.6,5.0,4.4,4.8,4.4,4.6,4.3,4.4,4.6,5.0,4.6,5.0
SYN-00881,5.0,4.9,5.0,5.0,4.8,5.0,4.9,4.4,5.0,5.0,5.0,5.0,4.9
SYN-00882,4.3,4.3,4.5,4.0,4.0,3.8,4.2,3.5,4.2,4.2,4.2,4.1,4.5
SYN-00883,4.3,3.8,3.9,3.8,4.2,3.7,4.4,4.4,3.8,4.0,4.0,4.3,4.5
SYN-00884,4.1,4.5,4.5,4.1,4.4,4.7,4.5,4.1,5.0,4.6,4.6,4.2,4.6
SYN-00885,4.4,3.9,4.1,4.7,5.0,4.5,4.8,4.4,4.4,4.8,4.9,4.8,4.1
SYN-00886,4.8,4.9,4.8,5.0,5.0,5.0,5.0,4.7,4.4,5.0,5.0,4.7,5.0
SYN-00887,4.6,4.5,4.4,4.1,3.7,4.1,4.3,4.7,4.4,4.2,4.1,4.6,4.8
SYN-00888,4.4,4.3,3.6,4.0,4.7,4.4,3.6,4.1,4.2,3.8,3.4,4.1,3.8
SYN-00889,4.2,4.3,4.4,4.4,4.1,4.3,3.9,4.5,3.5,4.3,4.7,4.1,4.6
SYN-00890,4.9,3.6,4.5,3.7,4.6,4.6,3.8,5.0,4.7,4.3,5.0,4.0,4.2
SYN-00891,3.8,5.0,4.6,4.7,4.6,4.7,4.5,4.6,4.5,4.3,4.5,4.6,4.5
SYN-00892,3.9,4.0,4.7,4.3,4.6,4.0,3.9,4.1,4.3,4.2,4.8,4.4,4.9
SYN-00893,4.7,3.8,4.9,4.1,4.6,4.3,5.0,5.0,4.4,4.5,4.6,4.8,4.6
SYN-00894,4.3,4.4,4.6,5.0,4.7,4.4,4.8,4.5,4.9,5.0,4.5,4.8,4.4
SYN-00895,4.7,4.7,4.6,5.0,4.6,4.9,4.1,4.8,5.0,4.5,3.9,4.7,4.7
SYN-00896,4.6,5.0,4.3,4.2,4.1,4.5,4.6,4.3,4.7,4.6,4.4,4.2,4.3
SYN-00897,3.4,4.2,4.1,4.2,4.3,4.3,4.1,4.2,3.7,4.0,4.2,3.9,4.4
SYN-00898,4.1,4.3,4.3,4.5,4.5,4.5,3.6,4.6,4.7,4.1,4.3,4.0,3.7
SYN-00899,4.4,4.5,4.5,4.3,4.4,4.6,4.4,4.8,4.8,5.0,5.0,4.7,4.4
SYN-00900,4.0,4.0,3.8,4.1,3.5,3.8,4.1,3.8,3.9,3.9,3.7,4.3,3.6
SYN-00901,4.4,4.5,4.0,4.4,4.1,4.7,4.0,4.1,4.0,3.9,4.8,4.5,4.4
SYN-00902,3.9,4.3,3.8,4.3,3.8,3.9,4.3,4.3,4.2,3.7,3.9,4.1,3.8
SYN-00903,4.6,3.5,4.0,4.1,3.4,3.8,4.4,4.2,4.7,4.7,4.3,4.3,4.2
SYN-00904,3.9,4.2,4.7,4.8,4.7,4.4,4.9,5.0,4.9,4.9,4.5,5.0,4.7
SYN-00905,4.4,4.4,4.2,4.0,4.2,4.6,4.1,4.5,4.5,4.2,4.7,4.2,4.7
SYN-00906,4.3,4.2,3.9,4.2,4.2,3.8,4.2,4.0,4.4,4.6,3.8,4.7,4.2
SYN-00907,3.4,4.0,3.6,3.7,3.6,3.5,3.9,3.6,3.3,3.9,3.4,3.4,4.1
SYN-00908,4.1,3.8,4.6,4.4,4.4,4.4,4.5,4.2,4.9,4.0,4.6,4.7,4.2
SYN-00909,4.1,4.7,4.1,4.2,4.7,4.4,3.9,5.0,4.3,4.3,4.5,4.6,5.0
SYN-00910,4.5,5.0,5.0,4.9,5.0,5.0,4.5,5.0,4.5,4.6,4.9,5.0,4.9
SYN-00911,4.1,4.5,4.0,3.7,4.0,4.5,4.1,4.7,4.3,3.9,4.1,3.8,3.9
SYN-00912,5.0,4.6,4.5,4.1,4.7,4.6,4.8,4.8,3.8,3.9,4.0,4.0,4.4
SYN-00913,4.1,4.9,4.9,4.3,4.9,4.7,4.2,3.7,4.2,4.1,4.3,4.3,4.3
SYN-00914,4.9,4.4,4.9,4.6,4.8,5.0,4.4,4.7,4.7,4.6,5.0,4.5,4.6
SYN-00915,4.0,4.5,4.0,4.3,4.8,4.1,4.5,4.7,4.5,4.2,4.4,3.8,3.9
SYN-00916,4.1,5.0,4.1,4.0,4.0,4.5,4.3,4.6,4.5,3.9,4.1,4.7,4.2
SYN-00917,4.8,4.4,4.1,4.3,4.1,4.2,4.5,4.6,3.9,4.4,4.2,4.2,4.5
SYN-00918,4.1,4.7,4.6,4.6,4.1,4.0,4.3,4.2,4.1,3.9,4.3,4.1,4.5
SYN-00919,4.2,4.4,3.7,4.2,3.8,3.7,3.9,4.4,3.9,4.5,4.2,3.9,4.4
SYN-00920,4.4,4.0,4.8,4.3,4.3,4.0,4.6,4.4,4.5,4.1,4.5,4.5,4.1
SYN-00921,4.2,4.8,4.1,4.6,4.4,4.9,4.5,4.9,4.4,4.9,5.0,4.3,4.7
SYN-00922,4.7,3.9,3.9,4.1,3.9,3.3,4.2,3.2,3.7,4.2,3.7,3.6,4.1
SYN-00923,4.0,3.9,4.3,4.2,3.9,4.4,4.4,4.1,4.2,4.4,4.6,4.2,4.4
SYN-00924,4.1,4.2,4.0,3.7,3.8,4.1,4.5,3.8,4.2,3.9,4.0,4.4,4.2
SYN-00925,4.2,4.4,5.0,4.7,4.3,4.4,4.8,4.9,4.6,5.0,4.9,4.5,4.4
SYN-00926,3.4,3.8,3.5,4.2,4.1,3.9,3.3,3.5,4.0,3.5,4.0,3.8,3.7
SYN-00927,3.8,4.0,4.1,4.3,3.7,3.9,4.0,4.2,3.7,3.6,4.2,3.5,4.4
SYN-00928,4.3,3.9,4.2,4.4,4.2,4.3,4.6,4.3,4.1,4.2,4.8,4.8,3.7
SYN-00929,5.0,4.8,5.0,4.6,4.2,4.9,4.5,4.3,4.4,4.9,4.8,5.0,4.9
SYN-00930,4.1,4.2,4.0,4.1,3.9,4.3,4.5,3.9,4.6,4.2,4.2,3.7,3.6
SYN-00931,4.0,4.2,3.8,4.5,4.2,3.7,4.0,4.7,3.6,4.2,3.9,4.2,4.4
SYN-00932,4.7,5.0,5.0,4.9,5.0,4.7,4.9,4.8,5.0,5.0,4.8,5.0,5.0
SYN-00933,3.9,3.5,3.5,3.4,4.0,3.3,3.9,3.4,3.9,3.7,4.1,4.0,4.1
SYN-00934,3.9,3.5,3.1,3.1,2.8,3.1,3.5,3.3,3.4,3.6,3.3,3.1,3.4
SYN-00935,4.1,4.3,4.8,4.3,4.9,4.8,4.2,4.0,4.3,4.7,4.2,4.6,4.7
SYN-00936,3.8,3.8,4.2,4.1,3.8,3.9,4.0,3.6,4.3,3.9,3.2,4.0,3.8
SYN-00937,4.3,3.7,3.5,4.0,3.6,3.6,4.0,3.5,3.4,4.4,4.0,3.8,3.8
SYN-00938,4.6,4.7,4.2,4.6,4.3,4.4,4.5,4.4,4.7,4.6,4.0,4.0,4.3
SYN-00939,4.8,4.0,4.2,4.1,4.1,4.3,4.7,4.4,4.0,5.0,4.3,4.1,4.7
SYN-00940,3.9,4.5,3.7,4.4,4.1,4.4,4.6,3.7,4.4,3.6,3.7,3.8,4.2
SYN-00941,3.8,3.7,3.8,3.9,4.0,4.1,4.3,3.7,3.6,3.9,3.4,3.5,4.1
SYN-00942,4.5,4.1,4.1,4.5,4.8,4.8,4.5,5.0,4.5,4.5,3.7,4.4,4.8
SYN-00943,4.9,4.2,4.6,4.7,4.4,3.7,4.5,4.7,4.1,4.4,4.1,3.7,4.7
SYN-00944,4.2,4.6,4.4,4.1,4.1,4.3,4.5,4.3,4.5,4.1,3.9,4.1,4.2
SYN-00945,4.5,4.4,5.0,4.7,4.8,4.7,5.0,5.0,4.5,4.7,5.0,5.0,4.8
SYN-00946,3.5,3.6,3.7,3.9,4.3,3.6,3.5,3.8,4.1,3.4,4.3,3.8,3.6
SYN-00947,3.2,3.9,3.6,3.7,3.4,3.6,3.5,3.6,3.5,3.2,4.5,3.3,3.7
SYN-00948,3.4,3.4,4.0,4.0,4.3,4.1,3.9,3.7,4.4,4.2,3.6,4.0,4.0
SYN-00949,4.1,4.4,4.4,4.1,4.1,4.6,4.5,4.2,3.7,4.3,4.4,3.4,4.3
SYN-00950,4.2,4.2,4.0,4.2,4.7,4.2,4.6,4.0,4.5,4.3,4.4,4.3,4.5
SYN-00951,3.3,3.7,4.2,3.5,4.0,4.1,3.9,3.9,4.2,4.4,3.8,3.9,3.9
SYN-00952,3.6,4.4,4.6,4.6,4.1,3.9,4.3,4.6,4.4,4.4,4.7,4.1,4.3
SYN-00953,4.3,3.7,3.4,3.6,3.5,3.9,3.5,3.8,3.5,3.1,3.9,3.8,3.9
SYN-00954,4.5,4.5,4.8,5.0,4.7,4.8,4.6,4.2,5.0,5.0,4.9,4.7,4.9
SYN-00955,4.4,4.7,4.5,4.2,3.8,4.2,4.2,4.4,4.6,4.1,4.8,3.6,4.3
SYN-00956,4.4,4.0,4.5,4.2,4.5,4.6,4.9,4.1,4.9,4.6,4.9,4.5,4.2
SYN-00957,4.0,3.9,4.5,4.8,4.2,4.5,3.9,4.4,4.5,3.9,4.3,4.5,3.4
SYN-00958,4.8,4.5,4.6,4.2,3.8,4.5,4.3,4.4,4.7,4.6,4.9,4.4,4.2
SYN-00959,4.3,4.5,4.7,4.0,4.4,4.9,4.3,4.7,4.5,4.7,4.2,4.2,4.4
SYN-00960,3.9,4.3,4.4,4.9,4.5,4.5,4.7,4.1,4.3,5.0,4.3,4.7,4.6
SYN-00961,4.0,4.5,4.5,4.5,4.2,4.1,4.3,4.4,4.8,5.0,4.8,4.7,4.1
SYN-00962,4.5,4.7,4.5,4.8,4.9,4.8,5.0,4.4,4.9,4.5,4.4,4.8,5.0
SYN-00963,4.4,4.3,4.4,4.3,3.9,3.9,4.2,4.3,4.3,4.5,4.2,4.4,4.2
SYN-00964,5.0,4.5,5.0,4.6,4.4,4.2,4.0,4.2,4.2,4.6,4.3,4.5,4.8
SYN-00965,4.1,4.8,3.8,4.1,4.0,4.4,3.5,3.7,4.1,4.6,4.2,3.8,3.8
SYN-00966,5.0,4.5,4.4,5.0,5.0,5.0,4.4,4.2,4.7,4.8,4.8,5.0,4.2
SYN-00967,4.2,3.6,4.2,3.8,3.7,3.8,3.5,4.0,3.7,4.2,4.2,4.5,4.1
SYN-00968,5.0,5.0,4.6,4.4,4.9,4.4,5.0,5.0,5.0,4.8,5.0,4.7,5.0
SYN-00969,3.8,3.4,3.9,3.7,4.6,4.7,3.8,4.6,4.5,3.7,4.1,4.0,4.4
SYN-00970,3.3,3.7,3.5,3.8,3.6,3.5,3.6,4.3,3.6,3.4,3.9,3.7,3.3
SYN-00971,4.9,4.1,4.1,4.3,4.8,3.7,4.3,4.9,4.3,3.9,4.1,4.3,4.6
SYN-00972,3.9,4.2,3.5,3.5,3.8,4.4,4.0,4.0,4.0,4.3,3.8,4.2,3.7
SYN-00973,5.0,4.3,4.2,4.7,4.5,4.6,4.6,4.2,5.0,4.8,4.9,4.3,4.6
SYN-00974,4.0,4.3,4.3,4.0,3.5,4.5,4.1,3.8,4.1,3.5,4.3,3.5,3.9
SYN-00975,4.1,4.4,4.1,4.2,4.0,4.0,4.1,4.0,3.5,3.8,4.1,4.0,4.0
SYN-00976,3.4,3.3,3.4,3.4,3.5,3.7,3.5,3.2,3.1,4.3,3.2,3.4,3.7
SYN-00977,4.1,4.2,3.9,4.1,4.1,3.9,4.1,4.4,4.0,4.0,4.4,4.3,4.5
SYN-00978,2.8,3.6,3.5,3.1,3.4,3.7,3.1,3.5,3.6,3.0,3.3,3.4,3.1
SYN-00979,3.4,3.6,3.9,3.8,3.4,3.8,3.4,3.2,3.5,4.0,3.8,3.6,3.5
SYN-00980,4.3,4.5,4.1,4.4,4.4,4.1,4.2,4.6,4.5,4.4,4.2,4.9,4.2
SYN-00981,4.6,4.3,4.5,4.6,4.1,4.5,4.8,5.0,4.4,4.5,5.0,4.8,4.3
SYN-00982,4.2,4.6,4.0,4.7,4.4,4.5,4.3,4.2,4.8,4.3,4.2,4.3,4.4
SYN-00983,3.6,3.7,3.7,4.1,3.6,3.3,3.3,3.4,4.3,3.9,4.0,4.0,3.9
SYN-00984,4.2,4.5,4.2,4.6,4.4,4.0,4.0,4.0,4.5,4.1,3.9,4.3,4.2
SYN-00985,4.3,4.8,4.5,4.2,3.8,4.0,4.4,3.8,4.8,4.2,4.2,4.0,4.3
SYN-00986,3.4,4.4,4.2,4.1,3.4,3.9,4.2,4.0,3.5,3.6,3.7,3.6,4.3
SYN-00987,4.1,4.9,4.3,4.4,4.1,4.6,5.0,4.8,4.4,5.0,5.0,4.8,5.0
SYN-00988,4.8,4.7,4.3,4.7,4.6,4.7,4.3,4.5,4.3,3.9,4.8,4.1,4.5
SYN-00989,4.2,4.2,4.0,4.2,4.3,4.3,4.6,4.2,4.1,3.9,4.3,4.3,4.1
SYN-00990,4.4,4.1,4.4,4.5,4.5,4.2,3.9,4.0,4.4,4.9,4.1,4.3,4.0
SYN-00991,4.0,4.1,3.6,4.7,3.6,4.2,3.9,4.0,4.7,4.3,4.0,4.1,4.0
SYN-00992,3.5,3.5,4.1,2.9,3.5,3.4,3.8,3.6,3.7,3.6,3.2,3.8,3.7
SYN-00993,4.4,4.5,4.2,4.6,4.2,4.0,4.1,4.1,4.0,4.6,4.2,4.1,4.2
SYN-00994,4.9,3.6,3.7,3.5,3.9,4.0,3.8,3.8,4.0,3.8,4.1,4.3,4.2
SYN-00995,4.1,4.2,3.9,3.8,3.6,3.7,3.7,4.1,4.0,4.1,3.5,4.3,3.7
SYN-00996,3.8,4.0,4.8,4.0,4.0,4.0,4.1,3.9,4.1,4.4,4.2,3.8,4.0
SYN-00997,4.7,4.8,5.0,4.8,4.8,5.0,5.0,5.0,5.0,5.0,4.2,5.0,4.4
SYN-00998,4.6,3.9,4.3,4.3,4.2,4.3,4.7,4.2,4.6,4.1,4.4,4.5,4.1
SYN-00999,3.6,4.1,4.3,4.0,3.9,4.0,4.0,4.1,3.2,3.7,3.7,4.0,4.1
SYN-01000,4.6,4.5,4.0,4.8,4.8,4.0,4.5,4.2,4.4,4.7,5.0,4.6,4.5
SYN-01001,4.6,4.7,5.0,4.7,4.4,4.2,4.8,4.8,4.5,5.0,4.6,4.6,4.7
SYN-01002,4.4,4.6,4.9,4.2,4.7,4.6,4.6,4.8,4.5,4.7,4.7,4.4,4.6
SYN-01003,4.1,4.2,4.1,4.4,4.2,4.3,4.2,3.7,4.2,4.2,4.3,4.0,3.9
SYN-01004,4.2,3.9,4.0,3.9,4.0,3.8,3.7,4.1,3.8,4.0,4.1,3.8,3.6
SYN-01005,5.0,4.3,4.6,5.0,4.7,4.4,4.4,4.2,4.7,4.6,4.3,4.1,4.0
SYN-01006,4.6,4.4,4.4,4.1,3.9,4.6,4.4,4.6,4.2,4.3,4.6,4.6,4.6
SYN-01007,4.4,4.7,4.8,4.5,4.4,4.9,4.3,4.7,4.5,4.0,4.9,3.7,3.9
SYN-01008,4.6,4.6,4.2,4.5,3.7,4.6,4.5,4.4,4.4,4.6,4.4,3.9,5.0
SYN-01009,4.9,4.2,4.5,4.5,4.9,3.9,4.4,4.0,4.5,4.4,4.6,4.4,4.3
SYN-01010,4.2,4.1,4.2,4.0,3.8,4.0,4.2,3.4,4.1,4.1,4.0,4.0,3.2
SYN-01011,4.5,5.0,4.7,4.6,4.7,4.8,4.9,4.6,4.8,5.0,5.0,5.0,4.5
SYN-01012,4.8,4.0,4.4,4.5,4.1,4.3,4.5,4.1,4.8,3.9,4.9,4.6,4.2
SYN-01013,4.8,4.8,4.9,4.9,5.0,5.0,5.0,4.7,4.8,4.9,4.6,4.6,5.0
SYN-01014,4.0,3.7,4.2,3.6,3.6,3.7,4.5,3.9,3.2,4.3,3.9,3.4,3.9
SYN-01015,5.0,4.9,5.0,4.6,4.8,4.6,4.3,5.0,4.9,4.9,4.9,4.6,4.5
SYN-01016,4.3,4.6,4.8,4.5,4.3,4.4,4.3,4.0,4.3,3.9,4.2,4.8,4.5
SYN-01017,3.7,4.0,3.7,4.0,4.3,4.2,4.7,4.3,4.0,4.2,3.9,3.6,4.4
SYN-01018,4.3,4.0,4.1,4.4,4.3,3.6,4.1,4.0,4.4,4.3,4.4,3.7,3.8
SYN-01019,4.4,3.9,3.6,4.2,3.9,4.6,4.2,4.1,4.0,4.6,4.2,4.0,3.8
SYN-01020,4.3,4.1,4.7,3.8,4.3,4.5,4.5,4.1,4.5,4.1,4.3,4.5,4.5
SYN-01021,4.2,4.7,4.4,4.6,4.8,4.7,4.7,4.4,4.6,4.4,4.0,4.5,4.5
SYN-01022,4.2,4.0,3.8,4.2,3.6,4.4,3.9,4.1,4.2,4.2,3.6,4.2,4.1
SYN-01023,4.0,4.0,4.1,3.8,4.7,4.6,4.3,4.1,4.1,4.4,4.7,4.0,3.9
SYN-01024,5.0,4.4,4.6,4.9,4.5,5.0,5.0,4.8,5.0,5.0,4.9,4.8,5.0
SYN-01025,5.0,4.9,5.0,4.9,4.7,4.8,5.0,4.2,4.7,5.0,4.7,5.0,5.0
SYN-01026,4.3,4.2,4.3,5.0,4.9,4.4,4.2,4.4,4.4,4.0,4.4,4.7,3.8
SYN-01027,4.5,4.6,4.0,4.7,4.0,4.3,4.1,4.1,4.0,4.4,4.5,4.2,3.8
SYN-01028,4.4,4.4,4.2,4.8,3.8,3.6,4.0,4.5,3.9,3.9,4.5,4.4,4.4
SYN-01029,4.6,4.3,4.3,4.7,4.0,3.8,4.3,4.7,4.5,4.7,3.8,4.5,4.6
SYN-01030,3.4,4.1,3.8,4.8,3.2,4.3,3.7,3.4,3.7,3.9,4.2,4.4,4.3
SYN-01031,3.8,4.4,4.2,3.9,4.0,3.9,4.1,3.9,3.8,4.3,4.3,4.1,4.5
SYN-01032,3.5,3.5,3.8,3.6,3.6,2.9,3.6,3.1,3.2,3.2,3.3,3.5,3.5
SYN-01033,4.5,4.4,3.8,4.4,4.4,4.2,4.3,4.4,4.6,3.9,4.3,4.8,4.8
SYN-01034,4.7,4.6,4.9,5.0,4.4,4.1,4.3,5.0,4.0,4.3,4.0,4.5,4.1
SYN-01035,4.0,3.4,4.2,4.4,3.9,4.0,4.0,4.1,4.0,4.3,4.4,3.8,3.9
SYN-01036,5.0,4.3,4.2,4.8,4.9,4.5,4.6,4.5,4.5,5.0,4.4,4.7,4.5
SYN-01037,3.3,4.0,3.6,3.8,3.3,3.5,4.0,4.5,3.2,3.7,3.9,3.6,4.0
SYN-01038,3.4,3.7,3.5,4.1,3.5,3.6,4.0,3.4,3.7,3.1,3.4,3.8,3.4
SYN-01039,4.1,4.4,4.1,4.5,4.3,4.4,4.7,4.4,4.7,4.6,4.1,4.7,4.4
SYN-01040,4.4,4.7,4.9,4.7,5.0,4.9,4.7,4.3,4.5,4.6,4.8,4.8,4.6
SYN-01041,4.8,5.0,4.5,5.0,4.2,5.0,4.8,5.0,4.9,4.9,5.0,5.0,4.7
SYN-01042,4.3,3.7,4.0,4.3,4.3,4.2,3.9,4.3,3.8,4.6,4.0,3.6,3.7
SYN-01043,4.6,4.6,5.0,4.3,4.6,4.3,4.4,5.0,4.2,4.8,4.7,4.6,4.7
SYN-01044,3.8,4.7,4.8,4.2,4.9,4.1,4.3,4.6,4.0,3.8,3.7,4.8,4.0
SYN-01045,4.1,3.8,4.4,3.9,4.0,4.2,3.8,4.1,4.6,4.3,4.2,4.2,4.0
SYN-01046,5.0,4.3,4.6,4.5,4.8,4.8,4.5,4.6,4.6,3.8,4.0,4.3,4.3
SYN-01047,4.1,4.7,4.4,4.4,4.1,4.4,3.6,4.4,4.4,4.5,4.0,4.5,4.1
SYN-01048,3.4,3.9,4.3,3.7,3.4,3.7,3.9,3.8,4.5,3.4,3.7,4.1,4.1
SYN-01049,4.1,4.7,5.0,5.0,4.9,4.6,4.4,5.0,4.9,4.5,4.7,4.8,4.9
SYN-01050,4.4,4.5,4.2,5.0,4.6,4.8,5.0,4.7,4.6,4.7,4.7,5.0,4.8
SYN-01051,3.8,4.3,4.4,3.6,4.4,4.1,4.1,4.3,3.8,4.3,3.9,3.5,3.7
SYN-01052,4.5,4.1,4.8,4.7,4.7,4.4,4.4,4.0,4.6,4.5,4.5,4.8,4.2
SYN-01053,4.3,4.5,4.1,4.3,4.5,4.3,4.8,3.9,4.7,4.6,4.2,4.1,3.7
SYN-01054,4.1,4.6,4.3,4.6,4.1,4.5,4.1,4.0,4.3,4.1,3.8,4.2,4.3
SYN-01055,4.4,4.3,4.4,4.2,4.1,3.6,4.1,4.2,4.4,4.2,4.4,3.7,3.9
SYN-01056,4.1,4.3,3.9,3.9,4.2,3.6,4.4,3.7,3.4,4.0,4.5,4.1,4.2
SYN-01057,4.2,4.1,3.7,3.5,4.2,4.6,4.3,4.4,4.7,4.3,4.2,3.9,4.8
SYN-01058,4.8,4.3,4.3,5.0,4.3,5.0,3.8,5.0,4.8,4.6,4.6,5.0,4.8
SYN-01059,4.1,3.9,4.4,4.4,3.9,4.4,4.2,4.4,4.6,4.8,4.7,4.2,4.5
SYN-01060,4.1,3.7,4.2,4.6,4.1,3.6,4.1,3.7,4.3,4.2,4.0,4.0,4.0
SYN-01061,4.5,4.2,4.1,4.8,4.4,4.5,4.6,4.6,4.1,4.0,4.3,4.6,4.3
SYN-01062,3.1,3.8,2.6,3.0,3.8,3.2,3.0,3.6,3.2,3.1,3.3,3.0,2.9
SYN-01063,4.6,4.3,4.6,4.7,4.9,4.9,4.5,4.8,4.7,4.7,4.5,4.3,4.8
SYN-01064,3.1,3.5,2.8,3.2,3.3,3.9,3.8,3.4,3.8,3.9,3.5,3.2,3.5
SYN-01065,4.0,3.7,4.2,4.2,4.2,4.2,4.3,4.0,4.1,4.0,3.9,4.5,3.5
SYN-01066,4.1,3.6,3.6,3.9,3.4,3.6,3.6,3.7,3.6,4.3,4.3,3.2,4.0
SYN-01067,4.0,3.9,3.5,3.7,3.5,3.6,3.4,3.7,3.3,3.7,3.4,3.8,3.5
SYN-01068,4.7,4.9,5.0,3.8,4.4,4.5,4.7,4.1,4.3,4.6,4.6,4.7,4.7
SYN-01069,4.1,4.1,4.1,4.2,3.4,4.5,3.4,3.7,4.0,4.2,3.1,4.0,4.3
SYN-01070,4.6,4.1,4.2,4.1,4.2,4.0,4.1,4.5,4.4,4.5,4.4,4.5,4.6
SYN-01071,3.7,3.9,4.1,4.2,4.0,4.5,4.8,4.2,4.2,4.4,3.6,4.2,4.5
SYN-01072,4.2,4.0,4.3,4.3,4.1,5.0,4.2,4.0,4.3,4.6,4.4,4.5,4.1
SYN-01073,4.7,4.4,4.5,4.3,4.5,4.0,4.1,4.6,4.7,3.9,4.3,4.1,4.0
SYN-01074,3.8,4.1,3.9,3.7,3.9,3.6,3.9,4.2,3.1,4.0,3.3,4.1,3.6
SYN-01075,4.2,4.8,4.7,4.2,4.2,4.5,4.2,4.2,4.6,4.3,4.7,5.0,4.5
SYN-01076,4.1,4.6,3.7,4.4,4.3,4.3,4.4,4.1,3.9,4.4,4.4,4.4,4.0
SYN-01077,3.4,3.7,3.9,4.0,3.5,3.7,3.3,4.0,3.4,3.9,3.3,4.0,3.8
SYN-01078,3.8,4.3,3.9,4.3,4.0,3.5,3.8,3.9,4.5,4.3,4.5,4.5,3.9
SYN-01079,4.7,4.6,4.5,4.2,4.7,4.3,4.7,5.0,4.6,4.8,5.0,4.8,4.8
SYN-01080,4.4,4.4,4.2,4.8,4.0,4.8,4.1,4.8,4.4,4.1,4.7,4.8,4.4
SYN-01081,4.3,3.4,3.7,4.5,4.0,3.5,3.9,3.8,4.0,4.0,4.1,4.1,4.5
SYN-01082,4.2,4.2,4.4,4.0,3.7,4.4,4.1,4.1,3.9,3.9,4.3,4.4,4.3
SYN-01083,4.3,4.3,4.1,4.0,4.5,4.0,4.2,3.8,3.9,4.0,3.8,4.3,3.7
SYN-01084,5.0,5.0,4.4,4.8,5.0,5.0,4.9,5.0,4.9,4.9,5.0,5.0,4.7
SYN-01085,4.2,4.1,4.2,4.8,4.5,4.0,4.2,4.4,4.1,4.1,4.7,4.1,4.6
SYN-01086,4.7,4.1,4.1,4.3,4.0,4.4,4.3,4.5,4.8,4.6,4.5,3.8,4.5
SYN-01087,5.0,3.7,4.8,4.5,4.3,4.8,5.0,4.8,4.4,4.3,4.6,4.8,4.4
SYN-01088,4.2,5.0,4.6,4.6,3.8,4.1,4.3,4.0,4.8,4.7,4.1,4.8,4.3
SYN-01089,4.9,4.2,4.3,4.5,4.5,4.3,4.1,4.3,3.9,4.2,3.8,3.6,4.1
SYN-01090,4.5,4.4,4.1,4.7,4.0,3.6,3.5,3.8,4.4,3.9,4.3,4.6,3.8
SYN-01091,4.3,4.3,3.9,4.6,4.1,4.1,4.8,4.3,4.5,4.6,4.0,4.5,4.0
SYN-01092,4.0,4.1,4.0,4.4,4.3,4.0,4.4,4.1,4.1,4.2,4.3,4.3,4.1
SYN-01093,4.7,4.4,4.3,4.0,4.7,4.5,4.5,4.8,4.3,4.0,4.5,4.5,4.4
SYN-01094,4.7,3.5,4.6,4.5,4.4,3.2,4.6,3.9,4.1,4.2,4.3,4.4,4.5
SYN-01095,4.7,4.5,4.6,4.1,4.2,4.7,4.7,4.7,4.3,4.7,4.1,4.8,4.4
SYN-01096,4.7,3.7,4.7,4.1,4.1,4.2,4.0,4.2,4.0,4.0,4.3,3.9,3.9
SYN-01097,3.8,4.1,4.6,4.0,4.0,4.3,4.1,4.9,4.2,4.3,4.5,4.5,4.3
SYN-01098,3.5,4.1,3.5,3.4,3.3,3.0,3.7,2.8,3.5,3.4,4.2,3.0,3.2
SYN-01099,4.5,4.5,4.4,4.5,4.1,4.6,3.8,4.5,4.3,4.8,5.0,4.4,4.9
SYN-01100,4.2,4.0,4.8,4.5,4.3,4.5,4.4,4.3,3.9,4.2,4.5,4.3,4.6
SYN-01101,4.7,4.3,4.2,4.5,4.4,4.7,4.3,4.4,4.9,4.6,4.3,4.6,5.0
SYN-01102,3.3,3.4,3.0,3.5,3.9,2.9,2.8,3.2,3.4,3.2,2.9,3.2,3.4
SYN-01103,4.8,5.0,5.0,5.0,4.9,5.0,4.7,4.6,4.9,4.8,4.7,5.0,5.0
SYN-01104,4.0,4.2,4.1,4.5,4.5,3.6,4.3,3.8,4.7,4.3,3.9,4.1,4.1
SYN-01105,4.7,4.9,4.2,5.0,5.0,4.3,4.6,5.0,5.0,4.5,4.8,5.0,4.6
SYN-01106,3.6,3.9,3.9,3.7,4.0,3.5,3.6,4.1,3.3,4.1,3.2,3.3,3.7
SYN-01107,4.5,4.8,4.4,4.3,4.6,4.2,4.5,4.1,4.4,4.4,4.2,4.5,4.5
SYN-01108,4.2,3.3,3.8,3.6,4.1,4.1,4.0,3.6,4.1,3.4,3.3,3.4,3.8
SYN-01109,4.2,3.1,4.4,4.0,3.5,4.0,4.3,4.2,4.3,3.6,3.9,3.7,4.5
SYN-01110,5.0,5.0,4.7,4.7,4.8,5.0,4.8,4.9,4.9,4.9,4.7,4.8,4.8
SYN-01111,4.1,4.4,4.7,3.9,4.0,3.9,4.2,4.0,4.2,4.5,3.4,4.3,4.0
SYN-01112,4.4,4.0,4.6,4.6,4.4,4.5,4.1,4.1,4.5,4.0,4.7,4.2,4.4
SYN-01113,5.0,4.3,4.5,4.8,4.8,4.4,4.3,4.4,4.9,4.4,4.5,4.4,4.7
SYN-01114,4.4,4.1,4.1,3.8,4.1,4.6,4.8,4.6,4.5,4.3,4.6,4.5,4.9
SYN-01115,4.2,4.7,4.5,4.5,3.6,4.5,4.2,4.1,3.8,4.3,4.3,3.9,3.8
SYN-01116,4.5,4.6,4.4,4.7,4.3,4.3,4.1,3.9,4.9,4.7,3.9,4.4,4.3
SYN-01117,4.9,4.9,5.0,5.0,5.0,5.0,5.0,5.0,5.0,5.0,5.0,5.0,4.9
SYN-01118,4.4,3.9,4.1,4.4,3.8,3.7,4.2,3.7,3.8,4.4,4.1,4.6,3.8
SYN-01119,4.2,4.4,3.9,4.6,4.4,3.8,4.3,4.4,4.1,3.8,4.4,4.9,4.2
SYN-01120,5.0,4.3,4.6,4.8,4.6,4.5,4.8,5.0,4.7,4.4,4.5,5.0,4.6
SYN-01121,4.4,4.2,4.0,4.7,4.8,4.5,4.6,4.2,4.6,4.7,4.4,5.0,4.3
SYN-01122,4.7,4.9,4.6,4.6,4.2,5.0,4.6,4.8,4.8,4.4,4.6,5.0,4.3
SYN-01123,5.0,4.2,4.1,4.5,5.0,3.9,4.4,4.6,4.4,4.5,4.2,4.2,4.4
SYN-01124,3.5,3.8,3.7,3.7,3.9,3.3,3.7,4.5,3.5,4.2,3.8,3.6,3.4
SYN-01125,4.8,5.0,4.7,4.7,5.0,4.9,4.3,4.8,5.0,4.8,3.9,4.9,4.7
SYN-01126,3.3,3.3,4.1,3.6,3.5,3.8,3.6,3.8,3.7,3.4,3.6,3.9,3.8
SYN-01127,4.3,4.9,4.5,4.6,4.3,4.4,4.2,4.5,4.3,4.4,4.4,4.3,5.0
SYN-01128,3.7,3.7,4.1,3.8,3.8,3.6,4.1,4.1,3.8,4.2,3.4,3.7,3.9
SYN-01129,3.8,3.7,4.1,4.4,4.6,4.0,4.4,4.4,4.5,4.1,3.6,4.2,3.9
SYN-01130,4.1,4.2,4.2,4.4,4.5,4.2,4.4,4.3,4.6,4.3,4.3,4.2,4.3
SYN-01131,4.1,4.0,4.5,4.0,4.2,4.6,4.2,4.6,4.1,4.0,3.8,4.7,4.0
SYN-01132,4.6,4.0,4.7,5.0,3.8,4.0,4.6,4.5,4.6,4.2,4.9,4.4,4.0
SYN-01133,4.7,4.4,5.0,4.6,4.9,4.6,4.6,4.2,4.9,5.0,4.5,4.3,5.0
SYN-01134,3.9,4.7,4.1,4.0,4.4,4.0,4.1,4.5,3.6,4.9,4.4,4.0,4.1
SYN-01135,4.4,4.3,4.5,3.9,4.2,4.2,4.3,4.5,3.9,4.1,3.9,4.1,4.3
SYN-01136,4.0,4.9,4.2,4.4,4.9,4.6,4.6,4.2,4.2,4.8,4.4,4.4,4.8
SYN-01137,4.3,4.7,4.6,4.6,4.5,4.4,4.3,4.8,4.4,4.9,4.5,4.3,4.5
SYN-01138,3.6,4.1,3.7,3.7,4.2,3.9,4.3,4.1,3.5,4.1,4.2,4.2,4.1
SYN-01139,4.7,4.3,4.2,4.3,3.9,4.8,4.3,4.8,4.0,4.7,4.3,4.0,4.9
SYN-01140,4.8,4.5,4.5,4.6,4.5,4.2,4.3,5.0,5.0,4.9,4.6,4.3,4.2
SYN-01141,3.9,3.9,4.7,4.6,4.3,3.8,4.4,4.0,3.4,4.2,3.8,3.9,4.0
SYN-01142,4.5,4.7,4.7,4.1,5.0,4.4,4.4,4.6,4.6,5.0,4.8,4.9,4.8
SYN-01143,4.2,4.2,3.6,4.1,4.5,5.0,3.8,4.3,4.0,4.8,3.7,4.3,3.7
SYN-01144,4.1,4.2,4.6,3.9,4.4,4.2,4.3,4.5,3.9,4.5,4.1,4.6,4.3
SYN-01145,4.1,4.0,4.4,4.5,4.0,3.8,4.3,3.7,3.7,3.8,4.0,3.7,3.6
SYN-01146,3.9,4.4,3.8,4.1,4.8,4.2,4.3,3.9,4.9,4.0,4.1,4.6,4.2
SYN-01147,3.8,3.7,3.7,3.9,4.0,3.6,3.6,3.6,3.4,3.3,3.9,4.1,4.1
SYN-01148,3.0,3.6,3.4,3.7,3.6,3.9,3.7,3.1,3.4,3.7,3.7,3.3,3.2
SYN-01149,4.8,4.3,4.3,4.6,4.6,4.5,4.5,4.8,4.5,4.8,4.6,4.8,5.0
SYN-01150,4.2,4.3,4.2,4.0,3.8,3.8,3.6,3.9,4.1,3.7,3.9,3.7,4.0
SYN-01151,3.7,3.6,3.6,4.0,3.8,3.7,3.9,3.7,4.2,3.6,3.8,3.4,3.7
SYN-01152,2.9,3.7,3.7,3.7,3.5,3.2,3.2,3.9,3.9,3.5,3.3,3.9,3.2
SYN-01153,4.0,4.4,3.7,4.2,4.1,4.0,3.7,3.8,4.1,3.5,4.0,4.1,4.3
SYN-01154,3.3,4.1,4.2,3.9,3.4,3.6,3.7,3.8,3.7,3.8,3.7,3.8,3.6
SYN-01155,4.7,4.6,5.0,5.0,4.9,5.0,5.0,4.8,4.3,4.7,4.7,4.4,4.3
SYN-01156,4.7,4.7,4.2,4.3,4.9,4.3,4.6,4.5,4.7,4.3,4.6,4.6,4.6
SYN-01157,4.0,4.1,4.6,4.7,3.8,3.3,4.1,4.0,4.3,4.0,4.0,4.3,4.3
SYN-01158,4.6,4.7,5.0,5.0,4.9,5.0,5.0,5.0,5.0,4.7,4.9,5.0,5.0
SYN-01159,4.7,5.0,4.4,4.7,5.0,4.4,4.6,4.3,4.6,4.3,4.9,4.6,4.3
SYN-01160,4.3,4.1,4.4,3.7,4.2,4.3,4.0,3.7,4.1,4.5,4.4,4.0,3.7
SYN-01161,3.2,3.2,3.5,3.3,3.1,3.7,3.4,3.5,2.8,2.6,2.9,3.2,3.5
SYN-01162,4.3,5.0,5.0,5.0,4.7,5.0,5.0,5.0,4.9,5.0,5.0,4.8,5.0
SYN-01163,3.1,3.9,4.3,3.3,3.7,4.0,3.7,3.8,3.6,3.6,3.7,3.7,3.4
SYN-01164,3.6,4.1,3.5,3.3,3.6,3.4,3.2,3.7,3.4,3.4,3.7,3.2,3.1
SYN-01165,4.8,4.0,4.3,4.0,4.4,4.7,4.6,5.0,4.9,4.3,4.2,5.0,4.9
SYN-01166,5.0,5.0,5.0,4.6,5.0,5.0,4.7,4.8,5.0,5.0,5.0,4.5,4.8
SYN-01167,4.2,4.3,4.4,4.8,4.8,4.5,4.0,5.0,4.6,4.3,4.8,4.7,4.6
SYN-01168,4.4,4.1,4.6,4.1,4.2,4.6,4.8,4.9,4.7,4.3,3.9,4.8,4.8
SYN-01169,4.2,4.7,4.3,4.9,4.3,5.0,4.6,4.9,4.3,4.5,4.1,4.7,4.7
SYN-01170,5.0,4.6,4.7,4.4,4.7,4.4,4.5,4.6,4.4,4.5,4.4,4.4,4.8
SYN-01171,4.5,4.6,4.0,4.6,4.6,4.3,5.0,3.8,4.7,4.7,4.6,4.5,4.6
SYN-01172,4.6,4.1,4.4,4.2,4.0,4.5,4.1,3.8,4.1,4.1,4.6,4.3,4.7
SYN-01173,4.0,4.5,5.0,4.3,4.5,4.4,3.8,4.4,4.3,4.2,4.0,4.4,3.9
SYN-01174,4.8,4.2,3.8,4.0,4.1,4.9,3.9,4.1,4.0,4.3,4.0,3.8,4.1
SYN-01175,3.8,3.8,3.8,4.3,3.8,3.6,3.8,4.0,3.5,4.4,4.2,4.4,4.1
SYN-01176,3.5,4.6,3.8,3.9,4.1,4.5,4.4,4.4,4.0,4.0,4.2,4.1,4.4
SYN-01177,3.9,3.8,2.8,3.6,3.6,3.7,3.4,3.2,3.7,3.5,3.8,3.4,4.0
SYN-01178,4.5,4.3,4.1,4.4,4.3,4.2,4.5,4.6,3.8,3.9,3.9,3.7,4.1
SYN-01179,4.0,3.8,3.7,4.2,3.9,4.0,4.2,3.8,4.5,3.7,4.5,3.6,4.0
SYN-01180,3.6,4.1,3.7,3.9,3.6,4.1,3.6,4.3,3.5,3.4,4.1,3.6,3.8
SYN-01181,4.2,3.9,4.2,4.6,4.6,4.3,4.6,3.9,4.2,4.4,4.2,4.2,3.9
SYN-01182,4.1,4.9,4.8,5.0,4.6,4.5,4.7,4.9,4.6,4.9,4.4,4.6,4.7
SYN-01183,4.9,4.6,5.0,4.1,4.6,4.6,4.7,4.3,5.0,4.5,4.2,4.5,4.4
SYN-01184,4.5,4.0,3.7,3.6,3.9,3.9,2.8,3.8,3.7,3.3,3.9,4.3,3.8
SYN-01185,4.2,4.4,3.6,3.3,4.1,3.8,3.4,3.8,4.1,3.8,3.6,3.8,3.8
SYN-01186,4.0,4.5,4.1,4.7,4.1,4.8,4.4,4.4,4.6,4.3,4.6,4.3,4.4
SYN-01187,4.0,3.5,3.5,3.9,3.8,3.9,4.0,3.9,4.0,3.9,3.3,3.3,4.4
SYN-01188,4.1,4.4,4.0,4.1,4.0,4.9,4.2,4.0,3.6,4.7,4.1,4.3,4.4
SYN-01189,4.3,4.6,4.2,4.1,4.7,4.3,4.5,4.5,4.6,3.9,4.2,4.3,4.1
SYN-01190,4.0,4.2,4.3,3.8,3.9,4.0,4.0,3.6,4.4,4.1,4.1,4.2,4.0
SYN-01191,3.9,4.2,3.7,4.4,4.2,4.2,4.6,4.1,4.2,4.2,3.7,4.2,3.5
SYN-01192,3.6,4.0,3.9,3.6,3.7,3.4,3.7,4.6,4.3,3.7,3.8,3.4,3.5
SYN-01193,4.1,3.8,4.3,4.5,4.1,4.0,3.5,4.2,3.6,3.9,4.3,4.3,3.8
SYN-01194,4.2,4.1,4.0,4.1,3.8,4.5,4.4,4.5,4.0,4.0,4.3,4.3,4.3
SYN-01195,3.6,4.2,3.8,4.2,4.0,4.2,3.3,3.8,3.5,3.1,4.1,3.6,3.3
SYN-01196,4.2,4.1,4.1,4.3,4.9,4.2,4.9,4.6,4.5,4.6,4.4,4.7,4.5
SYN-01197,3.7,4.3,4.4,4.1,4.2,4.0,3.8,3.7,3.7,4.4,3.4,4.0,4.0
SYN-01198,4.3,3.8,4.5,4.0,4.7,4.2,4.4,4.4,4.5,4.4,4.3,4.5,4.5
SYN-01199,4.0,4.4,4.6,4.5,4.6,4.3,4.0,4.0,4.4,4.6,5.0,4.6,3.9
SYN-01200,4.4,5.0,4.6,4.7,4.4,5.0,4.8,4.4,4.4,4.8,4.7,4.9,4.8
SYN-01201,4.2,4.1,4.2,4.1,4.2,4.2,4.0,4.4,4.1,4.0,4.1,4.3,4.3
SYN-01202,4.2,4.3,4.4,4.1,3.7,4.0,3.7,4.6,4.6,4.2,4.3,4.1,4.2
SYN-01203,3.8,4.2,4.0,4.3,4.2,4.8,4.5,4.3,4.2,4.7,4.2,4.3,4.3
SYN-01204,4.3,4.4,3.8,3.9,4.5,4.9,4.5,4.2,4.0,4.6,4.2,4.6,4.5
SYN-01205,4.4,4.2,4.3,4.2,4.0,3.9,3.5,4.2,4.7,4.4,4.3,4.0,4.5
SYN-01206,4.2,4.7,3.9,4.0,4.0,3.8,3.9,4.2,4.0,3.1,4.5,3.7,4.4
SYN-01207,4.0,4.6,4.3,3.8,3.7,4.4,3.5,4.0,3.9,3.9,4.1,4.0,4.1
SYN-01208,4.0,4.1,4.0,3.8,4.0,3.8,3.7,3.9,3.9,4.0,4.2,3.8,4.0
SYN-01209,3.7,3.5,3.7,4.0,3.8,3.8,3.5,4.3,3.5,3.2,4.0,3.7,3.6
SYN-01210,4.6,5.0,4.9,5.0,4.9,4.9,5.0,4.7,4.4,5.0,5.0,4.8,5.0
SYN-01211,3.7,3.8,3.7,3.6,4.1,3.3,4.5,4.0,3.2,3.7,3.7,3.9,3.5
SYN-01212,4.0,3.9,3.7,3.7,4.2,3.4,4.1,4.2,3.9,4.0,4.3,3.7,3.8
SYN-01213,3.8,4.3,4.3,3.5,4.3,4.2,4.4,4.1,3.9,4.3,4.2,4.6,4.2
SYN-01214,4.6,4.2,4.3,4.1,4.4,4.8,4.5,4.8,4.6,4.4,4.5,4.7,4.6
SYN-01215,4.1,3.9,4.0,4.8,4.5,3.7,3.4,4.1,4.4,3.9,4.4,4.1,4.0
SYN-01216,4.9,4.5,4.6,4.8,4.6,5.0,4.8,4.8,4.6,4.9,4.5,4.7,4.4
SYN-01217,4.3,4.1,4.6,4.7,4.2,4.0,3.7,4.2,4.0,4.1,4.5,3.7,3.7
SYN-01218,4.2,4.5,4.5,4.0,4.5,3.9,4.0,4.3,4.1,4.6,4.4,4.8,4.2
SYN-01219,3.9,4.3,3.9,4.4,4.1,3.2,4.3,4.2,4.2,3.3,3.7,3.7,3.7
SYN-01220,5.0,4.9,4.9,5.0,5.0,4.0,4.8,4.5,5.0,4.9,5.0,4.3,4.9
SYN-01221,4.1,4.2,4.0,3.4,4.2,4.0,3.7,3.2,4.1,3.6,3.9,3.8,4.2
SYN-01222,4.3,4.3,4.8,4.1,4.6,4.2,4.0,4.3,4.5,4.7,4.8,4.2,4.0
SYN-01223,4.3,4.1,4.4,4.3,4.6,3.8,4.2,4.2,4.8,4.1,4.5,4.4,4.7
SYN-01224,4.5,4.4,4.2,3.8,4.4,4.5,3.9,4.0,4.4,4.4,4.0,4.2,3.8
SYN-01225,4.5,3.7,4.3,4.1,4.5,3.9,4.2,3.6,3.6,4.3,3.6,4.1,4.4
SYN-01226,4.4,4.0,3.7,4.3,4.6,4.0,3.9,4.0,4.3,4.5,3.8,3.7,4.9
SYN-01227,4.2,4.3,4.0,4.4,4.5,4.3,4.7,4.1,4.1,4.3,4.4,4.3,3.8
SYN-01228,4.2,4.0,4.0,4.2,3.9,3.8,3.4,4.7,4.3,4.1,3.9,3.3,3.9
SYN-01229,4.8,4.8,4.7,4.6,4.9,4.4,4.9,4.4,4.3,4.2,4.2,4.7,4.3
SYN-01230,4.7,5.0,5.0,5.0,5.0,4.7,5.0,5.0,4.7,4.6,4.8,5.0,4.8
SYN-01231,4.4,3.9,4.3,4.3,4.3,4.1,4.4,4.1,4.5,3.5,4.1,4.1,3.7
SYN-01232,3.9,3.3,3.5,3.1,4.2,3.7,4.4,4.0,3.9,3.5,3.4,3.9,3.7
SYN-01233,3.8,3.7,3.9,4.7,4.8,4.2,4.2,4.1,3.9,4.6,4.7,3.9,4.1
SYN-01234,4.9,4.9,5.0,4.6,5.0,5.0,5.0,5.0,5.0,5.0,4.5,4.9,5.0
SYN-01235,3.1,3.6,3.7,4.2,3.7,3.7,4.2,3.4,3.3,3.8,3.5,3.5,4.1
SYN-01236,5.0,5.0,5.0,5.0,4.1,4.9,4.6,4.5,4.9,4.3,4.2,5.0,4.9
SYN-01237,4.8,4.5,5.0,5.0,4.8,4.4,4.7,5.0,5.0,4.7,4.7,4.7,4.9
SYN-01238,3.8,3.1,4.4,4.5,3.8,3.7,4.0,3.9,4.3,4.0,3.8,3.6,4.3
SYN-01239,4.6,4.7,4.1,5.0,3.9,4.6,3.8,4.2,4.9,4.6,4.2,4.2,4.4
SYN-01240,4.9,5.0,4.6,4.3,4.8,4.6,4.4,4.9,4.7,4.9,4.5,4.9,4.4
SYN-01241,3.8,4.0,4.6,4.3,4.4,4.5,5.0,4.1,4.5,4.4,4.4,4.6,3.9
SYN-01242,4.0,4.2,4.1,4.2,4.6,4.0,4.0,4.2,4.1,3.6,4.0,4.3,4.6
SYN-01243,3.7,3.6,4.0,3.4,3.9,3.5,4.4,3.8,4.5,4.3,3.8,3.7,3.9
SYN-01244,3.8,3.9,3.6,4.1,3.9,3.7,3.6,3.8,3.6,3.9,3.9,3.9,4.4
SYN-01245,3.9,4.3,4.0,3.9,3.9,4.0,4.1,3.7,3.5,4.2,4.2,4.2,4.0
SYN-01246,4.0,4.0,4.0,3.5,3.4,3.7,3.8,3.7,3.2,4.3,3.7,3.8,4.1
SYN-01247,3.5,4.1,4.1,4.1,4.2,4.6,4.4,4.5,4.2,3.8,3.6,3.8,4.3
SYN-01248,3.9,3.9,3.8,4.5,3.7,4.2,3.9,3.9,4.3,4.4,3.9,4.2,4.0
SYN-01249,4.3,4.3,4.1,4.2,4.1,4.6,4.3,3.9,4.1,3.3,4.1,4.3,4.2
SYN-01250,4.2,3.8,3.8,3.2,3.5,3.5,3.4,3.4,3.1,3.3,3.9,3.6,3.5
SYN-01251,4.3,4.7,4.3,4.5,4.1,4.1,4.4,4.9,4.7,4.5,4.4,4.7,4.6
SYN-01252,3.8,4.2,4.6,4.0,4.2,4.3,4.4,4.4,4.4,4.7,4.4,4.4,4.1
SYN-01253,3.8,3.3,3.2,3.6,3.3,3.3,3.6,3.4,4.2,3.5,3.7,2.9,3.2
SYN-01254,4.0,4.0,4.5,4.6,4.4,4.3,4.1,4.7,5.0,4.4,4.6,4.4,4.6
SYN-01255,4.3,4.5,4.7,5.0,4.4,4.0,4.5,4.9,4.2,4.3,4.7,4.6,4.8
SYN-01256,3.4,3.7,4.1,3.4,4.2,3.5,4.0,3.7,3.4,3.6,3.9,3.8,4.1
SYN-01257,5.0,4.4,4.4,4.4,4.5,5.0,5.0,4.6,4.8,5.0,5.0,4.9,4.0
SYN-01258,4.4,4.6,4.4,4.6,4.5,4.0,4.1,4.3,4.7,4.1,4.5,4.4,4.8
SYN-01259,3.9,3.4,4.1,4.6,4.2,3.7,3.6,3.7,4.6,3.9,3.8,3.9,3.9
SYN-01260,4.7,3.9,4.5,4.2,4.5,4.7,4.2,4.1,4.2,4.2,3.7,4.6,4.3
SYN-01261,4.0,3.8,3.7,4.6,4.2,4.3,4.5,4.2,4.6,4.4,4.4,3.9,4.1
SYN-01262,4.4,4.0,4.6,4.9,4.4,4.7,4.4,4.1,4.3,4.8,4.1,3.9,3.9
SYN-01263,4.3,4.1,4.9,4.5,4.7,4.3,4.0,4.0,4.1,4.5,4.5,4.6,3.9
SYN-01264,3.9,3.6,4.0,4.0,3.5,4.2,4.6,4.1,3.8,3.8,3.8,3.6,4.0
SYN-01265,3.9,3.7,4.3,4.3,4.1,3.9,4.3,4.0,4.2,4.8,4.5,3.8,3.9
SYN-01266,3.8,3.3,3.1,3.9,3.8,3.8,3.8,3.7,3.5,3.9,4.2,3.6,3.4
SYN-01267,3.8,3.9,4.2,3.5,4.3,4.4,3.6,3.9,4.2,4.1,4.3,4.1,4.5
SYN-01268,3.8,3.6,3.6,4.1,3.9,4.1,4.1,3.3,3.5,3.6,3.6,3.8,4.2
SYN-01269,4.3,3.9,3.9,3.7,4.0,4.0,4.2,4.2,3.3,3.9,4.4,3.8,4.3
SYN-01270,4.5,4.7,4.3,4.3,4.9,4.9,4.6,4.3,4.6,5.0,5.0,4.5,4.1
SYN-01271,4.8,4.5,4.9,4.7,4.3,4.6,5.0,4.5,4.3,4.1,4.4,4.5,4.8
SYN-01272,4.1,4.9,4.0,5.0,4.9,4.5,3.9,4.4,4.3,4.0,4.5,4.2,4.2
SYN-01273,3.8,3.6,4.4,3.7,3.9,3.9,3.9,3.9,4.1,3.9,3.9,3.8,3.8
SYN-01274,3.8,4.1,4.2,4.2,4.1,4.0,4.1,3.9,4.2,4.0,4.1,4.4,3.9
SYN-01275,4.8,4.6,5.0,4.6,4.8,4.6,4.2,4.5,4.9,4.5,4.0,4.6,4.3
SYN-01276,4.3,4.7,4.5,4.7,4.1,4.2,3.9,4.0,4.0,3.9,4.7,3.6,4.7
SYN-01277,5.0,5.0,4.7,4.5,4.8,5.0,5.0,4.7,5.0,5.0,4.9,5.0,4.5
SYN-01278,4.2,4.5,4.4,4.2,4.3,4.2,4.3,4.5,3.7,4.3,4.4,4.2,4.2
SYN-01279,4.1,4.1,4.3,4.3,3.6,4.5,4.2,4.8,3.9,4.0,4.2,4.4,3.7
SYN-01280,3.8,4.3,3.8,4.5,4.0,3.8,4.3,4.6,4.2,4.5,4.6,3.8,4.4
SYN-01281,3.8,4.4,4.2,4.6,4.6,4.4,4.3,4.4,4.3,4.2,4.7,4.7,4.2
SYN-01282,4.2,4.2,3.7,4.0,4.6,3.9,4.8,4.5,4.3,4.3,3.9,4.1,4.6
SYN-01283,4.3,4.8,4.0,4.1,5.0,4.4,4.3,4.9,4.8,4.7,4.3,4.4,4.5
SYN-01284,4.7,4.4,4.6,4.6,4.9,4.8,4.1,4.5,4.3,4.7,4.8,4.6,4.5
SYN-01285,3.9,4.0,3.7,3.6,3.3,4.3,4.1,4.0,4.3,3.5,3.4,4.0,4.0
SYN-01286,3.2,3.8,3.6,3.5,3.6,3.0,3.6,3.5,3.9,3.7,3.9,3.0,3.5
SYN-01287,3.7,3.5,3.8,3.0,3.8,3.4,3.3,3.9,3.9,3.9,4.2,3.9,3.3
SYN-01288,4.4,4.3,5.0,4.7,4.3,4.6,4.0,4.5,4.1,3.9,4.6,4.7,4.5
SYN-01289,3.8,3.4,3.5,3.5,3.7,4.1,4.1,3.3,3.6,3.6,3.1,4.0,3.7
SYN-01290,3.4,3.9,3.5,3.3,3.6,3.8,3.5,3.7,3.4,3.4,3.5,3.2,3.3
SYN-01291,4.7,4.9,4.8,3.9,3.9,4.0,4.4,3.5,4.2,4.8,4.6,4.2,4.2
SYN-01292,5.0,5.0,4.8,4.9,4.8,4.6,4.9,4.9,4.6,5.0,5.0,5.0,4.8
SYN-01293,3.6,4.3,4.0,3.9,3.8,4.1,4.7,4.0,3.9,4.4,4.2,3.6,4.4
SYN-01294,5.0,3.7,4.1,3.6,4.5,4.8,4.5,4.9,4.7,5.0,4.8,4.4,4.5
SYN-01295,4.0,4.2,4.2,4.2,4.6,4.1,3.9,4.0,4.4,3.8,4.2,4.6,4.3
SYN-01296,4.1,4.2,3.9,3.9,4.1,4.2,4.4,4.2,4.6,4.6,4.4,4.5,3.9
SYN-01297,4.2,4.7,4.1,4.4,4.8,4.9,4.4,4.3,4.6,4.2,4.5,4.5,4.5
SYN-01298,4.1,3.8,3.9,3.9,3.6,4.2,4.4,4.3,4.0,3.9,4.3,4.3,4.2
SYN-01299,4.8,4.3,4.2,4.2,3.8,4.5,4.3,4.4,4.8,4.2,3.6,4.4,4.3
SYN-01300,4.1,4.4,4.5,4.0,4.2,4.8,4.1,4.3,3.5,3.9,4.4,4.7,3.9
SYN-01301,4.0,3.9,4.3,3.6,4.1,3.8,4.0,4.0,3.9,4.1,4.0,3.9,3.9
SYN-01302,4.6,4.6,4.3,4.4,4.2,4.5,4.4,4.8,4.7,4.3,4.5,4.7,4.5
SYN-01303,3.9,3.8,4.4,4.4,4.1,4.4,3.2,4.5,4.1,4.2,4.0,4.6,3.8
SYN-01304,4.4,4.1,4.1,3.8,3.5,4.2,4.0,4.3,3.9,3.8,4.4,4.5,3.9
SYN-01305,4.2,4.6,4.3,4.6,4.3,4.9,4.2,4.5,4.2,4.3,4.3,4.6,4.7
SYN-01306,4.1,3.9,3.9,4.2,4.2,3.1,3.8,3.8,4.1,3.9,4.1,3.6,4.0
SYN-01307,4.5,3.8,5.0,4.6,4.2,4.0,4.2,4.2,4.3,4.7,4.1,4.4,3.8
SYN-01308,4.1,4.3,4.4,4.0,4.1,4.6,4.5,4.3,3.5,5.0,4.2,4.1,4.0
SYN-01309,4.7,4.7,4.9,4.3,4.5,5.0,4.6,4.5,4.3,4.7,4.9,4.8,4.5
SYN-01310,4.5,4.9,4.7,4.1,3.6,4.5,4.6,4.0,4.4,4.3,4.4,4.2,4.8
SYN-01311,4.2,3.9,4.5,3.8,4.6,4.5,4.6,4.1,4.0,4.2,4.2,4.0,4.0
SYN-01312,4.4,4.1,4.7,4.5,4.4,4.2,4.1,5.0,4.3,4.7,4.5,3.7,5.0
SYN-01313,4.9,4.5,4.7,4.3,5.0,4.4,4.5,4.5,4.7,5.0,5.0,4.6,4.8
SYN-01314,4.4,4.1,5.0,4.8,4.5,4.9,4.8,4.4,4.5,4.8,4.1,4.9,4.3
SYN-01315,4.7,4.2,4.3,4.2,4.0,4.1,4.6,3.5,3.8,4.0,3.9,4.7,4.6
SYN-01316,3.9,3.5,4.1,3.3,4.4,3.5,3.7,3.6,3.4,4.3,4.0,4.1,3.4
SYN-01317,3.9,4.0,3.9,3.5,4.1,3.9,3.5,3.3,4.0,4.6,3.5,3.9,4.2
SYN-01318,3.7,3.9,3.8,4.4,4.5,4.1,3.8,4.0,3.9,3.8,4.1,4.3,4.2
SYN-01319,4.0,4.0,4.0,3.6,4.0,3.8,3.6,4.1,3.8,4.1,4.2,3.7,4.0
SYN-01320,3.6,4.6,3.7,4.0,4.5,4.1,3.8,4.3,4.3,3.9,4.0,4.0,4.1
SYN-01321,3.7,4.2,4.8,4.0,4.0,3.9,4.4,4.6,4.6,3.8,4.4,4.6,4.4
SYN-01322,4.5,4.2,4.5,4.8,4.5,4.0,4.2,4.7,4.5,4.4,4.2,4.7,4.9
SYN-01323,4.6,4.6,4.1,4.0,4.1,4.2,4.6,4.5,4.3,3.7,3.7,4.2,4.4
SYN-01324,4.3,4.9,4.0,4.0,4.2,4.2,4.5,4.2,3.9,4.6,3.8,4.0,3.9
SYN-01325,4.3,4.3,4.8,4.5,4.7,4.3,3.9,4.3,4.4,4.4,4.1,4.4,3.9
SYN-01326,3.2,3.2,3.5,3.2,3.4,3.8,3.2,3.4,3.5,3.6,3.4,3.7,3.7
SYN-01327,4.2,3.8,3.7,3.7,4.0,3.8,3.7,3.7,3.7,3.9,3.4,4.0,4.1
SYN-01328,4.0,4.7,4.2,3.7,4.1,4.2,4.3,4.1,3.8,3.8,4.0,4.0,3.8
SYN-01329,3.6,4.0,4.3,4.0,4.2,4.1,4.0,3.7,3.8,3.7,3.7,3.8,4.0
SYN-01330,4.5,4.4,4.4,4.5,4.6,4.0,4.1,4.7,4.4,4.3,4.3,4.3,4.6
SYN-01331,4.4,4.7,4.8,4.9,4.8,4.9,4.6,4.5,5.0,4.6,4.7,4.9,5.0
SYN-01332,4.5,4.3,4.3,5.0,4.3,4.6,4.3,4.2,4.5,4.3,4.4,5.0,4.8
SYN-01333,4.4,4.4,4.1,4.0,4.2,4.2,4.0,4.2,3.9,4.1,4.0,3.7,3.4
SYN-01334,4.4,5.0,4.6,5.0,4.1,4.4,4.3,4.7,5.0,4.9,5.0,4.6,5.0
SYN-01335,4.9,4.2,4.1,3.9,4.2,4.3,4.9,3.9,4.3,3.7,4.1,4.3,4.4
SYN-01336,4.3,4.2,4.3,4.1,3.8,3.5,3.9,4.0,4.5,4.1,4.0,4.2,4.0
SYN-01337,4.2,4.6,4.6,4.0,4.1,4.5,3.9,4.2,3.6,3.9,4.3,3.8,3.9
SYN-01338,3.6,4.7,4.5,4.2,4.2,4.2,4.5,3.9,4.3,4.4,4.5,3.4,3.9
SYN-01339,3.8,4.1,3.5,3.5,4.7,4.2,4.1,4.2,4.1,4.4,3.9,4.1,4.1
SYN-01340,3.9,4.6,4.1,4.6,4.3,4.7,3.9,3.9,4.0,4.3,4.7,4.7,3.6
SYN-01341,4.3,3.3,4.5,4.6,4.2,4.3,4.3,4.0,4.4,4.2,4.5,4.2,4.0
SYN-01342,3.7,3.6,4.6,4.1,4.3,4.7,4.0,4.0,4.2,4.2,4.8,4.7,4.4
SYN-01343,4.8,4.3,4.4,4.3,4.0,4.7,4.5,4.4,4.4,3.9,4.1,4.5,4.2
SYN-01344,4.6,4.6,4.4,4.3,4.1,4.6,4.8,4.1,4.6,4.7,4.3,5.0,4.5
SYN-01345,4.5,4.5,4.0,4.8,4.2,4.5,4.7,5.0,4.2,4.4,4.9,4.7,4.7
SYN-01346,3.4,3.6,3.6,3.4,3.2,3.5,4.1,3.7,4.1,3.7,3.5,4.1,3.7
SYN-01347,3.6,3.0,3.6,3.6,3.4,3.1,3.3,3.5,3.4,3.5,3.6,3.1,3.0
SYN-01348,4.5,4.4,4.8,4.2,4.8,4.9,4.5,4.5,4.3,4.4,4.4,5.0,4.5
SYN-01349,3.3,3.8,4.0,3.7,4.2,4.0,3.4,3.6,3.8,3.2,3.8,3.2,4.0
SYN-01350,4.4,4.3,3.9,4.2,4.0,3.8,4.0,4.3,4.1,4.6,4.4,4.3,3.6
SYN-01351,3.7,3.5,3.7,3.6,3.7,4.1,3.9,4.1,3.3,3.8,4.1,4.2,3.3
SYN-01352,3.5,3.9,3.5,3.3,3.1,3.3,3.1,3.6,3.8,3.2,3.6,3.8,3.6
SYN-01353,3.9,4.5,4.4,4.3,4.2,4.4,4.5,5.0,4.4,4.8,4.5,4.4,4.4
SYN-01354,4.1,4.6,3.9,4.2,4.5,4.8,4.9,4.4,4.5,4.8,4.1,4.6,4.2
SYN-01355,3.9,3.9,4.1,4.2,4.3,4.1,4.0,4.6,3.5,4.5,3.9,4.2,3.9
SYN-01356,3.1,3.4,3.6,3.4,3.1,4.4,3.7,3.6,3.2,3.1,3.2,3.6,3.0
SYN-01357,3.7,4.2,4.1,3.8,3.7,4.4,4.1,3.6,3.6,3.9,4.2,4.2,4.3
SYN-01358,3.9,4.4,4.8,4.7,4.4,5.0,4.5,4.6,4.4,4.1,4.1,4.4,4.3
SYN-01359,3.2,3.4,3.6,3.9,3.7,3.7,3.4,3.7,4.1,3.7,3.2,3.3,3.9
SYN-01360,4.2,4.2,4.1,4.4,4.2,4.2,4.0,4.5,4.2,4.4,3.9,4.8,4.6
SYN-01361,3.6,4.0,4.3,3.8,4.2,4.3,4.1,4.4,4.0,3.5,4.5,4.5,4.9
SYN-01362,3.7,4.6,3.8,4.9,4.5,4.1,4.6,4.2,4.5,4.5,4.9,4.9,4.2
SYN-01363,4.6,4.3,3.8,4.0,4.9,4.3,4.5,4.2,4.1,4.3,4.2,3.8,3.9
SYN-01364,4.1,3.7,3.9,3.9,4.0,4.2,3.5,4.0,4.1,4.2,3.4,3.9,4.4
SYN-01365,4.6,4.8,4.9,4.3,5.0,4.8,4.8,4.1,4.9,4.8,5.0,4.5,4.3
SYN-01366,3.9,4.0,3.8,4.5,4.5,4.1,4.0,3.6,4.4,4.6,4.0,4.1,4.3
SYN-01367,4.7,4.3,4.2,4.2,3.8,3.8,3.9,4.5,4.1,4.0,4.0,4.1,4.7
SYN-01368,3.8,3.6,3.9,4.4,3.7,3.5,3.7,3.9,4.1,4.2,3.6,3.6,3.8
SYN-01369,4.3,3.7,3.9,3.9,4.3,4.2,4.3,4.4,4.0,3.7,3.7,3.5,3.9
SYN-01370,3.8,4.1,3.9,3.7,3.9,3.6,4.2,3.7,3.5,4.1,4.1,3.4,4.1
SYN-01371,3.9,4.0,4.2,4.3,4.3,4.1,4.0,4.3,4.1,4.7,4.3,3.9,4.0
SYN-01372,4.8,5.0,5.0,4.7,4.5,4.5,4.9,5.0,5.0,4.3,4.6,4.6,4.6
SYN-01373,3.6,3.8,3.9,4.0,3.9,3.1,3.4,3.7,3.8,4.0,3.7,3.7,3.8
SYN-01374,3.6,3.7,4.0,3.6,3.6,3.6,4.0,3.3,4.2,3.3,3.4,3.9,3.9
SYN-01375,4.3,4.4,4.8,5.0,5.0,4.6,4.0,4.7,4.8,4.6,4.5,4.8,4.4
SYN-01376,4.7,4.6,4.3,4.2,3.9,4.1,4.6,4.4,4.2,4.4,4.3,4.2,4.4
SYN-01377,4.1,4.2,4.0,3.9,3.8,3.8,3.5,3.7,3.7,3.8,4.4,3.9,4.0
SYN-01378,4.6,5.0,4.4,4.5,4.5,4.9,5.0,4.7,4.9,4.6,4.5,4.9,4.7
SYN-01379,3.8,4.3,3.9,3.9,4.3,4.0,4.1,4.2,3.8,4.1,4.4,3.7,4.1
SYN-01380,4.6,5.0,5.0,4.7,5.0,5.0,5.0,5.0,5.0,4.5,4.9,5.0,4.7
SYN-01381,4.6,4.8,4.3,4.4,4.2,3.9,4.7,4.4,4.5,4.1,4.4,4.8,4.4
SYN-01382,4.0,4.1,3.7,4.2,3.7,3.7,3.7,4.0,3.9,4.0,3.8,4.3,4.3
SYN-01383,4.9,4.8,4.8,4.9,4.5,4.7,5.0,5.0,5.0,4.9,4.8,4.8,4.9
SYN-01384,3.8,4.1,4.0,3.8,4.4,4.6,4.3,4.2,4.2,4.5,4.2,3.8,4.1
SYN-01385,4.6,4.2,4.4,4.8,3.9,4.1,4.4,4.6,4.1,4.4,4.8,4.5,4.7
SYN-01386,4.1,4.1,4.6,4.4,3.9,4.1,4.8,4.0,4.6,4.2,4.3,4.4,3.7
SYN-01387,4.2,4.7,4.4,5.0,4.2,4.8,4.2,4.5,4.3,5.0,4.3,4.6,4.1
SYN-01388,5.0,4.9,4.8,5.0,4.8,4.8,4.8,4.9,4.6,4.7,5.0,4.8,4.7
SYN-01389,3.8,4.7,4.0,4.5,4.3,3.8,4.6,4.3,4.6,4.2,4.4,3.7,4.1
SYN-01390,3.6,3.8,4.1,3.8,4.2,3.7,4.2,4.3,4.2,3.8,3.3,4.1,3.9
SYN-01391,4.1,4.2,4.8,4.0,4.5,4.4,4.3,4.6,4.9,4.3,4.3,4.5,4.6
SYN-01392,3.9,3.9,3.3,3.7,3.6,4.2,3.9,3.9,4.0,3.7,4.4,4.4,4.4
SYN-01393,5.0,4.9,5.0,4.7,4.6,4.7,5.0,4.7,4.9,4.4,5.0,4.4,4.6
SYN-01394,4.6,4.6,4.4,4.3,4.1,4.0,4.1,3.8,4.3,4.3,4.0,4.7,4.4
SYN-01395,4.3,3.9,4.1,4.3,4.1,4.6,4.0,3.9,4.3,3.7,4.3,3.7,4.3
SYN-01396,4.1,4.4,4.5,4.3,3.9,4.0,4.0,3.7,4.6,4.3,3.9,4.7,4.1
SYN-01397,3.8,3.5,3.1,3.3,3.6,4.0,3.8,3.8,3.1,4.1,3.8,3.7,4.1
SYN-01398,4.2,4.2,3.8,3.6,4.2,3.5,4.4,3.9,3.5,3.5,3.5,3.9,3.9
SYN-01399,4.2,4.5,4.2,4.8,4.6,4.5,4.2,4.5,4.5,4.7,4.7,4.9,4.5
SYN-01400,3.4,4.3,3.7,3.6,4.0,4.1,3.8,3.8,3.9,4.4,4.0,3.7,3.7
SYN-01401,3.8,3.9,4.0,3.9,3.6,3.7,4.1,3.5,3.7,4.0,4.1,3.8,3.7
SYN-01402,4.0,4.5,4.8,5.0,4.5,4.4,4.1,3.8,4.4,5.0,4.8,4.7,4.5
SYN-01403,4.7,3.9,4.8,4.4,4.4,4.5,4.5,4.4,4.6,4.4,4.6,4.2,4.6
SYN-01404,4.1,4.3,4.5,4.0,4.2,4.6,4.0,5.0,4.8,4.3,4.2,4.5,4.0
SYN-01405,3.9,4.4,4.5,4.6,4.4,4.9,4.1,4.2,4.7,4.2,4.2,4.6,4.2
SYN-01406,3.9,3.7,3.7,3.3,4.0,3.6,3.9,3.8,3.9,3.9,4.0,3.7,4.3
SYN-01407,3.1,3.6,4.0,3.8,3.4,3.5,3.4,3.9,3.5,3.8,3.8,4.4,3.8
SYN-01408,4.5,4.3,4.6,4.7,4.1,4.5,4.8,4.6,5.0,4.3,4.9,5.0,5.0
SYN-01409,3.6,4.2,3.9,3.7,4.0,3.8,4.4,4.2,3.7,3.9,4.0,4.1,4.4
SYN-01410,4.3,4.1,4.0,3.6,4.5,4.0,4.6,4.2,4.7,4.3,3.7,3.9,4.1
SYN-01411,4.4,4.6,4.3,4.7,4.7,4.4,5.0,4.7,4.4,4.2,4.7,4.6,4.9
SYN-01412,4.4,4.0,4.9,4.5,4.3,4.4,4.5,4.0,4.4,4.3,4.5,4.2,4.2
SYN-01413,4.9,4.7,3.4,4.7,4.3,4.1,4.1,4.1,4.2,4.0,4.0,4.0,4.5
SYN-01414,5.0,5.0,4.9,4.6,5.0,4.7,5.0,4.6,4.8,4.8,5.0,5.0,5.0
SYN-01415,4.5,3.4,3.7,3.7,3.4,3.8,4.2,3.8,3.9,3.5,3.7,3.8,4.2
SYN-01416,4.0,4.4,4.9,4.4,3.9,4.9,4.7,4.8,4.0,5.0,4.3,4.4,4.3
SYN-01417,4.5,4.2,4.4,4.2,4.2,3.9,4.8,3.8,4.3,4.3,4.6,4.6,4.2
SYN-01418,4.5,4.8,4.3,4.0,4.2,3.9,4.4,4.6,4.3,3.8,4.6,3.8,3.8
SYN-01419,4.7,4.8,4.9,4.7,5.0,4.8,5.0,5.0,4.3,4.7,5.0,4.6,4.5
SYN-01420,4.4,4.2,4.1,4.2,4.8,4.3,4.0,3.9,5.0,4.3,4.5,4.1,4.5
SYN-01421,4.8,4.2,4.5,4.0,5.0,4.5,4.3,4.3,4.2,4.3,3.7,4.4,4.3
SYN-01422,4.7,4.4,4.3,4.6,4.1,4.6,4.0,4.9,4.8,4.3,4.8,4.6,4.3
SYN-01423,3.5,4.2,3.8,4.4,4.1,3.9,4.6,4.2,3.0,3.9,3.7,3.8,4.0
SYN-01424,4.0,4.0,4.2,4.1,4.1,4.0,4.3,3.8,3.8,3.3,4.2,3.9,4.8
SYN-01425,3.7,3.9,4.0,3.5,3.9,3.8,3.7,4.2,3.6,3.9,4.3,3.6,3.7
SYN-01426,4.2,3.7,3.4,3.8,3.3,3.0,3.9,3.2,4.2,3.4,4.2,3.1,3.8
SYN-01427,5.0,5.0,5.0,4.8,4.5,4.9,5.0,4.8,5.0,5.0,4.6,5.0,4.8
SYN-01428,3.6,4.1,3.6,3.7,3.8,4.2,3.9,4.0,3.7,3.8,3.8,3.9,3.7
SYN-01429,4.5,4.0,3.6,4.9,4.0,4.5,4.5,4.4,4.1,4.2,3.7,4.7,3.9
SYN-01430,4.0,4.1,4.1,3.9,4.5,4.4,4.2,4.0,4.4,4.0,4.6,4.1,4.5
SYN-01431,4.3,4.3,4.7,5.0,4.8,4.6,4.5,4.2,4.4,4.0,4.4,4.4,3.7
SYN-01432,4.5,4.6,4.5,4.6,4.1,4.3,4.8,4.5,4.6,4.3,4.5,3.8,4.7
SYN-01433,5.0,4.2,4.2,4.6,4.9,4.5,4.1,4.4,4.2,4.3,4.4,4.2,4.3
SYN-01434,4.0,4.1,3.6,4.1,3.9,4.2,4.2,3.8,4.2,3.7,4.4,3.8,4.1
SYN-01435,4.1,3.8,4.4,4.0,3.6,3.3,3.9,4.6,4.5,3.9,4.0,4.0,3.7
SYN-01436,4.0,4.6,4.5,4.4,3.9,4.3,3.6,4.6,4.4,3.9,4.8,3.8,4.5
SYN-01437,4.3,3.7,4.1,3.6,3.3,3.8,3.9,4.3,4.1,4.1,3.8,4.0,3.8
SYN-01438,4.4,4.6,4.8,4.6,4.7,5.0,4.6,4.4,4.9,4.8,4.9,5.0,4.9
SYN-01439,4.4,5.0,4.0,4.2,4.7,4.4,4.6,4.4,4.8,4.1,4.8,4.7,4.0
SYN-01440,4.6,4.4,4.3,3.9,4.2,4.7,4.7,4.4,4.7,4.7,4.5,4.2,4.6
SYN-01441,4.6,4.6,4.7,4.0,4.3,3.9,4.7,4.4,4.6,4.0,4.9,4.1,4.7
SYN-01442,4.6,4.6,4.5,4.4,5.0,4.6,4.2,4.5,4.6,4.9,4.4,4.4,4.6
SYN-01443,4.5,3.9,4.4,4.1,4.2,4.9,4.2,4.5,4.5,3.9,3.7,4.5,3.9
SYN-01444,3.2,4.1,3.4,3.5,4.3,3.2,3.4,3.6,3.7,3.5,3.4,4.2,3.8
SYN-01445,4.5,4.3,4.4,4.6,4.0,4.4,4.5,4.8,4.9,4.4,4.7,3.5,4.8
SYN-01446,3.8,3.9,4.1,3.9,4.0,4.4,3.9,3.6,4.5,4.1,4.5,4.2,3.6
SYN-01447,4.2,3.7,4.0,4.0,3.5,3.8,4.7,4.1,4.0,4.6,3.9,4.0,4.3
SYN-01448,4.3,4.2,3.7,4.1,4.1,4.5,4.2,5.0,4.1,4.8,4.5,4.6,4.6
SYN-01449,4.0,4.6,4.6,4.3,4.8,5.0,3.8,4.5,4.3,4.7,4.5,4.5,4.8
SYN-01450,4.7,5.0,4.0,3.7,4.4,4.7,4.5,4.7,4.1,4.0,4.2,4.1,4.4
SYN-01451,4.6,4.6,4.5,4.4,4.5,3.7,4.4,4.3,4.4,4.3,4.4,4.1,4.6
SYN-01452,4.9,4.8,4.6,5.0,4.9,4.6,4.8,5.0,5.0,4.9,4.8,5.0,5.0
SYN-01453,4.5,4.1,4.0,4.1,4.9,4.4,4.9,4.2,4.2,4.3,4.3,4.1,3.9
SYN-01454,5.0,5.0,5.0,4.9,4.9,4.8,5.0,5.0,4.7,4.7,5.0,5.0,5.0
SYN-01455,4.1,3.8,4.1,4.6,5.0,4.3,5.0,4.6,4.0,4.5,4.7,3.7,4.6
SYN-01456,3.9,3.7,3.6,3.5,3.5,3.2,3.4,3.5,3.6,3.4,3.3,3.8,3.7
SYN-01457,4.3,4.6,4.3,4.5,4.8,4.3,4.1,4.4,4.1,4.4,4.4,3.7,4.6
SYN-01458,4.3,4.7,4.4,4.6,4.7,4.3,4.3,3.9,4.7,4.3,4.0,4.6,3.7
SYN-01459,4.5,4.9,4.5,4.4,4.5,4.0,4.9,4.6,4.6,4.6,4.7,4.8,4.6
SYN-01460,4.0,4.6,4.6,4.5,4.8,4.4,4.8,4.9,4.6,4.2,4.4,4.8,4.0
SYN-01461,4.0,4.0,3.9,4.4,4.3,3.9,4.3,4.1,3.9,3.9,4.3,4.4,4.0
SYN-01462,3.9,4.2,3.4,3.9,4.0,3.7,4.1,4.4,3.9,3.7,4.1,4.0,3.0
SYN-01463,4.1,4.0,4.2,4.1,4.1,3.9,4.3,4.6,3.9,3.7,4.1,4.1,4.5
SYN-01464,3.5,3.7,3.3,4.3,4.0,3.8,3.5,3.5,4.0,3.6,3.9,4.5,3.8
SYN-01465,3.7,4.1,3.6,4.5,4.4,3.9,3.7,3.9,3.9,4.1,4.3,3.7,4.3
SYN-01466,4.6,4.3,4.1,4.4,4.1,4.7,4.1,4.6,4.4,4.2,4.4,4.7,4.0
SYN-01467,4.7,4.6,4.8,4.6,4.3,4.5,5.0,4.9,4.8,4.7,4.8,4.7,4.9
SYN-01468,4.4,4.0,4.4,3.6,4.5,3.9,4.3,4.0,4.3,4.5,4.8,3.9,4.6
SYN-01469,3.8,3.6,4.0,3.7,4.0,3.5,3.6,4.1,4.2,3.8,2.9,3.7,3.8
SYN-01470,4.3,4.5,4.2,4.6,4.0,4.7,4.8,4.1,4.1,4.5,4.0,4.2,4.7
SYN-01471,4.8,5.0,4.7,4.4,4.6,4.6,4.6,4.6,4.3,4.7,4.2,4.4,4.6
SYN-01472,3.3,4.2,3.4,4.2,3.6,3.9,4.1,4.6,4.0,3.4,4.3,3.9,4.0
SYN-01473,4.3,3.5,4.2,4.0,4.5,4.4,3.7,4.5,4.3,3.7,4.2,4.5,3.8
SYN-01474,4.6,3.8,4.0,3.9,4.6,4.1,3.9,4.3,4.4,4.4,4.1,4.3,4.0
SYN-01475,4.4,4.3,4.3,4.2,4.1,3.6,4.1,4.0,4.3,4.2,4.1,3.4,3.9
SYN-01476,4.3,4.5,4.3,4.3,4.6,4.3,4.5,4.0,4.2,4.6,4.1,4.8,4.7
SYN-01477,4.1,5.0,4.5,3.9,4.4,4.2,3.9,3.8,4.5,4.0,4.1,3.9,3.9
SYN-01478,4.3,4.5,3.6,4.4,4.1,4.8,5.0,4.2,3.8,4.4,4.3,4.9,4.8
SYN-01479,4.1,3.7,4.1,4.0,4.0,3.4,4.2,3.9,3.9,3.7,3.7,4.0,3.4
SYN-01480,4.3,3.7,3.4,4.6,3.8,3.8,4.4,4.6,3.6,3.8,3.8,4.3,4.5
SYN-01481,4.1,4.9,4.2,4.6,4.1,4.4,4.4,4.4,4.6,4.2,4.2,4.6,4.9
SYN-01482,4.1,4.2,4.3,4.3,3.8,3.8,3.9,4.6,4.2,4.2,4.2,3.7,4.7
SYN-01483,4.9,5.0,4.3,5.0,4.7,4.4,4.5,4.4,4.4,4.8,4.7,4.9,5.0
SYN-01484,4.0,3.4,4.0,4.4,4.0,4.5,4.2,3.5,4.1,4.1,4.4,4.6,4.3
SYN-01485,4.4,4.5,4.2,3.8,4.3,4.4,3.9,4.7,4.6,3.9,4.7,4.2,4.0
SYN-01486,4.9,4.5,5.0,4.3,4.0,4.4,4.8,4.2,4.1,4.6,4.1,4.6,4.4
SYN-01487,3.9,3.3,4.1,3.6,3.9,4.0,3.4,4.0,3.3,3.3,4.3,4.0,4.3
SYN-01488,3.5,3.6,3.7,3.6,3.4,3.3,3.6,3.3,3.3,3.7,3.6,3.9,3.5
SYN-01489,3.5,3.8,3.4,3.5,3.5,3.6,4.2,3.3,4.1,3.9,4.1,4.6,4.1
SYN-01490,4.9,4.2,4.3,4.7,4.1,4.8,4.0,5.0,4.5,4.7,4.4,4.1,5.0
SYN-01491,4.4,3.9,4.2,3.9,4.1,4.2,4.2,4.4,4.2,4.0,3.8,3.9,4.2
SYN-01492,4.5,5.0,4.9,4.8,4.7,5.0,5.0,5.0,4.6,4.8,5.0,4.8,5.0
SYN-01493,4.1,4.1,4.5,3.6,4.1,3.8,4.1,4.1,3.7,3.7,4.2,4.0,3.9
SYN-01494,4.5,4.5,4.1,4.0,3.9,4.3,3.8,4.3,4.6,4.2,4.1,4.9,4.7
SYN-01495,4.5,4.8,4.8,4.8,5.0,4.8,4.8,4.9,5.0,5.0,4.9,4.3,4.6
SYN-01496,5.0,5.0,5.0,5.0,4.5,5.0,4.8,5.0,4.9,5.0,4.9,4.7,5.0
SYN-01497,5.0,5.0,5.0,5.0,4.9,4.9,4.7,4.9,5.0,5.0,4.9,4.7,4.7
SYN-01498,4.5,5.0,5.0,4.6,4.3,4.6,5.0,4.9,4.8,4.9,5.0,4.3,4.5
SYN-01499,4.4,4.7,4.6,4.8,4.4,5.0,4.5,4.8,4.9,4.9,4.7,4.8,5.0
SYN-01500,4.6,4.2,4.6,4.4,3.7,4.5,4.4,4.8,4.2,4.0,4.5,4.5,4.4
SYN-01501,4.5,4.2,4.4,4.4,4.8,4.6,4.4,5.0,4.4,4.6,4.4,5.0,4.5
SYN-01502,4.0,4.0,4.1,4.4,4.3,4.0,4.5,4.3,3.9,3.6,3.9,4.1,4.2
SYN-01503,4.3,3.6,3.8,3.6,3.5,3.7,4.0,4.1,3.6,3.7,3.4,4.0,3.7
SYN-01504,4.7,4.3,4.1,4.0,3.8,3.8,4.0,4.0,3.9,4.3,4.4,4.1,4.8
SYN-01505,3.6,4.2,4.1,4.0,3.9,4.1,4.1,4.0,3.8,3.7,4.1,4.0,4.1
SYN-01506,4.0,3.9,4.0,3.8,4.5,3.8,3.9,3.8,3.8,4.0,4.0,3.9,4.0
SYN-01507,4.2,4.6,5.0,4.2,4.6,4.5,4.6,4.7,4.5,4.4,4.3,4.2,4.4
SYN-01508,4.1,4.4,4.9,4.6,4.8,5.0,4.5,4.6,4.4,4.3,4.2,4.8,4.6
SYN-01509,4.8,4.5,4.0,4.5,4.1,4.6,4.1,3.9,4.0,4.0,4.0,4.1,4.5
SYN-01510,5.0,4.3,5.0,4.6,4.8,4.2,4.9,4.1,4.8,4.8,4.8,4.5,4.9
SYN-01511,3.9,3.7,4.0,3.8,4.0,3.8,3.9,4.0,3.7,3.4,3.9,4.2,3.9
SYN-01512,4.2,4.1,4.4,4.1,4.0,4.5,4.0,4.4,4.5,4.3,3.8,4.1,4.1
SYN-01513,3.8,4.0,4.2,3.8,3.9,3.9,4.3,3.9,3.6,3.5,4.1,3.7,4.1
SYN-01514,3.1,3.4,3.1,3.7,3.7,3.6,3.2,3.3,3.6,3.0,3.5,4.0,3.5
SYN-01515,3.7,4.0,4.0,4.8,4.7,4.4,4.1,4.5,3.8,4.5,4.4,4.1,4.5
SYN-01516,4.0,3.8,4.5,4.1,4.3,4.7,3.9,4.1,4.6,4.4,3.9,3.9,4.0
SYN-01517,4.5,4.8,4.8,4.8,4.5,4.7,4.1,4.8,5.0,4.3,4.9,4.5,5.0
SYN-01518,4.5,4.5,4.4,4.8,4.5,4.2,4.5,4.3,4.5,4.3,4.2,4.5,4.4
SYN-01519,4.2,3.7,3.2,3.7,3.4,4.0,3.3,3.5,3.7,4.3,3.5,3.8,4.0
SYN-01520,5.0,5.0,5.0,5.0,4.5,5.0,5.0,4.6,4.7,4.6,5.0,4.8,4.8
SYN-01521,4.2,4.6,4.5,4.7,4.3,4.7,4.5,4.3,4.2,4.3,4.6,4.7,4.7
SYN-01522,4.5,4.2,4.7,4.3,4.5,4.4,4.5,4.3,4.5,4.4,4.6,4.2,3.9
SYN-01523,3.8,4.4,4.1,4.1,3.8,4.1,3.8,3.9,4.0,4.3,4.3,4.3,3.6
SYN-01524,3.9,3.8,3.4,3.9,3.8,4.0,3.9,3.7,4.1,3.2,3.8,3.3,3.6
SYN-01525,4.2,3.7,3.6,4.8,3.7,4.6,4.0,3.9,4.2,4.5,3.7,3.9,4.3
SYN-01526,4.7,4.9,4.7,5.0,4.6,4.6,4.7,4.5,4.8,4.7,4.8,4.9,4.7
SYN-01527,5.0,4.6,4.7,5.0,5.0,4.3,4.7,4.9,4.6,4.6,5.0,5.0,4.3
SYN-01528,4.7,4.9,5.0,4.8,5.0,4.7,5.0,4.5,4.8,4.4,5.0,4.7,4.8
SYN-01529,3.9,4.2,4.1,3.7,3.7,4.0,4.2,4.6,4.1,4.3,3.5,4.6,4.2
SYN-01530,3.8,3.8,3.5,3.6,4.4,3.5,3.5,3.6,3.4,3.8,4.1,3.6,3.4
SYN-01531,4.3,4.2,4.6,4.1,4.2,4.2,4.3,4.1,4.1,3.7,4.1,4.5,4.5
SYN-01532,3.4,4.0,3.6,3.2,3.1,3.9,3.5,3.2,2.9,3.5,3.7,3.4,3.3
SYN-01533,4.1,4.7,3.9,4.1,4.7,4.5,4.4,4.1,4.3,4.2,4.1,4.0,4.5
SYN-01534,4.1,4.2,4.2,4.3,4.1,4.0,3.9,3.7,3.8,4.0,3.7,3.7,4.5
SYN-01535,4.1,3.9,4.7,3.5,4.3,4.0,4.3,4.1,3.5,4.1,4.1,3.4,4.6
SYN-01536,3.7,3.8,3.3,3.8,4.0,3.7,3.6,3.4,3.6,3.5,3.8,3.4,3.8
SYN-01537,4.1,4.3,4.6,4.2,4.6,4.5,4.3,4.7,4.4,4.7,4.9,4.3,4.6
SYN-01538,3.8,3.7,4.0,3.6,3.7,4.2,3.9,4.2,4.1,4.6,4.2,4.3,4.1
SYN-01539,3.9,4.1,4.0,3.9,3.9,4.0,3.6,3.6,4.2,4.3,3.5,3.6,4.1
SYN-01540,3.4,3.4,3.5,3.1,3.3,3.3,2.9,3.3,3.6,3.1,3.2,3.3,3.1
SYN-01541,4.4,4.0,4.6,4.4,3.9,4.7,4.2,4.0,4.5,4.3,3.7,4.0,4.3
SYN-01542,4.2,4.8,4.9,4.5,4.9,4.8,4.5,5.0,5.0,4.7,4.8,5.0,4.8
SYN-01543,4.2,4.9,4.5,4.7,5.0,4.7,4.8,4.9,4.9,4.5,4.8,4.8,4.9
SYN-01544,4.1,4.8,3.7,4.3,4.4,4.2,3.8,4.5,3.4,3.8,4.4,3.9,4.5
SYN-01545,3.5,3.7,3.8,4.1,3.9,3.8,4.4,4.4,3.9,3.5,3.3,4.1,4.2
SYN-01546,4.4,4.3,4.1,4.6,4.9,3.7,4.3,4.1,3.9,4.0,4.5,4.5,4.8
SYN-01547,3.9,3.3,3.8,3.4,3.5,4.0,3.9,4.0,3.7,4.1,3.7,4.2,4.0
SYN-01548,4.2,4.4,4.3,4.8,4.4,4.3,4.2,4.6,4.5,4.2,4.0,4.0,4.3
SYN-01549,4.9,4.4,4.3,3.9,4.9,4.6,4.7,4.8,4.4,4.5,4.9,4.5,4.6
SYN-01550,4.9,4.8,4.6,4.6,4.9,4.9,5.0,4.8,4.8,4.5,4.5,4.9,4.5
SYN-01551,4.2,4.6,4.5,4.3,4.1,4.1,4.4,4.2,4.0,4.5,4.2,4.0,4.3
SYN-01552,4.4,3.8,4.1,4.1,4.3,4.3,4.0,3.7,4.4,3.8,4.2,4.1,4.2
SYN-01553,4.4,4.8,3.4,4.2,3.8,4.2,4.2,4.3,4.0,3.6,4.2,3.9,3.8
SYN-01554,3.8,4.2,4.4,3.6,4.1,3.8,3.5,4.0,3.7,3.4,3.7,3.6,3.7
SYN-01555,3.7,4.0,3.9,4.2,4.3,4.2,4.1,4.0,3.9,3.9,4.3,3.6,4.1
SYN-01556,4.2,4.5,3.9,4.3,4.4,3.8,4.0,4.3,4.5,4.4,4.5,4.0,3.9
SYN-01557,4.5,4.2,4.3,4.8,4.6,4.3,4.3,4.7,4.6,4.2,3.9,5.0,4.2
SYN-01558,4.1,4.4,4.0,3.7,3.5,3.5,4.0,4.4,3.8,3.8,4.1,3.7,4.0
SYN-01559,4.7,4.6,4.7,5.0,4.9,5.0,4.4,5.0,4.9,4.3,4.9,4.6,4.3
SYN-01560,4.1,4.3,4.2,4.1,4.0,4.8,3.8,4.4,4.1,3.8,4.1,3.7,3.9
SYN-01561,4.2,3.7,4.3,3.9,3.8,3.9,4.8,3.6,4.3,4.0,4.1,4.4,4.4
SYN-01562,3.7,3.5,4.1,4.1,3.9,4.1,3.8,3.7,3.9,4.1,4.0,4.1,3.7
SYN-01563,3.8,3.2,3.3,3.0,3.3,3.5,3.6,3.8,3.5,3.4,3.2,3.2,3.6
SYN-01564,4.8,4.2,4.7,4.7,4.2,4.7,4.2,3.8,4.5,4.6,4.5,5.0,4.6
SYN-01565,4.5,4.6,4.3,4.7,4.6,4.6,4.3,4.0,4.3,4.5,4.3,4.5,4.4
SYN-01566,4.2,3.8,4.2,3.9,3.6,4.1,4.6,3.7,4.1,4.3,4.8,4.0,3.9
SYN-01567,3.9,4.6,4.0,4.1,3.7,4.5,4.6,4.5,3.7,4.4,3.7,4.2,4.3
SYN-01568,4.5,4.5,4.4,3.8,4.5,4.4,4.1,3.9,4.8,4.7,4.6,4.2,3.6
SYN-01569,3.9,3.8,3.5,4.0,3.9,3.7,3.7,3.7,3.9,3.4,3.8,3.4,4.1
SYN-01570,4.2,3.8,4.0,3.8,4.5,4.5,4.2,4.5,4.1,4.2,4.4,4.0,4.0
SYN-01571,4.8,4.7,4.3,3.8,4.4,3.8,4.2,4.2,4.3,4.7,4.8,4.6,4.7
SYN-01572,4.0,3.0,3.8,3.2,3.9,3.1,3.7,3.9,3.4,4.0,3.9,3.9,4.0
SYN-01573,4.2,4.3,4.3,4.3,4.1,3.9,4.2,4.2,4.1,4.6,4.0,4.3,4.7
SYN-01574,4.0,4.1,3.5,4.0,3.4,3.6,3.7,3.6,3.6,3.6,3.4,4.0,3.7
SYN-01575,4.4,4.4,4.4,4.4,4.3,4.8,4.6,4.4,4.2,4.3,4.5,4.8,4.0
SYN-01576,4.4,4.5,3.7,4.1,3.9,4.3,4.1,4.1,4.1,4.4,4.3,4.3,4.2
SYN-01577,3.8,3.6,4.1,3.3,3.1,3.1,3.0,3.8,3.8,4.0,3.3,3.9,3.7
SYN-01578,4.7,4.8,4.4,5.0,5.0,4.4,4.3,4.6,4.7,4.9,4.3,4.7,4.1
SYN-01579,4.1,3.9,4.5,3.5,4.4,3.4,3.5,3.4,4.0,3.6,3.5,4.0,4.1
SYN-01580,3.9,3.9,4.5,4.0,4.2,4.0,3.6,4.1,3.7,3.9,4.0,3.3,3.4
SYN-01581,4.5,4.1,4.1,4.3,4.2,4.4,4.3,4.3,4.1,4.3,4.6,4.1,4.5
SYN-01582,4.6,4.8,4.6,4.6,4.7,5.0,4.7,4.7,4.5,5.0,4.8,4.6,4.6
SYN-01583,4.1,3.7,3.3,3.9,4.2,4.3,3.8,3.9,4.0,3.8,4.0,3.8,4.1
SYN-01584,4.4,4.5,4.2,4.8,4.4,4.3,4.0,4.2,4.3,4.0,4.1,4.2,4.2
SYN-01585,3.8,4.3,4.2,4.3,4.7,5.0,4.6,4.0,4.2,4.5,4.5,4.6,4.3
SYN-01586,4.3,5.0,4.5,4.1,4.9,4.0,3.4,4.7,4.7,4.6,4.1,4.4,4.4
SYN-01587,4.1,4.7,3.9,4.4,4.6,4.4,4.6,4.4,4.4,4.4,4.4,4.1,3.9
SYN-01588,4.4,4.4,4.1,3.9,3.6,4.1,3.7,3.6,4.1,3.8,4.2,4.0,3.9
SYN-01589,3.4,3.7,3.7,3.5,3.8,3.6,3.9,4.0,3.7,4.0,3.5,3.6,3.9
SYN-01590,4.4,4.5,4.7,4.1,4.2,3.9,3.9,4.3,4.0,4.6,3.8,4.4,3.9
SYN-01591,3.6,4.0,3.6,3.7,3.6,4.4,3.6,3.8,3.8,3.9,3.6,3.8,3.9
SYN-01592,2.9,3.5,3.5,3.4,3.2,2.3,3.3,3.1,3.1,2.6,3.3,2.7,3.2
SYN-01593,4.6,4.2,4.7,4.1,4.5,4.0,4.7,4.6,4.5,4.2,3.9,4.2,4.7
SYN-01594,4.6,4.1,4.2,4.9,4.7,4.1,4.0,4.3,4.0,4.5,5.0,4.0,4.5
SYN-01595,3.8,3.6,3.3,3.3,3.0,3.3,3.4,3.7,3.2,3.3,3.1,3.4,3.6
SYN-01596,4.0,3.5,3.9,3.6,4.1,3.8,3.4,3.8,4.0,3.9,3.7,3.7,3.6
SYN-01597,4.3,4.2,4.7,4.1,4.5,4.4,4.7,4.7,4.6,4.5,4.1,4.1,4.2
SYN-01598,5.0,4.9,5.0,5.0,4.7,4.9,4.9,4.8,4.8,5.0,4.9,4.9,4.7
SYN-01599,4.4,3.9,4.3,4.4,4.1,4.3,4.3,4.2,4.2,4.2,4.2,4.2,3.9
SYN-01600,3.9,4.0,4.0,4.2,4.1,3.7,3.9,3.9,3.9,3.9,4.1,4.0,4.3
SYN-01601,4.2,3.9,4.0,4.3,3.7,3.7,4.1,4.4,4.5,4.1,4.5,4.2,3.7
SYN-01602,4.7,4.5,5.0,4.7,4.3,4.2,4.7,4.0,4.5,4.8,4.4,5.0,5.0
SYN-01603,3.7,3.9,4.3,4.0,3.6,3.9,3.7,4.3,4.2,3.9,4.0,3.6,3.7
SYN-01604,4.4,3.9,4.2,4.0,4.3,3.3,3.9,4.4,4.2,4.3,3.9,3.8,3.6
SYN-01605,3.7,4.3,4.2,4.0,4.2,4.1,4.3,4.3,3.7,4.1,3.5,4.1,4.2
SYN-01606,3.5,3.7,3.9,3.9,3.8,3.5,3.9,3.4,3.8,3.7,3.8,3.7,3.4
SYN-01607,4.1,4.5,4.6,5.0,4.8,3.9,4.1,4.2,4.2,4.3,5.0,3.9,4.0
SYN-01608,5.0,4.6,4.9,5.0,4.9,4.8,5.0,4.5,4.6,4.9,4.1,5.0,4.9
SYN-01609,4.4,3.8,3.9,4.2,4.6,3.7,4.5,4.2,4.2,4.4,4.4,4.1,4.5
SYN-01610,3.4,4.0,4.2,4.0,3.6,4.3,3.7,4.1,4.2,4.1,4.5,4.1,4.2
SYN-01611,4.1,4.3,4.5,4.1,4.3,4.5,4.5,4.0,4.4,4.2,4.4,4.3,4.2
SYN-01612,3.8,3.7,3.7,3.6,3.6,4.2,3.8,3.5,3.6,4.0,3.4,3.2,3.2
SYN-01613,4.0,4.1,4.2,4.9,4.5,4.4,4.1,4.5,4.0,4.4,5.0,4.7,4.4
SYN-01614,4.4,4.0,3.9,4.7,3.8,4.1,4.3,3.9,4.4,4.1,4.4,4.3,4.1
SYN-01615,4.7,3.9,4.5,4.5,4.7,4.2,3.9,4.8,4.0,3.9,4.1,3.8,4.3
SYN-01616,4.8,4.9,5.0,5.0,5.0,5.0,5.0,4.9,5.0,5.0,5.0,5.0,4.7
SYN-01617,4.1,4.1,4.1,4.7,4.5,4.0,4.4,4.2,4.1,3.9,4.6,3.9,4.3
SYN-01618,3.7,4.2,3.8,3.9,3.9,4.0,3.9,3.9,3.8,3.5,3.6,4.2,3.8
SYN-01619,3.9,3.6,3.5,3.8,4.3,3.9,4.2,3.9,4.2,3.9,3.7,4.0,4.6
SYN-01620,5.0,4.7,4.6,4.7,4.7,4.6,4.7,4.7,4.5,4.2,4.5,4.8,4.6
SYN-01621,4.3,4.2,3.9,4.2,3.9,3.9,4.6,4.1,4.0,4.7,4.5,4.1,4.4
SYN-01622,3.6,3.5,3.8,3.6,3.7,4.0,4.0,3.5,3.8,3.4,3.8,3.7,3.8
SYN-01623,4.4,5.0,4.3,4.8,4.2,4.7,4.7,4.5,4.4,4.6,4.6,5.0,4.3
SYN-01624,3.8,4.1,3.9,3.9,4.3,3.1,3.8,3.4,3.6,4.7,4.1,4.3,3.9
SYN-01625,5.0,4.3,5.0,4.6,4.7,5.0,5.0,4.9,4.4,4.9,5.0,4.7,5.0
SYN-01626,4.3,4.6,5.0,4.4,4.9,5.0,4.6,4.4,4.3,5.0,5.0,5.0,4.6
SYN-01627,4.4,4.0,3.8,4.4,4.5,3.7,3.7,4.1,4.3,3.7,4.1,3.9,4.3
SYN-01628,4.4,4.9,4.6,4.4,4.7,4.1,4.5,4.7,4.1,3.9,3.9,5.0,4.6
SYN-01629,4.1,4.5,4.1,4.3,4.2,4.1,4.3,4.5,4.2,4.1,4.1,3.5,4.3
SYN-01630,4.1,4.7,4.5,4.5,4.7,4.2,4.6,4.6,4.4,4.2,4.7,4.7,4.5
SYN-01631,4.0,4.2,4.4,4.6,3.9,4.2,4.2,4.3,4.0,4.3,4.3,4.1,4.3
SYN-01632,3.7,4.1,3.6,3.9,3.7,3.7,4.0,4.0,3.8,3.8,3.5,4.3,4.1
SYN-01633,4.2,3.5,3.8,3.9,3.4,4.2,4.4,4.6,3.7,4.0,4.4,3.9,3.8
SYN-01634,4.0,4.9,4.6,4.3,4.6,4.6,4.6,4.5,5.0,4.5,5.0,4.7,4.7
SYN-01635,4.0,4.4,4.1,3.8,3.8,4.2,3.8,4.1,4.4,4.2,3.9,4.5,4.2
SYN-01636,4.4,3.4,4.2,4.3,4.6,3.6,4.4,4.6,3.5,4.2,4.2,4.0,3.9
SYN-01637,4.1,3.7,3.8,4.1,4.4,4.0,3.9,3.7,3.6,4.2,3.8,4.2,3.8
SYN-01638,4.2,4.5,4.3,4.0,4.9,4.2,4.6,4.6,4.0,4.0,4.3,4.1,4.9
SYN-01639,4.9,5.0,5.0,5.0,4.9,5.0,4.7,5.0,4.5,5.0,4.5,4.8,4.9
SYN-01640,3.7,3.8,3.4,3.5,4.0,3.8,3.6,4.2,3.5,3.7,3.7,4.0,3.8
SYN-01641,4.2,3.7,4.5,4.1,4.2,4.0,3.9,4.7,3.7,3.9,4.7,4.4,4.1
SYN-01642,5.0,4.8,4.8,4.8,4.8,4.8,5.0,4.6,4.6,4.3,4.7,5.0,5.0
SYN-01643,4.0,4.2,3.8,3.9,4.2,4.0,3.9,4.3,4.1,3.7,3.5,4.0,3.7
SYN-01644,3.8,4.7,4.3,4.3,4.3,4.0,4.5,4.3,4.1,4.2,4.0,4.2,4.3
SYN-01645,3.7,3.8,3.8,3.9,4.1,4.0,4.1,3.6,3.7,4.0,4.0,3.6,4.0
SYN-01646,4.1,4.5,4.3,3.9,4.2,5.0,4.4,5.0,3.9,4.6,3.6,4.3,4.5
SYN-01647,4.4,3.9,4.4,4.0,4.1,4.0,3.8,4.6,4.1,4.5,4.4,3.8,4.5
SYN-01648,4.7,4.2,4.7,4.2,5.0,4.8,4.5,4.9,4.1,4.3,4.5,5.0,4.2
SYN-01649,4.1,4.2,4.9,4.4,4.6,4.8,4.6,4.7,4.8,4.5,4.6,4.7,4.9
SYN-01650,4.8,4.1,5.0,5.0,5.0,5.0,4.8,5.0,5.0,5.0,5.0,4.5,5.0
SYN-01651,4.1,4.7,3.9,4.0,4.2,4.5,4.2,4.2,4.3,4.3,4.8,4.6,4.3
SYN-01652,4.9,4.5,4.0,4.4,4.5,4.1,4.0,4.3,4.2,4.8,4.5,4.1,4.4
SYN-01653,4.6,3.8,4.0,4.3,4.3,4.3,4.2,4.2,4.4,4.6,4.1,5.0,4.9
SYN-01654,4.5,4.3,4.7,4.0,3.8,3.9,3.8,4.1,4.2,4.1,4.1,4.1,4.6
SYN-01655,4.5,4.6,4.4,3.8,3.8,4.9,4.2,4.1,4.4,4.5,4.5,4.9,4.8
SYN-01656,3.9,4.4,4.0,4.1,3.8,3.6,4.1,3.8,4.4,4.0,4.2,4.5,3.7
SYN-01657,4.0,4.3,4.4,4.6,4.5,4.3,4.3,4.4,3.8,4.2,4.3,4.4,4.0
SYN-01658,4.3,4.6,5.0,4.4,5.0,5.0,4.7,4.5,4.8,4.7,4.4,4.5,4.8
SYN-01659,4.1,3.8,3.8,4.0,3.8,3.8,3.6,3.6,4.6,3.8,4.3,4.4,3.8
SYN-01660,4.7,4.6,4.1,4.1,4.6,4.5,5.0,4.5,5.0,4.5,5.0,4.8,4.8
SYN-01661,4.5,4.8,5.0,4.6,4.6,4.6,5.0,4.9,5.0,4.8,4.7,4.8,5.0
SYN-01662,4.1,4.6,4.3,3.4,4.4,3.8,4.4,4.4,4.3,4.3,4.5,4.0,4.4
SYN-01663,3.8,4.0,3.1,3.6,3.2,3.2,3.6,3.5,3.8,3.4,3.4,3.5,3.2
SYN-01664,3.8,4.3,3.8,4.3,4.2,3.5,4.1,4.1,4.1,3.9,3.7,4.4,4.0
SYN-01665,4.4,4.8,4.4,4.4,4.5,4.5,4.4,4.9,4.6,5.0,4.4,4.1,4.7
SYN-01666,4.7,4.4,5.0,4.3,4.3,3.5,4.3,4.2,4.1,4.2,4.2,4.1,4.8
SYN-01667,3.7,3.9,3.7,4.1,3.9,3.8,3.3,3.9,3.8,3.8,3.5,4.3,4.1
SYN-01668,4.5,4.4,4.2,3.7,4.6,3.7,3.9,4.2,4.3,4.2,3.9,3.8,4.8
SYN-01669,4.5,4.4,4.3,4.6,4.6,4.5,4.6,5.0,4.3,4.5,4.3,4.6,4.3
SYN-01670,4.2,4.0,4.4,4.5,4.9,4.5,4.3,4.0,4.0,4.0,5.0,4.5,4.2
SYN-01671,3.8,3.9,3.9,4.5,4.1,3.7,4.8,3.8,3.9,4.5,4.2,4.0,3.7
SYN-01672,3.8,3.8,4.1,4.1,4.0,4.1,3.8,4.2,4.5,4.0,4.0,4.1,4.4
SYN-01673,3.8,4.5,4.2,4.1,4.4,3.7,4.2,4.2,3.8,4.2,4.1,4.0,4.3
SYN-01674,3.7,4.0,3.8,3.7,4.0,3.8,3.4,3.3,4.1,3.5,4.0,3.9,3.8
SYN-01675,5.0,4.8,5.0,4.9,4.7,4.8,5.0,5.0,5.0,4.8,4.5,4.6,4.4
SYN-01676,4.3,3.9,3.2,4.8,3.9,3.9,4.6,3.7,4.4,3.9,3.7,4.6,4.4
SYN-01677,4.9,4.7,4.8,4.3,4.7,4.3,4.2,4.7,5.0,4.5,4.6,4.3,4.6
SYN-01678,5.0,5.0,4.9,4.5,4.5,5.0,5.0,4.7,4.6,5.0,4.6,5.0,4.7
SYN-01679,4.2,5.0,4.6,4.3,4.1,4.2,4.4,5.0,4.4,5.0,4.5,4.2,4.4
SYN-01680,3.7,3.8,3.8,3.5,4.5,4.1,3.8,4.1,3.8,3.2,4.9,4.1,3.9
SYN-01681,3.8,3.9,4.8,4.8,4.6,4.0,4.8,4.5,4.5,4.5,3.9,4.0,4.2
SYN-01682,4.4,3.8,4.1,4.1,4.4,4.4,3.9,4.6,3.8,4.5,4.0,4.2,4.3
SYN-01683,3.9,4.1,4.0,4.1,4.0,3.5,4.0,3.7,3.6,3.8,3.9,4.0,4.2
SYN-01684,4.7,4.4,4.5,4.3,4.5,4.5,4.3,5.0,4.1,4.7,3.9,4.6,4.7
SYN-01685,3.2,3.8,4.0,3.9,3.9,3.8,3.5,4.5,3.6,3.9,3.6,3.1,3.5
SYN-01686,4.2,4.9,4.4,4.5,4.3,4.6,4.4,4.9,4.7,4.4,4.9,4.6,4.6
SYN-01687,3.6,4.0,4.1,4.4,3.8,4.7,4.2,3.6,3.8,4.5,4.4,4.0,4.1
SYN-01688,3.9,4.7,4.0,4.5,4.7,4.3,4.6,4.8,4.4,4.2,4.3,4.0,4.0
SYN-01689,4.4,4.2,4.4,3.9,4.3,4.6,4.0,4.3,3.7,3.9,4.5,4.2,4.8
SYN-01690,4.2,4.3,3.8,4.0,3.9,3.8,4.3,4.4,4.2,3.9,4.2,3.5,4.5
SYN-01691,4.0,4.1,4.4,4.5,4.4,4.1,4.7,3.9,4.0,4.4,4.0,4.8,4.1
SYN-01692,4.5,4.3,4.4,4.6,4.1,3.7,4.0,3.9,3.8,4.1,3.9,3.8,4.0
SYN-01693,4.7,4.8,4.0,4.4,4.5,4.2,4.5,4.5,4.7,4.5,4.2,5.0,4.8
SYN-01694,3.9,4.0,3.8,4.1,3.7,3.7,3.9,4.2,4.2,3.9,3.9,3.9,4.0
SYN-01695,4.6,4.2,4.6,4.3,4.4,4.7,4.5,4.5,4.1,4.7,4.5,4.3,4.6
SYN-01696,5.0,4.5,4.6,5.0,5.0,4.9,4.8,5.0,5.0,4.7,4.8,4.8,5.0
SYN-01697,4.2,4.3,4.1,4.6,3.7,3.6,4.3,3.9,3.4,3.8,3.9,3.7,3.5
SYN-01698,3.9,3.6,4.2,3.4,4.0,4.1,3.9,4.3,3.6,3.8,3.9,4.2,4.0
SYN-01699,5.0,4.1,4.0,4.9,4.0,4.6,4.1,3.8,4.3,4.6,4.0,4.6,4.6
SYN-01700,3.9,4.2,4.7,4.5,4.2,4.4,4.1,4.6,4.6,4.3,4.3,4.0,3.9
SYN-01701,4.2,4.3,4.6,4.6,4.4,4.7,4.0,4.6,4.1,4.7,4.3,3.7,4.5
SYN-01702,4.6,4.2,4.3,4.3,3.8,3.7,4.8,4.1,4.9,4.8,4.8,4.2,3.9
SYN-01703,4.1,4.3,3.7,4.3,4.4,4.0,4.1,4.4,4.5,4.2,4.5,4.5,4.4
SYN-01704,4.4,4.2,5.0,4.8,4.9,4.6,4.5,4.7,4.0,4.3,4.3,4.5,4.3
SYN-01705,4.4,4.4,4.8,5.0,4.0,4.4,4.4,4.3,4.0,4.1,4.4,4.1,4.4
SYN-01706,4.0,4.2,3.8,4.2,3.9,4.2,4.5,4.2,4.2,4.4,3.7,4.6,3.8
SYN-01707,4.7,4.7,4.2,4.7,4.6,5.0,4.5,4.4,4.3,3.9,4.3,4.4,4.5
SYN-01708,4.4,4.8,5.0,5.0,4.3,5.0,4.8,4.8,4.2,5.0,4.9,4.4,5.0
SYN-01709,4.3,4.5,4.1,4.2,4.0,4.3,3.9,3.9,4.1,3.8,4.6,4.7,4.0
SYN-01710,3.4,4.0,3.7,4.2,3.6,4.0,3.9,3.7,3.9,4.1,3.9,3.9,3.6
SYN-01711,4.9,4.9,4.5,4.6,5.0,4.2,4.8,4.4,5.0,4.6,5.0,4.4,4.2
SYN-01712,4.1,4.2,4.0,4.4,4.1,3.5,4.3,3.9,4.0,4.6,4.7,4.0,4.3
SYN-01713,3.3,3.4,3.3,2.9,3.5,3.5,3.2,3.8,3.3,3.2,3.6,3.0,3.7
SYN-01714,4.4,4.8,4.9,4.7,4.3,4.1,4.1,4.8,4.5,4.3,4.5,4.8,4.7
SYN-01715,4.1,4.2,4.1,4.1,4.1,4.0,4.2,4.1,3.7,4.2,4.1,4.2,4.0
SYN-01716,4.4,4.1,4.4,4.0,4.1,4.3,4.1,4.8,4.3,4.2,4.4,4.0,4.4
SYN-01717,4.6,4.7,4.2,3.9,4.1,4.2,4.8,5.0,4.4,4.3,4.2,4.6,5.0
SYN-01718,4.8,4.6,4.6,4.5,4.3,4.0,4.3,4.4,3.8,4.2,4.0,4.6,4.1
SYN-01719,4.5,4.2,4.9,3.9,4.6,4.1,4.3,4.5,4.5,4.5,4.5,4.3,4.4
SYN-01720,4.1,4.1,4.0,4.3,4.1,4.1,3.9,3.7,4.1,4.4,4.2,3.8,4.3
SYN-01721,4.3,4.6,4.3,4.5,4.2,4.2,3.9,4.5,4.5,4.5,4.5,4.2,4.7
SYN-01722,4.4,3.9,4.3,4.4,4.0,4.0,4.3,3.7,3.8,3.8,3.6,4.4,3.5
SYN-01723,4.6,4.7,4.4,4.3,4.5,4.5,4.8,3.7,4.2,4.6,4.5,4.7,4.5
SYN-01724,4.4,4.3,5.0,4.9,4.6,4.4,4.6,4.7,4.5,4.2,5.0,4.5,5.0
SYN-01725,3.9,3.8,4.3,4.0,3.9,3.5,4.1,3.7,3.7,3.7,4.0,3.4,3.8
SYN-01726,4.9,4.2,4.6,4.4,4.5,5.0,4.1,4.8,4.4,4.4,4.2,4.8,4.5
SYN-01727,3.9,4.0,4.0,3.4,3.9,4.3,3.6,3.7,3.9,3.8,4.0,3.7,3.9
SYN-01728,4.5,4.7,4.9,4.4,5.0,4.4,4.7,5.0,4.5,4.1,4.5,4.3,4.4
SYN-01729,4.9,4.0,4.4,4.1,4.2,4.6,4.4,4.3,4.1,4.4,4.8,4.1,4.9
SYN-01730,5.0,5.0,4.9,5.0,4.5,4.6,5.0,4.9,4.8,4.1,4.7,4.5,5.0
SYN-01731,4.1,3.9,4.9,4.4,4.4,4.8,4.4,3.9,3.9,4.4,3.5,4.1,3.5
SYN-01732,4.1,4.3,4.2,4.4,4.7,4.0,4.9,4.1,4.4,3.9,4.6,4.4,4.5
SYN-01733,4.2,3.8,4.3,3.7,4.1,4.3,4.9,4.3,4.2,4.2,3.8,4.2,4.2
SYN-01734,3.8,3.7,3.9,4.1,4.0,3.8,4.2,4.3,4.1,3.9,4.3,4.0,3.7
SYN-01735,4.8,4.6,4.4,4.0,4.3,5.0,4.0,4.4,4.5,4.6,4.0,4.5,4.0
SYN-01736,3.7,3.4,3.4,3.9,3.6,3.8,3.8,4.0,3.3,3.9,3.6,3.5,3.3
SYN-01737,4.0,3.6,4.0,4.4,4.1,4.2,3.6,4.1,3.5,3.8,4.4,3.6,4.2
SYN-01738,4.1,4.1,3.4,4.0,3.8,4.2,3.3,3.9,3.9,3.2,3.6,3.3,3.6
SYN-01739,4.7,4.6,4.6,4.2,4.9,4.5,4.5,4.8,4.2,4.6,4.7,4.4,4.7
SYN-01740,4.9,4.8,4.8,5.0,5.0,4.8,5.0,5.0,4.3,4.4,5.0,4.7,4.8
SYN-01741,4.5,4.2,4.2,3.9,4.3,4.3,4.0,3.9,5.0,4.1,4.0,4.4,4.1
SYN-01742,3.8,4.3,3.9,4.6,4.3,4.1,4.2,4.4,4.2,4.8,4.5,4.3,3.9
SYN-01743,4.2,4.4,4.0,4.6,3.9,4.0,4.1,4.4,4.0,3.7,4.6,4.1,3.9
SYN-01744,4.4,5.0,4.4,4.6,4.5,4.2,4.4,4.2,4.9,4.6,5.0,4.4,4.3
SYN-01745,4.3,4.2,4.0,3.5,4.4,3.9,3.7,4.2,3.9,3.5,3.9,3.6,3.0
SYN-01746,4.0,4.1,3.9,4.5,4.1,4.4,3.9,4.6,3.9,3.6,4.7,4.0,4.8
SYN-01747,4.7,4.8,4.9,4.6,4.6,4.9,4.6,4.3,4.7,3.9,4.9,4.9,4.9
SYN-01748,4.7,4.4,4.3,4.0,4.9,4.2,4.5,4.5,4.0,3.9,4.4,4.2,4.3
SYN-01749,4.6,4.3,4.5,4.4,4.2,4.0,4.3,4.3,4.5,4.2,4.2,4.2,4.0
SYN-01750,5.0,4.9,4.2,4.8,4.0,4.8,4.3,4.7,4.0,4.2,4.7,4.3,4.3
SYN-01751,3.7,3.9,3.5,2.9,3.8,2.8,3.2,3.3,3.8,3.5,3.1,3.0,3.6
SYN-01752,4.3,4.5,4.0,4.6,4.6,4.1,4.7,4.6,4.7,4.3,4.5,4.5,4.4
SYN-01753,4.0,4.3,4.3,3.6,4.3,4.3,3.9,4.1,4.1,3.7,3.9,4.2,3.8
SYN-01754,3.9,4.0,3.9,4.2,3.5,3.6,3.7,3.5,3.7,3.0,3.6,3.1,3.3
SYN-01755,4.6,4.3,4.6,4.3,4.7,4.3,3.8,4.4,3.7,3.9,4.1,4.1,4.2
SYN-01756,4.4,4.3,5.0,4.5,4.0,4.6,4.3,4.4,4.9,4.5,4.3,4.8,5.0
SYN-01757,4.3,3.4,3.8,4.2,4.1,4.1,3.9,3.7,4.8,4.2,4.3,4.2,4.2
SYN-01758,4.5,4.2,4.1,4.6,4.6,4.8,4.8,4.3,4.9,4.8,4.7,5.0,5.0
SYN-01759,5.0,4.9,5.0,4.6,4.6,5.0,4.5,4.9,4.8,4.5,4.8,5.0,4.8
SYN-01760,4.7,4.8,4.8,4.6,4.8,4.3,4.4,4.5,4.8,4.7,4.6,4.9,4.8
SYN-01761,4.7,4.5,4.5,4.3,4.8,4.5,4.6,4.7,5.0,5.0,4.8,5.0,4.2
SYN-01762,5.0,4.7,4.5,4.2,4.3,4.6,4.6,4.7,4.2,4.2,4.5,4.7,4.5
SYN-01763,4.7,4.2,4.2,4.4,4.6,3.8,3.9,4.1,5.0,4.1,4.2,4.4,4.5
SYN-01764,3.7,4.0,3.3,3.4,4.0,3.6,3.3,3.2,3.4,3.6,3.8,3.5,3.8
SYN-01765,4.0,4.5,4.9,4.0,4.3,4.2,4.2,4.3,4.3,4.0,4.5,4.2,4.0
SYN-01766,4.6,3.9,4.0,4.0,3.9,4.0,3.7,4.1,3.4,3.5,4.5,3.5,3.3
SYN-01767,4.6,5.0,4.4,4.7,4.5,4.9,4.8,4.8,5.0,4.6,4.9,5.0,4.7
SYN-01768,4.3,4.0,4.3,4.1,3.5,4.5,4.8,4.1,3.9,4.6,4.7,4.1,4.1
SYN-01769,4.2,3.7,4.2,4.8,4.2,3.9,4.4,4.0,4.2,3.9,3.9,4.5,4.3
SYN-01770,4.2,4.4,4.2,4.2,4.7,4.6,4.4,4.4,4.4,4.5,4.2,4.7,4.5
SYN-01771,4.1,4.1,4.5,4.2,4.0,4.1,4.4,3.7,4.1,4.5,4.2,4.3,4.5
SYN-01772,5.0,4.7,4.8,5.0,5.0,4.8,4.8,4.9,5.0,5.0,5.0,4.5,4.7
SYN-01773,3.9,4.4,3.9,4.4,3.8,3.8,4.1,4.5,3.9,3.2,3.5,4.1,3.5
SYN-01774,4.0,4.3,3.5,4.2,3.9,3.8,4.0,3.9,4.4,4.6,4.2,4.1,4.1
SYN-01775,3.6,3.6,3.4,3.5,4.4,3.7,3.1,3.8,3.5,4.0,3.9,4.0,3.9
SYN-01776,3.6,3.3,3.7,4.0,4.3,3.7,3.7,3.9,4.2,3.6,3.9,3.5,3.8
SYN-01777,4.3,3.6,3.8,4.3,4.2,4.3,4.2,3.9,4.6,4.0,3.1,3.9,3.8
SYN-01778,4.4,4.1,4.5,4.4,3.9,4.1,4.0,4.2,4.0,4.2,4.1,4.1,4.8
SYN-01779,3.9,3.5,4.4,4.4,3.5,3.8,4.2,4.2,4.0,4.1,3.8,3.3,4.7
SYN-01780,3.7,4.0,3.9,4.2,4.0,4.0,3.2,3.7,4.2,4.2,3.7,3.5,4.0
SYN-01781,2.8,3.4,4.2,4.1,3.9,3.8,3.1,3.5,3.6,3.5,3.6,4.1,3.5
SYN-01782,4.1,4.4,3.7,3.9,3.9,4.2,4.1,4.1,4.0,3.8,4.4,4.1,4.4
SYN-01783,3.3,3.5,3.6,3.6,3.9,3.5,3.9,3.8,3.6,3.4,3.9,3.4,3.7
SYN-01784,4.4,4.4,4.3,4.2,4.0,4.9,4.3,4.4,4.4,4.8,5.0,4.5,4.4
SYN-01785,3.9,3.8,3.7,4.0,3.6,4.6,4.4,4.2,4.6,3.9,4.0,3.6,4.5
SYN-01786,3.4,3.7,4.0,4.1,3.7,3.8,3.4,4.2,3.6,3.7,3.6,4.0,3.7
SYN-01787,4.3,4.2,4.0,4.4,4.2,3.8,3.8,4.1,4.4,4.6,3.6,4.1,4.2
SYN-01788,4.0,4.2,4.1,3.6,3.6,4.0,4.2,4.0,3.5,3.6,4.1,3.8,4.0
SYN-01789,4.6,4.0,4.2,4.2,4.4,4.5,3.9,4.3,4.6,3.8,4.3,3.9,4.1
SYN-01790,3.9,5.0,4.6,4.4,4.8,4.4,4.3,5.0,5.0,4.5,5.0,4.8,4.2
SYN-01791,3.3,4.0,3.1,4.2,3.4,4.0,3.5,3.8,4.0,4.0,3.4,3.3,3.5
SYN-01792,3.9,4.3,4.0,4.6,4.1,3.7,4.7,4.3,4.2,4.6,4.5,4.0,4.1
SYN-01793,3.8,3.7,4.3,4.3,4.4,4.5,4.4,4.4,3.5,4.1,4.4,3.8,4.2
SYN-01794,4.6,4.6,4.5,4.6,4.5,4.0,4.6,4.5,4.0,4.8,4.6,4.0,4.2
SYN-01795,4.1,4.1,4.4,4.0,4.6,4.6,4.5,4.3,4.6,4.2,4.1,4.6,4.4
SYN-01796,3.7,3.8,3.7,4.5,3.9,4.0,4.2,3.6,4.3,3.8,4.5,3.8,4.2
SYN-01797,3.3,3.7,4.0,3.5,4.3,4.2,3.8,4.1,4.3,3.5,3.7,4.0,4.1
SYN-01798,3.9,4.2,4.1,4.1,3.5,4.0,3.8,4.4,4.0,3.7,4.2,4.1,3.7
SYN-01799,4.5,4.5,4.9,4.6,4.8,4.4,4.7,5.0,4.5,4.6,4.2,4.3,4.5
SYN-01800,3.9,4.6,4.0,4.4,4.3,4.2,4.7,3.5,4.1,3.9,3.6,3.8,4.2
SYN-01801,4.6,5.0,4.8,4.8,4.8,4.8,4.7,4.6,5.0,4.7,4.8,5.0,5.0
SYN-01802,3.9,4.4,4.3,4.2,4.0,4.1,4.1,3.8,4.2,4.4,4.4,4.1,4.5
SYN-01803,4.5,3.9,4.2,3.3,3.6,4.0,3.7,4.6,4.1,4.2,3.9,3.7,3.8
SYN-01804,3.7,3.5,3.9,3.9,3.7,3.1,4.2,3.6,4.5,3.9,3.6,3.8,3.1
SYN-01805,3.9,4.3,2.9,3.5,3.5,3.8,4.2,3.7,4.2,3.6,3.7,3.7,3.9
SYN-01806,3.5,3.9,3.3,3.6,3.5,3.7,3.6,4.0,3.4,3.1,3.2,3.9,3.4
SYN-01807,4.4,4.2,4.5,4.2,5.0,4.9,4.2,4.2,5.0,4.0,4.3,4.3,4.3
SYN-01808,3.9,4.5,4.1,4.8,3.9,4.4,3.7,3.7,4.1,4.2,4.8,4.4,4.8
SYN-01809,3.5,3.8,3.4,3.4,3.1,3.7,3.7,3.9,3.7,4.3,3.7,3.9,3.5
SYN-01810,4.2,4.7,4.5,4.8,4.6,4.3,4.8,4.3,4.7,4.9,4.4,4.9,4.6
SYN-01811,4.3,3.8,4.1,3.6,4.5,3.4,3.9,3.8,4.2,4.6,4.2,4.9,3.6
SYN-01812,3.9,4.0,4.3,3.9,4.0,4.4,3.9,3.9,4.1,4.2,4.6,4.0,4.0
SYN-01813,4.9,5.0,5.0,4.9,4.8,4.9,4.7,4.7,4.2,5.0,4.8,5.0,3.9
SYN-01814,4.5,4.3,5.0,4.7,4.6,4.4,4.6,4.2,4.5,4.3,5.0,5.0,4.8
SYN-01815,3.7,4.4,4.2,4.5,4.2,4.1,4.2,3.6,3.9,4.2,4.4,3.9,4.1
SYN-01816,3.4,4.3,4.2,4.1,4.0,4.4,3.6,3.6,4.2,4.2,3.5,3.7,4.4
SYN-01817,3.6,3.7,3.1,3.6,3.0,2.9,3.7,3.9,3.4,3.3,4.0,3.4,3.4
SYN-01818,4.5,3.8,3.8,4.2,3.7,3.9,3.6,4.0,4.0,4.2,4.2,4.1,4.1
SYN-01819,4.1,4.3,3.8,3.4,4.5,4.3,4.1,4.4,3.9,3.9,3.9,4.3,3.7
SYN-01820,3.6,3.9,3.5,3.7,3.2,4.0,3.6,3.5,3.5,3.7,3.4,4.4,3.1
SYN-01821,4.0,4.2,3.9,4.2,3.9,4.6,3.8,3.4,3.8,4.3,4.1,4.4,4.3
SYN-01822,4.0,4.1,4.1,4.8,4.4,4.8,4.5,4.2,3.9,4.3,4.2,4.2,4.2
SYN-01823,3.5,4.5,4.1,3.7,4.3,3.9,4.3,4.4,4.4,4.1,4.0,3.9,3.9
SYN-01824,4.0,3.9,3.7,3.6,3.9,3.8,3.6,4.2,4.5,4.3,3.8,4.0,4.4
SYN-01825,3.9,4.5,3.8,4.8,4.1,4.9,4.8,4.2,4.0,4.3,4.2,4.1,3.8
SYN-01826,4.2,4.0,4.5,4.7,4.6,4.5,4.1,4.4,4.6,4.2,4.4,4.3,4.9
SYN-01827,4.1,4.0,3.3,3.9,3.8,3.8,3.3,3.5,3.8,4.2,3.6,3.7,4.4
SYN-01828,4.6,4.7,4.7,4.3,4.9,4.5,4.7,4.8,5.0,4.3,5.0,5.0,4.5
SYN-01829,4.3,4.7,3.9,4.2,4.3,4.3,4.4,4.2,4.3,3.9,4.2,4.0,3.8
SYN-01830,4.1,4.3,4.3,3.8,3.9,4.4,4.4,4.5,4.6,4.4,4.1,4.2,4.7
SYN-01831,5.0,4.6,4.6,4.7,4.5,4.8,4.8,4.6,4.4,4.0,4.7,4.5,4.2
SYN-01832,3.9,4.5,3.8,4.4,4.5,4.4,4.2,3.9,4.5,4.6,4.1,4.4,4.8
SYN-01833,4.6,4.4,4.8,4.3,4.1,4.8,4.4,4.4,4.3,4.4,5.0,5.0,5.0
SYN-01834,4.6,4.4,3.9,4.2,4.9,4.2,4.8,4.3,3.5,4.5,4.7,4.3,4.7
SYN-01835,3.5,3.6,4.0,4.1,4.4,4.2,3.6,4.0,4.2,3.4,4.0,3.9,3.8
SYN-01836,4.5,4.0,4.5,4.5,4.7,4.0,3.9,4.4,4.2,5.0,4.5,4.3,4.3
SYN-01837,3.4,4.0,3.8,3.8,3.8,3.9,3.3,4.1,3.5,3.8,4.2,4.3,3.3
SYN-01838,4.2,4.3,3.8,4.5,4.3,4.3,4.0,4.4,4.5,4.3,4.1,4.1,4.3
SYN-01839,4.2,4.5,4.0,3.8,4.3,4.0,4.4,4.2,4.4,3.9,4.2,4.0,3.8
SYN-01840,3.9,4.0,4.5,4.0,3.7,4.2,4.1,4.0,4.1,4.4,4.3,4.3,3.8
SYN-01841,5.0,4.5,4.3,3.8,4.4,4.0,4.1,3.7,3.8,4.3,4.5,4.4,4.4
SYN-01842,3.5,3.4,3.6,3.8,3.5,3.9,3.5,3.2,3.5,3.6,3.5,3.9,3.8
SYN-01843,3.6,4.5,3.2,4.7,3.9,4.0,4.0,4.1,4.0,4.0,4.4,4.2,3.7
SYN-01844,4.5,4.4,4.1,4.5,4.2,4.2,4.2,3.5,4.1,4.4,4.2,3.8,4.5
SYN-01845,4.2,3.9,4.9,3.9,4.5,4.0,4.3,4.0,3.9,4.4,4.4,4.6,4.2
SYN-01846,4.5,3.9,4.0,3.4,3.7,4.0,3.8,3.9,3.6,3.9,3.9,3.5,4.0
SYN-01847,4.1,4.7,5.0,4.8,4.8,4.4,5.0,5.0,4.4,4.5,5.0,5.0,4.3
SYN-01848,3.6,3.9,3.2,3.9,4.3,3.5,3.9,3.7,4.4,3.7,4.4,3.7,4.1
SYN-01849,4.6,4.5,4.3,4.6,4.4,4.3,5.0,4.7,4.7,4.4,4.5,4.5,4.6
SYN-01850,4.5,4.3,4.1,4.6,4.4,3.9,3.7,4.4,4.1,4.5,4.1,4.4,4.2
SYN-01851,4.5,4.3,4.4,4.0,4.2,4.0,4.4,4.0,3.6,3.4,4.5,4.1,4.1
SYN-01852,5.0,4.3,4.7,4.8,5.0,4.6,4.5,4.5,5.0,4.6,4.7,5.0,4.6
SYN-01853,3.3,3.3,3.8,3.9,3.7,3.9,3.3,3.3,4.5,4.2,4.0,3.6,3.7
SYN-01854,4.5,4.9,4.6,4.7,4.5,4.8,4.6,4.5,4.3,4.5,4.2,4.5,4.5
SYN-01855,3.8,4.5,4.2,4.7,4.7,4.4,4.7,4.7,4.5,5.0,4.3,5.0,4.5
SYN-01856,3.7,3.9,3.6,4.2,3.5,4.4,3.7,4.2,4.0,4.0,3.8,4.1,4.0
SYN-01857,4.2,4.4,4.5,4.5,5.0,4.7,4.5,4.5,4.5,4.6,4.4,4.4,4.9
SYN-01858,4.2,4.1,4.1,4.1,4.0,4.3,4.2,3.6,4.1,3.7,4.3,4.3,3.9
SYN-01859,4.3,3.7,4.6,4.5,4.6,4.7,3.9,4.6,4.7,3.9,4.2,4.2,4.6
SYN-01860,3.6,4.8,4.3,4.6,4.3,4.4,3.6,4.2,4.5,4.4,3.8,4.3,4.0
SYN-01861,3.9,3.7,4.3,4.5,4.8,3.7,4.4,4.4,4.0,3.9,3.8,4.0,4.2
SYN-01862,4.9,4.8,4.0,4.2,4.9,4.3,4.5,4.0,4.8,3.9,4.0,4.8,5.0
SYN-01863,4.4,4.5,4.8,4.6,4.4,4.3,4.0,4.5,4.5,4.3,4.2,4.2,4.7
SYN-01864,3.9,3.5,3.5,3.3,3.9,3.6,3.7,3.7,3.5,3.2,3.3,3.9,3.4
SYN-01865,4.5,4.3,4.3,4.4,5.0,4.9,4.5,5.0,4.6,5.0,5.0,5.0,4.7
SYN-01866,3.8,3.6,3.1,3.4,3.3,3.4,4.2,4.0,3.8,3.9,3.1,3.8,3.9
SYN-01867,3.9,4.8,4.1,4.0,5.0,4.3,4.3,4.9,4.5,4.5,4.5,4.7,4.5
SYN-01868,4.6,4.4,4.7,4.7,5.0,4.5,4.5,4.7,4.9,4.3,4.6,3.8,4.5
SYN-01869,4.1,3.6,3.9,3.7,3.6,4.1,3.5,3.9,3.9,3.6,3.9,3.5,4.0
SYN-01870,3.7,4.0,4.0,4.4,4.1,4.3,4.2,4.2,4.0,4.4,3.9,3.5,4.0
SYN-01871,3.9,3.3,3.5,3.4,4.0,4.3,3.8,4.0,4.0,4.3,3.6,3.7,3.7
SYN-01872,4.1,4.9,4.1,3.9,3.8,4.5,3.9,4.3,3.9,3.7,4.3,3.9,4.3
SYN-01873,4.2,4.3,4.0,4.3,3.8,3.4,4.3,4.1,3.9,3.7,3.5,4.1,4.6
SYN-01874,4.4,4.4,4.5,5.0,4.7,4.2,4.5,4.6,4.2,4.7,4.2,4.0,4.5
SYN-01875,4.6,4.7,4.4,4.5,5.0,4.8,4.4,4.1,4.4,4.7,4.5,4.4,4.5
SYN-01876,4.7,4.9,4.7,4.7,4.6,4.5,5.0,4.9,5.0,4.9,4.5,4.4,5.0
SYN-01877,3.8,4.2,3.8,4.1,3.7,4.2,3.6,4.1,3.9,4.0,3.9,3.9,4.0
SYN-01878,3.8,3.8,4.0,4.0,3.8,4.4,4.0,4.1,3.7,4.7,4.9,3.9,4.5
SYN-01879,3.6,4.1,3.7,3.6,2.9,3.3,3.6,3.7,3.2,3.4,3.8,3.2,3.7
SYN-01880,4.3,4.0,4.0,3.3,3.7,4.5,3.7,4.3,3.7,3.8,4.1,3.9,4.0
SYN-01881,4.3,4.2,4.3,4.4,4.5,4.8,4.6,4.7,4.6,4.2,4.5,4.6,4.8
SYN-01882,4.4,4.2,4.8,4.9,4.7,4.8,5.0,4.6,4.7,4.8,4.4,4.7,4.7
SYN-01883,4.3,3.7,3.8,4.0,3.5,4.2,4.3,3.8,3.6,4.3,4.0,3.8,4.2
SYN-01884,4.4,3.9,4.1,4.2,4.0,3.6,3.7,3.6,4.1,3.6,4.1,4.5,4.4
SYN-01885,3.6,3.8,4.0,3.8,3.7,4.2,4.4,4.5,4.0,4.1,4.3,4.2,4.4
SYN-01886,4.4,4.2,3.7,4.7,4.1,4.4,3.7,4.3,4.3,4.3,5.0,4.1,4.5
SYN-01887,4.1,3.7,4.2,3.9,4.2,4.5,4.0,3.8,4.2,4.3,3.7,3.8,4.1
SYN-01888,4.3,4.1,4.5,4.5,4.2,4.4,4.2,4.0,4.2,4.4,3.9,4.2,4.4
SYN-01889,4.4,3.9,3.7,4.0,3.9,4.2,3.9,3.2,5.0,4.1,4.1,3.6,3.6
SYN-01890,4.2,4.3,4.4,4.3,3.8,3.4,4.2,4.0,3.8,4.4,3.7,4.4,3.8
SYN-01891,4.4,4.7,4.3,4.9,5.0,4.5,4.6,4.7,4.6,4.5,4.2,3.9,4.0
SYN-01892,4.9,4.3,4.1,4.6,4.0,4.4,4.2,4.3,4.1,3.9,4.0,4.0,4.2
SYN-01893,3.6,3.7,4.1,4.0,4.1,4.0,4.8,4.1,3.9,4.1,4.4,4.0,4.3
SYN-01894,4.3,4.1,4.2,4.6,4.2,3.9,4.1,3.5,4.2,4.6,3.8,4.2,4.5
SYN-01895,4.5,4.6,3.6,4.3,3.7,3.9,4.4,4.2,4.4,3.9,4.6,4.4,4.4
SYN-01896,3.7,4.4,4.0,3.9,4.3,4.2,3.8,4.7,4.6,4.3,4.2,4.2,3.6
SYN-01897,4.1,4.1,3.9,4.0,3.4,3.8,4.4,4.6,3.8,4.2,4.4,4.0,4.3
SYN-01898,4.7,5.0,4.4,4.4,4.8,4.8,4.7,4.9,4.5,4.3,4.6,4.6,4.7
SYN-01899,4.8,4.6,4.6,4.5,4.3,4.1,4.0,4.2,4.4,4.0,4.4,4.3,4.3
SYN-01900,4.4,3.4,4.0,3.4,4.2,4.3,3.7,3.7,3.6,4.1,4.0,4.0,4.0
SYN-01901,4.2,4.8,4.5,4.1,4.2,4.2,4.9,4.7,4.4,5.0,4.9,4.4,4.3
SYN-01902,4.0,3.8,4.6,3.8,4.3,4.3,4.0,4.6,3.6,4.1,3.9,4.4,4.2
SYN-01903,4.1,5.0,4.8,4.3,4.5,4.2,4.6,4.7,4.5,4.5,4.1,4.7,4.0
SYN-01904,4.3,3.8,4.3,4.3,4.5,4.6,4.6,3.8,4.3,4.9,4.4,4.1,4.3
SYN-01905,4.0,3.8,4.4,4.3,3.8,4.1,4.0,3.7,3.7,3.8,4.1,4.0,3.9
SYN-01906,4.2,4.6,4.5,4.7,4.3,4.8,4.5,4.2,4.4,4.0,4.3,4.5,4.5
SYN-01907,3.5,4.5,3.6,3.1,4.0,3.8,3.7,3.5,3.8,4.1,3.7,3.2,2.6
SYN-01908,3.9,3.5,3.8,3.6,3.5,3.6,3.6,4.0,4.0,3.4,3.5,3.9,4.1
SYN-01909,4.1,3.5,4.1,3.2,3.7,3.9,3.2,4.4,4.2,4.0,3.5,3.8,4.0
SYN-01910,3.9,4.2,4.5,3.8,4.3,3.7,4.0,4.1,4.4,4.0,4.3,4.0,4.1
SYN-01911,5.0,4.5,5.0,4.8,4.6,4.4,4.5,4.6,4.8,5.0,4.7,4.7,4.8
SYN-01912,5.0,5.0,4.6,4.9,5.0,4.6,5.0,4.9,4.8,5.0,5.0,5.0,5.0
SYN-01913,4.6,4.3,4.3,4.5,4.6,4.6,4.5,4.0,4.2,4.7,3.8,4.5,4.4
SYN-01914,4.6,4.5,4.2,4.2,4.2,4.5,3.7,4.4,4.1,4.4,4.5,3.9,4.3
SYN-01915,3.6,3.6,3.5,3.2,3.2,3.2,3.7,3.5,3.6,3.1,3.6,3.8,3.0
SYN-01916,3.8,3.5,3.9,3.7,4.1,4.1,4.4,4.0,4.1,3.8,3.7,4.3,4.4
SYN-01917,4.1,4.0,3.6,4.3,4.1,4.5,3.6,4.2,4.1,3.8,4.3,4.0,3.6
SYN-01918,3.9,3.7,3.8,4.2,4.3,4.0,3.8,4.1,4.2,3.4,4.0,3.9,4.3
SYN-01919,4.3,4.3,4.0,4.1,4.4,4.1,4.2,3.7,4.1,3.5,4.0,4.2,4.4
SYN-01920,3.7,4.1,4.5,3.8,3.6,4.1,3.7,3.8,4.3,4.6,3.7,3.8,3.9
SYN-01921,3.3,4.1,3.3,3.4,4.0,3.7,3.8,3.2,3.3,3.2,3.7,3.9,3.3
SYN-01922,4.4,4.4,4.0,4.3,4.7,4.2,4.5,4.1,4.4,4.3,4.1,4.7,4.7
SYN-01923,3.5,3.8,3.8,3.3,3.4,4.2,3.5,4.2,3.4,4.0,3.7,3.8,4.4
SYN-01924,3.9,4.5,4.4,5.0,4.0,4.1,4.5,4.2,4.1,4.6,4.2,4.0,4.5
SYN-01925,5.0,4.8,4.8,4.7,5.0,4.8,4.7,4.5,5.0,4.8,4.3,4.6,4.9
SYN-01926,3.8,3.8,3.8,3.4,3.6,4.2,4.2,4.1,4.0,4.1,3.5,3.9,3.5
SYN-01927,3.0,3.4,3.6,3.3,3.8,3.4,3.1,3.0,3.6,3.4,3.5,2.5,3.4
SYN-01928,3.9,3.7,4.1,4.4,4.8,4.2,3.9,3.9,4.4,3.8,4.3,4.2,4.2
SYN-01929,4.1,4.5,4.1,4.4,4.9,5.0,4.6,4.4,5.0,4.4,4.2,4.8,4.7
SYN-01930,4.7,4.9,5.0,4.9,5.0,4.7,5.0,4.9,4.7,4.8,4.9,4.5,4.7
SYN-01931,3.8,3.4,3.6,4.5,3.4,3.7,3.5,3.7,3.5,3.7,3.6,4.1,3.8
SYN-01932,4.1,4.6,4.1,3.9,4.4,4.9,3.8,4.0,4.6,4.2,4.6,4.1,4.4
SYN-01933,4.6,3.7,4.3,4.2,3.6,4.2,4.1,4.1,4.1,3.9,4.1,4.1,4.3
SYN-01934,3.7,4.6,3.8,4.4,4.2,3.8,4.3,3.9,4.5,3.9,3.7,4.6,4.2
SYN-01935,5.0,4.7,4.4,5.0,5.0,5.0,5.0,4.9,5.0,5.0,5.0,5.0,4.4
SYN-01936,4.0,3.2,4.0,3.8,3.6,3.6,3.6,3.4,3.6,4.3,4.1,3.4,3.8
SYN-01937,4.3,4.2,4.0,4.4,4.5,4.0,4.9,4.7,4.5,3.9,4.4,4.4,4.4
SYN-01938,4.8,4.3,5.0,4.5,4.3,5.0,4.6,4.2,4.4,4.6,4.3,4.4,4.1
SYN-01939,4.1,4.6,4.6,4.7,4.4,4.2,4.3,4.9,4.4,4.4,4.5,4.4,4.4
SYN-01940,4.0,4.7,4.4,4.6,4.7,3.5,4.3,4.1,4.6,4.0,3.9,3.8,4.1
SYN-01941,4.6,4.4,3.9,5.0,4.5,4.5,4.7,3.8,4.0,4.6,4.1,4.2,4.3
SYN-01942,3.7,4.0,4.3,4.3,4.4,4.4,4.2,4.2,4.1,3.9,3.8,3.9,4.0
SYN-01943,4.1,4.4,4.4,4.4,4.4,4.7,4.3,4.6,4.4,4.6,4.8,4.5,4.3
SYN-01944,4.1,3.9,3.9,4.4,3.8,4.6,4.0,4.9,3.9,4.2,4.0,3.8,4.4
SYN-01945,4.1,4.2,4.6,4.6,4.0,4.6,4.5,4.1,4.2,3.8,4.9,4.7,4.0
SYN-01946,4.3,3.9,4.3,3.9,4.0,4.0,3.9,4.5,4.3,4.1,4.4,3.6,3.7
SYN-01947,4.5,4.6,4.4,3.8,4.0,4.5,5.0,4.7,4.8,4.4,4.4,4.0,4.6
SYN-01948,4.2,4.4,4.2,4.3,4.2,4.3,4.5,3.8,3.7,4.3,4.6,4.7,3.8
SYN-01949,4.5,4.2,4.4,4.9,4.6,4.5,4.8,4.4,5.0,4.6,4.5,4.8,4.9
SYN-01950,4.7,4.1,4.5,4.2,4.0,3.9,3.9,4.0,4.5,4.4,3.8,3.7,3.8
SYN-01951,3.3,3.5,3.9,3.4,4.1,3.1,3.5,3.8,3.8,3.5,3.9,3.8,3.4
SYN-01952,4.7,4.9,4.5,5.0,4.4,4.7,4.3,4.7,4.3,4.6,4.2,4.9,4.7
SYN-01953,4.2,3.8,4.2,3.9,3.9,4.5,3.7,4.3,4.0,3.7,3.5,3.6,4.2
SYN-01954,4.5,4.0,4.0,4.2,4.0,4.3,4.1,4.0,3.8,3.7,3.0,4.3,3.9
SYN-01955,3.9,3.4,3.8,3.8,3.8,4.1,4.0,3.6,3.6,3.6,4.5,4.4,3.7
SYN-01956,4.1,4.7,4.7,4.8,4.9,4.8,4.3,4.8,4.9,4.5,4.8,4.5,5.0
SYN-01957,3.1,3.8,3.0,4.0,3.1,3.5,3.0,3.0,3.7,3.8,3.5,3.7,3.8
SYN-01958,4.8,4.6,5.0,4.8,5.0,5.0,4.8,5.0,5.0,5.0,4.9,5.0,5.0
SYN-01959,4.8,5.0,4.7,4.4,4.2,4.9,4.7,5.0,4.0,4.8,4.5,4.5,4.3
SYN-01960,4.5,4.5,3.9,4.3,4.5,4.3,4.6,4.2,3.6,4.3,4.3,4.4,4.6
SYN-01961,3.6,4.1,3.9,3.8,4.2,4.4,4.3,4.0,4.1,4.5,4.4,4.0,4.0
SYN-01962,3.8,4.2,3.8,4.9,4.0,4.6,4.8,4.4,4.3,3.9,4.1,4.8,4.4
SYN-01963,4.4,4.8,4.6,4.3,4.4,4.2,4.2,4.3,4.5,4.0,4.4,4.3,4.1
SYN-01964,4.3,3.7,4.2,4.1,4.3,3.7,4.5,4.7,4.4,4.6,4.3,4.0,4.4
SYN-01965,4.6,4.0,4.3,4.3,5.0,4.5,3.8,3.7,4.6,5.0,4.3,4.3,4.5
SYN-01966,4.0,3.5,4.5,4.0,4.5,4.0,4.3,4.5,4.6,4.3,4.3,4.4,4.4
SYN-01967,3.7,3.7,3.5,4.4,4.0,4.4,4.3,3.8,4.1,4.0,3.9,4.4,4.9
SYN-01968,4.5,4.1,4.5,4.7,3.7,4.5,4.4,4.5,4.4,4.1,4.8,4.2,4.0
SYN-01969,4.3,4.4,4.2,4.2,4.2,3.9,3.9,3.7,4.6,4.1,3.1,4.3,4.2
SYN-01970,4.0,4.3,4.3,4.4,5.0,4.6,4.5,4.9,4.7,4.1,4.4,4.7,4.3
SYN-01971,5.0,4.4,4.2,4.1,4.7,4.2,4.5,4.1,4.4,4.2,4.3,4.2,4.7
SYN-01972,3.0,3.1,3.1,3.7,3.4,3.4,2.7,3.0,3.5,2.8,3.2,2.9,2.9
SYN-01973,4.9,4.6,4.7,4.7,4.4,4.2,4.3,4.4,5.0,4.0,4.3,4.2,4.7
SYN-01974,4.8,4.4,4.4,4.3,4.4,4.5,4.4,4.4,4.5,3.7,4.3,4.4,4.4
SYN-01975,4.1,4.2,4.0,3.7,4.5,3.9,4.1,4.0,4.7,4.2,4.1,4.4,4.8
SYN-01976,4.2,4.0,4.3,3.6,4.1,4.7,4.1,4.1,4.1,3.9,4.2,4.3,4.0
SYN-01977,3.8,4.7,5.0,4.5,4.2,4.8,5.0,4.8,5.0,4.8,4.8,4.4,4.7
SYN-01978,4.5,4.5,4.5,4.6,4.1,4.8,4.3,4.5,4.6,4.3,3.9,4.4,4.1
SYN-01979,4.1,3.6,4.4,3.9,3.9,3.3,4.0,3.9,3.5,4.0,3.8,3.9,3.9
SYN-01980,4.2,4.4,4.3,4.5,4.2,4.0,4.1,4.8,4.6,4.7,4.7,4.2,4.4
SYN-01981,3.9,4.1,3.8,3.9,3.9,4.0,4.1,3.9,3.9,3.9,4.4,3.3,3.6
SYN-01982,3.9,3.8,3.8,3.9,3.8,3.5,3.9,3.7,3.6,3.9,3.9,3.8,4.2
SYN-01983,4.4,4.3,4.8,3.9,3.8,4.2,3.9,4.0,3.7,4.2,3.5,4.0,4.0
SYN-01984,4.4,4.0,4.0,4.3,4.7,4.6,4.5,4.2,4.6,4.0,3.8,4.4,4.3
SYN-01985,4.8,4.6,5.0,4.4,4.7,4.5,4.9,4.5,4.8,4.2,4.4,4.5,4.9
SYN-01986,3.7,4.3,4.3,3.8,4.2,3.9,3.7,4.3,4.3,4.3,4.5,4.1,4.9
SYN-01987,4.4,4.8,3.9,4.2,4.7,4.4,4.1,3.9,4.7,4.6,4.5,4.3,4.1
SYN-01988,4.4,4.0,4.2,4.8,3.8,4.6,4.8,4.6,4.5,4.2,4.2,3.7,4.4
SYN-01989,3.9,3.8,4.0,4.0,3.8,4.5,4.2,4.2,3.9,4.1,3.7,4.2,3.9
SYN-01990,4.0,4.3,4.3,5.0,4.5,4.8,4.7,4.4,4.2,3.8,4.1,4.5,4.3
SYN-01991,4.6,3.9,4.6,4.8,3.9,4.6,4.9,5.0,4.3,4.7,4.9,4.6,4.9
SYN-01992,4.5,4.6,4.3,4.4,4.6,4.3,4.4,4.7,5.0,3.8,5.0,4.4,4.8
SYN-01993,5.0,5.0,4.4,4.5,4.6,4.5,5.0,4.6,4.1,4.4,4.1,4.5,4.8
SYN-01994,4.3,4.3,4.4,4.5,4.6,4.7,5.0,4.5,4.7,4.0,4.3,4.4,4.1
SYN-01995,4.2,4.3,4.2,5.0,4.5,4.9,4.8,4.1,4.3,4.2,4.3,4.0,4.2
SYN-01996,4.7,4.7,4.7,4.6,4.8,4.5,5.0,4.0,4.8,4.7,4.4,4.5,4.7
SYN-01997,4.5,3.7,4.4,4.1,4.5,3.6,4.9,3.9,4.6,4.2,3.9,4.3,4.5
SYN-01998,3.4,4.1,3.9,4.1,3.9,3.7,3.6,4.1,4.1,4.1,4.0,4.2,4.3
SYN-01999,3.6,3.4,4.7,3.7,3.8,4.1,3.6,4.0,3.9,4.1,4.2,4.0,4.0
SYN-02000,4.0,4.3,4.4,3.9,4.5,4.2,3.6,3.6,3.8,4.4,3.8,3.4,3.9
SYN-02001,3.4,3.6,3.8,4.0,4.3,4.2,3.6,3.9,4.0,3.9,3.9,3.4,3.6
SYN-02002,4.0,3.2,4.3,3.7,4.4,4.3,4.0,4.4,4.4,4.1,4.0,4.5,4.2
SYN-02003,4.2,3.2,4.0,3.4,3.9,4.1,4.4,3.6,3.8,3.9,3.6,4.2,3.9
SYN-02004,4.1,4.3,4.1,3.8,4.1,3.8,4.1,4.4,3.7,3.6,4.1,3.9,4.1
SYN-02005,3.6,2.9,3.7,3.2,3.5,3.3,3.4,4.0,3.6,3.8,3.6,3.7,3.7
SYN-02006,4.4,4.6,4.3,5.0,4.6,3.9,4.2,4.4,4.3,4.5,4.5,3.9,4.7
SYN-02007,4.1,4.0,4.0,4.4,4.1,4.0,4.1,3.7,3.9,3.8,4.1,4.4,4.4
SYN-02008,4.3,4.2,3.8,3.9,3.9,3.3,3.5,3.9,3.9,4.1,4.1,3.4,4.1
SYN-02009,4.5,4.6,4.8,4.4,4.8,4.2,4.1,4.6,4.3,4.5,5.0,4.5,4.5
SYN-02010,4.3,4.0,4.5,4.8,4.4,4.6,5.0,4.9,4.7,4.6,4.1,4.3,4.4
SYN-02011,3.4,3.7,4.2,4.1,3.7,3.9,3.4,4.1,3.2,3.9,3.8,3.4,3.6
SYN-02012,3.6,3.6,3.5,4.2,4.3,3.3,4.5,3.9,4.0,3.5,4.3,4.0,4.3
SYN-02013,4.3,4.3,3.7,3.9,3.7,4.2,4.0,4.3,4.3,3.4,4.3,4.2,3.8
SYN-02014,4.0,3.8,4.1,3.8,4.0,3.9,3.7,3.9,4.7,3.7,3.8,3.7,3.7
SYN-02015,4.7,4.7,4.5,4.8,4.7,4.4,4.0,4.7,4.5,4.5,4.4,4.7,4.6
SYN-02016,4.1,3.8,4.5,4.3,4.2,3.3,4.1,4.1,3.9,4.4,4.3,4.3,4.4
SYN-02017,3.8,4.0,4.1,3.9,4.3,4.0,4.5,3.8,4.7,4.7,4.1,4.5,4.0
SYN-02018,3.8,3.4,3.1,2.4,3.4,3.6,3.9,3.5,3.8,3.4,3.4,3.8,2.8
SYN-02019,4.4,4.3,4.8,4.3,4.6,4.7,4.0,4.4,4.3,4.7,4.6,4.4,4.1
SYN-02020,4.1,3.7,3.3,3.3,3.9,3.4,4.3,3.5,3.8,3.8,3.5,3.1,3.8
SYN-02021,4.0,4.3,4.2,4.3,4.7,4.1,4.1,3.7,4.2,4.3,4.1,4.3,4.2
SYN-02022,3.9,4.4,4.2,4.3,4.1,4.1,4.3,4.2,4.8,4.5,4.5,4.2,3.7
SYN-02023,4.4,4.5,4.6,4.7,4.9,4.8,5.0,4.6,4.8,4.8,4.7,5.0,4.9
SYN-02024,3.3,3.7,3.7,4.4,3.6,3.4,3.9,3.9,3.7,3.7,4.0,3.5,3.6
SYN-02025,3.0,3.5,3.2,2.8,2.9,3.7,3.5,3.4,3.1,3.6,2.8,3.4,3.0
SYN-02026,4.2,4.5,4.2,4.1,4.1,3.7,4.5,4.0,4.8,4.2,4.7,3.7,4.5
SYN-02027,5.0,5.0,4.4,4.6,5.0,4.9,4.9,4.7,5.0,5.0,4.9,5.0,4.8
SYN-02028,5.0,4.9,4.3,4.4,4.3,5.0,4.8,4.5,4.4,4.9,4.9,4.9,4.5
SYN-02029,4.4,4.3,4.0,4.0,4.4,4.3,4.4,4.5,4.7,4.0,4.5,4.5,4.2
SYN-02030,4.1,3.9,4.7,4.1,4.2,3.9,3.9,3.6,4.4,4.3,3.9,3.8,4.1
SYN-02031,4.3,4.4,4.1,4.5,4.6,4.8,4.4,4.4,4.0,4.8,4.8,4.5,4.1
SYN-02032,3.5,3.7,4.1,3.9,3.4,4.0,3.6,3.7,4.2,4.1,4.2,3.9,4.1
SYN-02033,4.2,4.3,4.3,4.4,4.0,4.3,4.8,4.0,4.0,4.0,5.0,4.5,4.3
SYN-02034,4.4,4.4,4.2,4.2,4.3,4.2,4.3,4.5,4.1,5.0,4.6,4.0,3.6
SYN-02035,4.4,4.8,4.7,4.5,4.4,4.3,4.5,4.3,4.5,5.0,4.3,4.8,4.8
SYN-02036,4.7,4.7,5.0,4.7,5.0,5.0,5.0,5.0,5.0,5.0,5.0,4.4,5.0
SYN-02037,3.7,4.4,4.3,4.7,4.6,4.2,4.2,4.5,4.2,4.3,4.7,4.1,4.2
SYN-02038,3.9,5.0,4.2,4.4,4.3,4.3,4.2,4.1,3.6,4.1,4.0,4.2,4.0
SYN-02039,4.4,4.5,3.3,4.1,3.6,4.3,4.1,4.6,4.3,4.0,4.5,4.1,4.0
SYN-02040,3.7,4.1,3.8,3.8,4.4,3.4,3.4,3.6,4.0,3.3,4.1,3.1,3.5
SYN-02041,4.0,3.7,3.8,4.2,4.4,3.3,4.0,3.9,4.0,3.9,3.6,4.4,4.3
SYN-02042,4.0,3.9,3.9,3.3,4.2,4.3,4.1,4.0,4.1,3.8,3.9,4.0,4.3
SYN-02043,4.4,3.9,3.7,4.0,4.6,3.7,4.3,4.4,3.9,3.8,4.2,4.1,4.2
SYN-02044,4.9,4.3,3.9,4.3,4.3,4.6,4.2,4.1,3.8,4.4,5.0,4.2,4.4
SYN-02045,3.7,3.5,4.0,3.9,3.2,4.4,4.0,3.9,3.8,4.0,4.0,4.0,4.2
SYN-02046,5.0,5.0,4.3,4.4,4.7,4.4,4.4,4.7,4.9,5.0,4.5,4.7,4.7
SYN-02047,4.2,4.0,3.9,4.4,4.0,3.7,4.2,4.6,3.4,4.1,4.4,3.7,4.1
SYN-02048,3.9,3.9,4.1,3.9,3.8,4.2,4.9,4.4,4.5,4.4,4.0,4.3,4.5
SYN-02049,4.3,4.1,4.2,4.8,4.3,4.0,4.1,3.8,4.8,4.6,4.1,4.7,4.3
SYN-02050,4.1,4.5,4.4,4.5,3.8,4.0,4.7,4.8,4.7,4.9,4.4,4.4,4.0
SYN-02051,4.3,3.9,4.4,3.9,4.8,4.6,3.9,4.4,5.0,4.5,4.2,4.0,4.0
SYN-02052,4.1,3.8,3.8,3.8,3.9,3.5,4.0,3.5,3.7,4.2,4.0,4.1,4.5
SYN-02053,4.0,4.0,3.9,3.8,3.7,4.0,4.1,4.1,4.0,4.2,4.0,3.8,3.7
SYN-02054,3.6,4.5,3.9,3.8,4.0,4.0,4.6,4.0,4.9,4.1,4.7,4.4,4.2
SYN-02055,4.2,4.1,3.9,4.4,3.6,3.4,3.5,4.3,4.2,3.6,3.0,3.7,3.4
SYN-02056,3.8,3.6,3.4,4.5,3.7,4.3,3.8,3.6,4.1,3.8,3.9,4.0,3.7
SYN-02057,3.5,4.0,4.3,3.8,4.1,4.5,4.0,4.1,4.0,3.8,3.7,3.7,4.1
SYN-02058,4.7,4.7,4.4,4.8,4.6,4.5,3.5,4.3,4.0,4.7,4.5,4.2,4.6
SYN-02059,3.9,4.0,4.1,4.5,4.7,4.1,4.7,4.3,4.4,4.3,4.2,4.4,4.5
SYN-02060,4.0,4.2,4.8,4.3,4.4,4.6,4.1,4.3,4.5,4.6,3.6,4.0,4.0
SYN-02061,4.5,4.2,4.7,4.5,4.8,4.8,4.7,4.4,4.5,4.4,4.1,4.8,4.5
SYN-02062,3.7,4.3,4.1,3.5,3.7,3.9,4.2,4.4,4.4,4.3,4.1,4.7,4.4
SYN-02063,4.4,4.5,4.2,4.3,3.7,4.2,4.9,4.4,4.4,4.6,4.4,4.1,4.3
SYN-02064,3.8,4.2,3.9,4.4,4.0,3.9,4.1,4.3,3.8,4.0,4.2,4.6,3.4
SYN-02065,4.5,4.2,4.1,4.1,4.2,4.5,4.1,4.8,4.5,4.4,4.2,4.6,4.7
SYN-02066,3.6,3.8,4.2,4.3,3.9,3.8,4.0,4.4,4.0,3.6,4.0,4.2,4.0
SYN-02067,3.7,3.6,3.3,3.4,2.8,3.7,3.2,3.2,3.2,3.5,3.0,3.1,3.3
SYN-02068,4.0,4.3,4.0,4.6,4.4,4.4,4.0,4.9,4.0,3.9,4.4,4.2,3.9
SYN-02069,5.0,5.0,4.7,5.0,4.9,4.7,5.0,4.9,4.9,4.6,4.7,4.6,5.0
SYN-02070,4.0,4.9,4.3,4.5,4.4,4.4,4.7,4.5,4.3,4.6,4.3,4.4,4.1
SYN-02071,4.4,4.7,4.5,5.0,5.0,4.4,4.3,4.9,4.6,4.9,4.7,4.5,4.5
SYN-02072,4.8,4.6,5.0,4.2,5.0,4.1,4.7,4.5,4.2,4.0,4.3,4.6,4.5
SYN-02073,3.9,4.6,3.9,4.4,4.0,3.9,4.0,4.4,3.8,4.3,3.9,4.0,4.4
SYN-02074,4.9,4.0,4.5,4.2,4.1,4.6,4.0,3.9,4.4,4.7,4.5,3.8,4.1
SYN-02075,4.3,4.5,4.1,3.8,4.5,4.0,3.8,3.8,3.6,4.8,4.4,3.8,4.5
SYN-02076,4.2,4.2,3.9,3.9,4.1,3.5,3.9,4.1,4.5,3.9,4.3,3.5,4.4
SYN-02077,4.1,4.5,4.5,4.5,4.4,4.0,4.1,4.7,4.2,4.4,4.0,4.7,4.0
SYN-02078,4.9,4.3,4.9,4.6,4.5,5.0,4.6,4.5,4.9,4.2,3.9,5.0,4.4
SYN-02079,4.4,4.2,3.8,4.3,4.0,3.8,3.8,3.6,4.3,3.9,4.1,4.1,3.9
SYN-02080,3.6,4.8,4.0,4.6,4.4,3.9,4.1,4.1,4.6,4.3,3.8,4.1,4.3
SYN-02081,3.8,4.3,4.6,3.9,4.0,4.5,4.1,3.9,4.5,4.4,4.2,4.5,4.6
SYN-02082,4.4,5.0,4.9,3.8,4.1,3.7,4.3,4.0,4.2,4.7,3.9,4.4,4.4
SYN-02083,3.7,3.7,3.0,3.5,4.2,3.3,4.2,3.3,3.2,3.4,4.0,3.5,3.8
SYN-02084,3.4,3.4,3.8,3.6,3.1,3.3,3.9,3.5,2.9,3.0,3.7,3.6,3.1
SYN-02085,4.2,4.5,4.4,4.5,4.2,4.0,3.9,4.0,3.7,3.9,4.4,3.5,3.5
SYN-02086,4.0,3.7,3.2,3.8,3.7,3.6,4.0,3.4,3.8,3.7,3.8,3.3,3.6
SYN-02087,4.0,4.2,4.6,4.3,4.2,4.4,3.9,4.5,4.4,3.9,4.6,4.2,4.7
SYN-02088,4.2,4.0,3.9,4.0,4.0,4.5,4.1,3.7,4.2,4.2,4.0,4.2,4.1
SYN-02089,4.2,4.2,4.2,3.7,4.7,3.6,4.0,3.7,4.2,4.1,4.0,4.5,4.4
SYN-02090,4.6,4.9,5.0,5.0,4.7,4.2,4.8,4.9,4.5,4.7,4.7,5.0,5.0
SYN-02091,4.7,4.3,4.7,4.5,4.3,4.9,4.1,4.5,4.6,4.2,4.5,4.6,4.4
SYN-02092,4.4,4.3,4.5,4.2,4.2,4.3,4.7,3.8,4.0,5.0,4.4,4.2,4.5
SYN-02093,4.2,3.8,4.5,4.2,4.4,4.5,4.5,3.9,4.4,4.6,4.0,4.0,4.1
SYN-02094,4.0,3.2,4.1,3.9,3.7,3.4,3.6,4.0,4.2,3.5,4.1,4.0,3.8
SYN-02095,4.3,4.4,5.0,4.6,5.0,4.6,4.4,4.7,5.0,4.4,4.8,4.6,4.1
SYN-02096,3.7,4.0,4.3,4.4,3.7,4.4,4.1,4.2,4.4,4.7,4.3,3.8,4.1
SYN-02097,4.7,4.7,4.6,4.3,4.0,4.6,4.1,4.6,4.6,4.3,4.4,4.5,4.3
SYN-02098,3.4,3.8,3.8,4.2,3.6,4.1,3.5,3.4,3.7,3.5,3.4,4.4,3.7
SYN-02099,4.3,3.4,3.1,4.0,3.4,3.7,3.2,3.6,3.2,3.6,3.5,3.7,3.8
SYN-02100,4.6,4.6,4.5,4.4,4.6,4.5,4.5,4.6,4.2,4.9,4.4,4.5,4.5
SYN-02101,4.5,4.4,4.3,4.8,3.4,4.7,4.6,3.8,4.6,4.6,4.5,3.9,4.5
SYN-02102,4.2,3.7,4.0,3.8,4.1,3.8,3.7,3.9,3.5,3.8,4.0,4.1,4.0
SYN-02103,3.5,4.3,4.3,3.9,3.7,3.7,3.8,4.0,3.8,3.6,4.2,4.0,3.6
SYN-02104,4.7,4.6,4.4,5.0,4.6,4.5,4.6,4.7,4.6,4.6,4.9,4.2,4.2
SYN-02105,4.0,4.5,4.0,4.3,3.7,3.6,3.9,4.1,3.4,3.7,3.8,3.6,3.6
SYN-02106,5.0,4.9,5.0,4.9,4.5,4.9,4.5,4.7,4.5,4.6,4.8,4.6,4.5
SYN-02107,4.2,3.8,3.7,3.6,3.3,3.8,3.5,4.1,3.9,4.4,4.0,3.7,3.3
SYN-02108,4.7,4.0,4.3,4.9,4.6,4.5,4.7,4.7,4.9,4.2,4.3,4.1,4.4
SYN-02109,4.0,3.6,3.9,4.5,4.2,4.3,4.0,3.5,4.0,4.4,3.7,4.3,3.6
SYN-02110,4.4,4.6,4.3,5.0,4.3,4.2,4.5,4.2,4.0,4.1,4.6,4.3,4.9
SYN-02111,3.9,4.2,4.2,3.9,3.7,3.5,4.2,4.4,3.5,3.9,3.8,4.2,3.9
SYN-02112,4.5,4.0,3.8,4.0,4.0,4.3,4.0,4.3,3.9,4.1,3.9,3.9,4.5
SYN-02113,4.0,4.1,4.5,4.4,4.7,4.4,4.0,4.8,4.4,4.2,4.2,4.3,4.1
SYN-02114,3.4,4.3,3.8,3.9,4.5,3.6,4.0,3.6,3.9,3.9,4.1,4.2,3.7
SYN-02115,4.9,4.9,4.4,4.5,4.3,4.4,4.1,4.7,3.8,4.3,4.4,4.8,4.3
SYN-02116,4.1,4.0,4.3,4.1,4.3,3.9,3.7,4.1,3.9,4.0,4.1,4.4,4.3
SYN-02117,3.9,3.8,4.6,3.6,4.0,4.3,4.6,4.1,4.1,3.9,4.2,3.8,3.9
SYN-02118,4.1,3.7,4.1,3.8,3.4,4.2,3.5,3.7,3.8,4.2,3.7,3.6,3.9
SYN-02119,3.2,3.2,3.4,2.9,2.8,3.9,3.3,3.4,3.1,3.6,3.1,2.5,3.1
SYN-02120,4.0,4.1,4.1,3.9,3.9,4.0,3.6,3.5,4.2,4.2,4.4,4.1,3.8
SYN-02121,4.4,4.7,5.0,5.0,5.0,4.6,4.7,4.7,4.9,5.0,5.0,4.9,5.0
SYN-02122,4.2,4.0,5.0,3.8,3.9,5.0,4.5,4.1,4.7,4.7,4.1,4.3,4.7
SYN-02123,3.9,4.3,4.6,3.5,4.1,4.3,3.7,4.0,4.5,4.0,3.7,4.5,4.3
SYN-02124,4.1,4.1,4.4,4.2,4.3,3.9,3.5,4.3,4.4,4.0,4.4,4.0,4.1
SYN-02125,4.7,4.1,4.1,3.6,4.4,4.0,4.3,4.1,4.1,4.2,4.2,4.6,4.7
SYN-02126,4.6,4.8,4.6,4.5,4.8,4.0,4.2,4.1,4.3,4.6,4.1,4.5,4.2
SYN-02127,3.7,3.8,4.3,3.6,3.8,3.5,3.6,3.5,3.9,3.9,4.0,3.6,3.9
SYN-02128,4.6,4.6,4.2,4.6,4.6,4.6,4.7,4.8,4.3,4.5,4.7,4.5,4.9
SYN-02129,4.5,3.9,4.7,4.4,3.9,4.4,4.1,4.7,4.4,4.2,4.7,4.6,4.4
SYN-02130,4.1,4.2,4.2,4.7,3.9,4.4,4.4,4.8,4.5,4.6,4.3,4.1,4.4
SYN-02131,4.6,4.6,4.2,4.1,4.0,4.3,4.4,4.8,4.4,4.5,4.1,4.4,4.4
SYN-02132,4.2,4.2,4.2,4.4,4.6,3.5,4.5,3.7,4.3,4.9,4.2,4.3,4.1
SYN-02133,4.6,4.5,4.2,4.4,4.1,4.4,4.3,4.5,4.2,4.4,4.4,4.5,4.5
SYN-02134,4.4,4.2,4.4,4.4,4.7,4.8,4.0,4.6,4.7,4.0,4.6,4.7,4.1
SYN-02135,4.0,4.1,4.2,3.8,4.4,3.5,4.5,4.2,3.9,4.3,3.8,4.1,4.1
SYN-02136,4.1,3.7,3.9,4.0,3.8,4.1,3.8,4.3,4.5,3.9,4.3,3.9,3.7
SYN-02137,4.1,4.3,3.7,4.4,4.3,4.5,4.4,4.3,4.1,4.7,4.9,4.1,4.5
SYN-02138,4.5,4.6,4.6,4.9,4.4,5.0,5.0,4.9,4.7,5.0,3.9,4.9,4.8
SYN-02139,3.2,3.9,3.9,3.2,3.4,4.4,3.7,4.1,4.1,3.9,4.1,3.1,3.7
SYN-02140,2.8,3.2,3.5,3.5,3.7,3.7,3.7,3.7,3.8,3.4,3.5,3.7,3.7
SYN-02141,3.9,4.6,4.5,4.0,4.2,4.9,4.3,4.4,4.1,4.2,4.7,4.3,4.2
SYN-02142,4.2,5.0,4.2,4.0,4.0,4.5,3.8,4.4,4.0,3.7,3.9,4.2,4.6
SYN-02143,4.5,4.2,4.6,4.2,3.8,4.3,3.8,4.5,4.5,4.0,4.3,4.3,4.5
SYN-02144,3.9,4.5,3.9,4.5,4.6,4.1,4.7,3.8,4.6,4.7,4.4,4.2,4.4
SYN-02145,3.9,4.9,3.9,4.5,3.9,4.6,4.7,4.2,4.2,3.8,3.8,4.2,4.6
SYN-02146,4.6,5.0,4.5,4.8,4.8,4.7,4.1,4.5,4.8,4.7,4.9,4.9,4.6
SYN-02147,3.4,4.1,3.2,3.5,3.4,3.9,4.0,3.6,3.7,3.8,4.2,3.1,3.9
SYN-02148,4.0,3.8,4.0,4.1,4.1,4.6,3.9,3.9,3.9,4.1,3.9,3.9,3.9
SYN-02149,4.1,4.0,4.3,4.1,4.3,4.2,4.0,4.6,4.1,4.4,4.0,3.6,4.0
SYN-02150,3.0,3.6,4.1,3.4,3.0,4.1,3.5,3.6,3.9,3.8,3.9,3.9,3.1
SYN-02151,3.7,4.5,3.9,3.9,3.8,4.0,4.0,3.9,3.8,4.2,3.9,4.0,3.5
SYN-02152,5.0,5.0,4.6,4.5,4.8,4.8,4.4,4.0,4.6,4.3,4.8,4.8,4.5
SYN-02153,4.0,4.7,4.4,4.1,4.9,3.8,4.0,4.2,3.7,4.7,4.3,4.0,4.3
SYN-02154,4.3,4.2,3.9,3.8,4.9,3.9,4.8,4.0,4.5,4.4,4.5,4.5,3.8
SYN-02155,3.6,3.3,3.8,3.4,3.2,3.7,3.1,3.8,3.4,3.5,3.1,4.3,3.3
SYN-02156,3.9,3.4,3.7,4.5,4.1,3.8,4.0,3.8,4.0,4.2,3.9,4.1,4.1
SYN-02157,4.0,3.8,3.9,4.3,4.3,3.7,4.0,3.8,4.3,3.9,4.7,4.1,4.4
SYN-02158,3.8,4.1,4.3,3.8,4.1,4.4,4.0,3.8,4.6,3.7,4.1,3.9,3.8
SYN-02159,4.9,4.6,4.8,4.0,4.8,4.4,4.1,5.0,4.8,4.7,5.0,4.7,4.4
SYN-02160,4.3,4.2,4.2,4.0,4.1,4.7,4.5,4.2,4.1,4.3,3.9,4.4,4.7
SYN-02161,4.5,3.5,4.1,3.6,3.5,3.5,3.9,3.5,3.6,3.7,3.6,3.6,3.1
SYN-02162,4.3,4.3,4.0,4.4,4.7,4.3,4.7,5.0,5.0,3.9,3.9,4.2,4.3
SYN-02163,4.9,4.6,4.0,4.2,4.4,3.9,4.4,4.0,3.9,4.1,4.5,4.5,4.4
SYN-02164,4.9,4.9,4.7,4.6,4.6,4.6,3.9,4.9,4.7,4.2,5.0,4.4,4.6
SYN-02165,5.0,4.8,5.0,4.6,5.0,4.5,5.0,4.1,4.4,4.8,4.6,4.7,4.8
SYN-02166,3.5,3.5,3.9,3.6,4.2,3.8,4.1,4.0,3.7,3.3,4.2,3.6,3.7
SYN-02167,3.9,3.9,4.2,3.9,3.9,4.2,4.1,3.7,3.6,3.7,3.9,3.5,3.9
SYN-02168,3.7,3.0,3.3,2.9,3.7,4.1,3.2,3.4,3.7,3.4,3.4,3.9,3.6
SYN-02169,3.7,3.5,4.8,4.5,4.0,4.1,4.0,4.3,3.9,4.0,4.3,4.6,4.3
SYN-02170,4.7,4.3,4.2,3.8,4.4,4.5,4.3,4.1,4.7,4.6,4.8,4.1,4.2
SYN-02171,4.9,4.5,4.4,4.4,4.5,4.8,4.5,4.8,4.7,4.3,4.3,4.4,4.1
SYN-02172,4.0,4.6,4.2,3.9,4.7,3.9,3.9,4.5,4.4,4.1,4.4,4.3,3.8
SYN-02173,3.4,3.9,4.4,4.0,4.2,4.1,3.6,4.0,4.2,3.9,4.0,4.2,4.1
SYN-02174,4.6,4.4,4.0,4.1,4.3,4.7,4.1,3.7,4.4,4.0,3.9,4.3,4.5
SYN-02175,3.7,4.1,4.1,4.1,3.7,3.6,3.6,4.1,4.1,3.6,4.5,3.6,4.2
SYN-02176,5.0,5.0,4.7,4.7,4.9,5.0,4.6,4.4,5.0,5.0,5.0,4.5,4.9
SYN-02177,4.0,3.7,3.6,3.9,3.5,3.9,3.3,3.2,3.6,2.9,3.7,3.1,3.7
SYN-02178,4.3,4.2,4.4,4.3,4.2,4.8,4.4,4.5,4.6,4.5,4.9,4.3,4.3
SYN-02179,4.7,4.8,4.7,5.0,4.6,4.9,5.0,5.0,4.6,5.0,4.9,4.0,4.6
SYN-02180,4.6,4.6,4.4,4.4,4.0,4.1,4.6,4.3,4.2,4.1,4.6,4.5,4.4
SYN-02181,4.2,4.0,4.3,3.8,3.9,3.7,4.5,3.9,4.3,4.1,5.0,4.3,3.6
SYN-02182,4.4,4.0,4.0,3.9,4.1,4.1,3.9,3.9,4.1,3.4,3.6,4.6,4.2
SYN-02183,4.0,3.6,4.1,4.4,4.9,4.7,3.9,4.0,3.7,3.9,4.1,4.0,4.8
SYN-02184,4.3,4.7,4.1,4.8,4.3,5.0,4.6,4.3,4.0,4.4,4.8,4.8,4.5
SYN-02185,3.7,3.1,2.5,3.5,3.8,3.8,3.0,3.3,3.6,3.2,3.5,3.2,3.1
SYN-02186,4.5,5.0,4.7,5.0,4.9,5.0,5.0,5.0,4.7,5.0,4.8,4.1,4.8
SYN-02187,3.4,4.0,3.9,3.6,3.4,3.7,3.5,3.9,3.9,4.6,3.6,3.6,3.7
SYN-02188,4.1,4.4,4.0,4.7,4.3,4.0,3.9,4.4,4.1,4.1,3.9,4.1,3.9
SYN-02189,4.5,4.3,4.0,4.0,4.1,4.0,3.8,3.5,3.8,4.0,3.8,4.3,4.0
SYN-02190,5.0,4.2,4.4,4.3,4.5,4.7,4.6,3.8,4.6,4.1,4.3,4.6,4.1
SYN-02191,4.0,3.5,4.3,3.7,4.2,4.0,3.5,3.3,3.7,3.5,4.1,3.6,3.6
SYN-02192,3.9,4.5,4.0,4.5,4.5,4.1,4.6,4.3,3.9,4.8,4.1,4.5,4.5
SYN-02193,5.0,5.0,4.6,5.0,5.0,5.0,4.5,4.6,5.0,4.3,5.0,4.5,4.6
SYN-02194,3.3,3.8,4.1,3.8,3.9,3.8,3.9,3.9,2.9,4.0,4.0,3.6,3.1
SYN-02195,4.3,4.4,4.1,4.3,4.6,5.0,4.3,4.4,4.0,4.1,4.2,4.6,4.5
SYN-02196,4.5,3.5,3.6,4.3,4.4,4.0,2.6,3.7,4.1,3.7,4.0,4.5,4.4
SYN-02197,4.6,4.3,4.2,4.6,4.4,4.4,3.9,4.1,4.6,4.0,4.4,4.5,4.5
SYN-02198,4.4,4.4,4.0,3.8,3.9,4.4,3.8,3.9,3.9,3.7,3.9,4.5,4.0
SYN-02199,3.5,3.8,4.1,3.4,4.3,3.5,3.9,3.9,3.8,4.0,4.2,4.0,3.8
SYN-02200,4.5,4.4,4.2,4.4,4.1,4.1,4.6,4.5,4.6,4.6,4.1,4.7,4.3
SYN-02201,5.0,4.8,4.9,4.9,5.0,4.3,4.4,5.0,4.9,4.6,4.9,4.4,5.0
SYN-02202,4.5,4.3,4.2,3.9,3.7,4.1,3.9,3.9,3.7,4.2,4.0,4.3,4.3
SYN-02203,4.5,5.0,4.7,4.1,4.6,4.4,4.0,4.0,4.6,4.7,4.1,4.7,4.5
SYN-02204,4.1,4.1,3.7,4.2,3.4,4.5,3.5,3.7,3.6,3.6,4.6,3.6,4.0
SYN-02205,3.8,4.1,3.7,3.9,4.1,3.6,4.7,4.1,3.8,3.7,3.9,3.5,4.4
SYN-02206,4.5,4.3,4.7,4.1,4.0,4.3,4.4,4.5,3.9,4.2,3.4,4.0,4.6
SYN-02207,5.0,4.4,4.6,4.7,5.0,5.0,4.8,4.6,4.3,4.8,5.0,5.0,4.8
SYN-02208,4.4,4.1,4.2,4.4,4.4,4.6,4.6,4.5,4.0,4.0,4.1,4.4,3.7
SYN-02209,4.1,4.5,4.3,4.0,3.9,4.3,4.2,4.0,3.9,4.1,4.0,4.3,4.5
SYN-02210,3.8,3.8,4.6,4.2,3.9,4.5,4.3,4.9,4.1,4.5,3.8,4.6,4.5
SYN-02211,4.2,4.1,3.7,3.4,3.6,3.2,3.5,3.9,3.7,3.7,3.5,3.2,3.8
SYN-02212,4.5,4.1,4.3,4.9,4.8,4.0,4.4,4.8,4.3,4.3,4.7,4.7,4.7
SYN-02213,4.4,4.7,5.0,4.5,4.4,4.9,5.0,5.0,4.4,4.4,4.2,4.5,4.2
SYN-02214,3.9,4.3,4.2,3.5,4.5,3.7,3.8,3.7,3.8,3.8,3.8,3.3,4.1
SYN-02215,4.1,4.7,4.2,3.9,3.7,4.0,4.2,3.9,4.1,4.6,3.9,3.5,4.3
SYN-02216,4.4,3.8,4.4,4.0,4.4,4.9,4.2,4.6,3.9,3.8,4.9,4.4,4.5
SYN-02217,4.4,3.9,4.3,4.2,3.7,4.5,4.4,3.7,4.1,4.0,4.5,3.6,5.0
SYN-02218,4.1,4.4,4.6,4.1,4.1,4.0,3.9,4.3,4.1,4.0,4.0,4.3,3.9
SYN-02219,4.9,5.0,5.0,4.6,4.9,5.0,5.0,4.7,4.8,4.7,4.7,5.0,5.0
SYN-02220,4.4,4.1,3.7,4.3,4.2,4.1,3.7,4.1,3.8,4.3,4.0,4.0,3.7
SYN-02221,4.4,4.0,4.1,3.9,3.6,3.9,4.0,4.2,4.0,3.9,3.6,4.1,3.8
SYN-02222,4.4,4.0,4.1,3.9,4.0,3.7,3.6,4.0,4.1,3.4,3.8,4.5,4.1
SYN-02223,4.9,4.3,4.3,4.8,4.6,4.4,4.1,4.8,5.0,4.0,4.9,4.3,4.4
SYN-02224,4.2,3.8,4.1,3.7,4.3,4.8,3.9,4.1,4.1,4.4,4.3,4.4,4.0
SYN-02225,4.1,3.0,4.2,3.6,3.9,4.2,3.5,4.3,3.9,4.4,3.7,3.4,4.0
SYN-02226,4.8,4.9,4.3,4.2,4.6,4.8,4.8,5.0,4.6,4.1,5.0,4.7,4.7
SYN-02227,4.9,5.0,4.7,5.0,4.9,4.5,4.6,4.9,4.5,5.0,4.7,4.8,5.0
SYN-02228,4.1,4.0,4.0,3.9,4.1,4.4,3.8,3.8,4.4,3.8,4.1,3.8,3.5
SYN-02229,3.6,3.9,3.5,3.1,3.6,3.3,2.8,3.5,3.7,3.9,4.1,3.7,3.8
SYN-02230,4.2,5.0,4.9,4.4,4.8,4.7,5.0,4.5,4.3,4.4,4.8,4.0,3.7
SYN-02231,4.2,4.0,4.0,3.6,3.4,3.8,4.1,3.8,4.2,3.7,3.8,4.2,3.8
SYN-02232,4.4,4.3,4.2,4.6,4.6,4.5,4.3,4.4,5.0,4.1,5.0,4.5,4.4
SYN-02233,3.8,2.9,3.9,4.1,3.8,2.9,3.7,4.0,4.0,3.1,3.8,4.0,3.5
SYN-02234,4.1,4.8,4.8,4.5,4.2,4.8,4.3,4.6,5.0,4.0,4.8,4.5,4.5
SYN-02235,3.9,3.5,3.4,3.2,4.1,3.7,3.9,3.6,3.4,4.0,3.9,3.7,3.9
SYN-02236,4.2,4.8,4.8,4.7,4.3,4.5,4.9,4.8,5.0,4.2,4.2,4.5,4.6
SYN-02237,4.2,4.1,4.6,4.2,3.8,3.9,4.3,5.0,3.9,4.1,4.9,4.1,4.3
SYN-02238,4.4,3.6,3.8,3.7,3.4,4.3,3.7,3.6,3.7,4.1,3.9,3.6,4.0
SYN-02239,4.3,4.1,4.0,4.4,4.0,4.5,3.8,3.8,3.8,4.0,4.1,3.7,4.1
SYN-02240,4.6,4.0,4.3,4.6,4.1,4.3,4.8,5.0,4.6,4.4,4.3,4.7,4.8
SYN-02241,3.9,4.5,4.1,4.0,4.2,4.5,4.3,4.3,4.3,4.4,4.2,4.4,4.0
SYN-02242,4.6,4.7,4.6,4.6,4.5,4.8,3.7,4.7,5.0,4.2,4.2,4.8,4.1
SYN-02243,4.7,4.9,4.7,5.0,4.7,5.0,5.0,5.0,5.0,4.7,4.5,5.0,4.7
SYN-02244,3.6,3.3,3.9,3.5,3.6,3.6,3.7,3.9,3.6,3.4,3.1,3.7,3.6
SYN-02245,4.6,4.8,5.0,5.0,4.3,4.7,5.0,5.0,4.5,5.0,4.4,5.0,4.7
SYN-02246,4.7,4.1,4.1,4.2,3.8,3.7,4.4,4.5,4.4,3.9,4.4,3.9,4.4
SYN-02247,4.2,4.0,4.3,3.8,3.8,3.9,3.5,3.8,3.8,3.8,4.0,3.4,3.5
SYN-02248,4.1,3.1,3.9,3.6,3.8,4.2,3.7,3.9,3.8,3.7,3.7,3.9,3.5
SYN-02249,3.8,4.2,4.2,3.6,4.1,3.8,4.3,3.6,4.7,4.0,3.9,4.0,4.3
SYN-02250,4.8,4.4,4.1,4.2,4.6,4.8,4.9,4.6,4.8,5.0,4.9,4.8,4.3
SYN-02251,4.4,4.3,4.4,4.5,4.3,4.1,3.8,4.1,4.2,4.2,4.2,4.4,4.4
SYN-02252,4.7,4.5,4.8,5.0,4.8,4.6,4.9,4.9,4.9,5.0,4.8,5.0,4.8
SYN-02253,4.1,4.1,4.0,3.9,4.4,4.0,3.4,3.8,3.6,4.3,4.1,4.3,3.5
SYN-02254,4.5,3.8,3.7,4.1,4.6,3.9,4.2,4.6,4.4,4.9,4.2,4.1,3.9
SYN-02255,3.7,3.4,3.2,4.4,3.8,4.5,3.5,3.6,3.5,3.6,4.0,3.9,4.0
SYN-02256,4.7,4.7,4.0,4.2,4.4,5.0,4.6,4.4,4.5,4.1,4.4,4.6,4.3
SYN-02257,4.3,4.5,4.4,4.1,4.3,4.1,4.1,4.2,4.8,5.0,4.0,5.0,4.2
SYN-02258,4.3,4.1,4.2,3.7,3.5,3.8,4.2,4.6,3.7,4.0,3.8,4.0,3.5
SYN-02259,3.7,3.3,3.6,3.2,3.3,3.6,3.3,3.3,3.1,3.1,3.0,3.1,3.7
SYN-02260,4.8,3.9,4.4,4.2,4.7,4.3,4.3,4.0,3.8,4.5,4.4,4.4,4.1
SYN-02261,4.3,4.6,4.6,4.0,4.2,3.9,4.4,4.6,4.3,4.2,4.3,5.0,4.7
SYN-02262,4.6,4.4,4.3,4.1,4.0,4.2,4.1,4.2,4.3,4.3,4.2,4.5,4.3
SYN-02263,4.7,4.4,4.8,4.5,5.0,4.6,4.6,4.8,4.9,4.9,5.0,4.8,4.6
SYN-02264,3.7,3.8,4.3,3.4,3.6,3.8,3.6,3.7,4.4,3.7,3.9,3.3,3.5
SYN-02265,4.7,4.9,4.5,4.3,4.6,3.7,4.5,4.1,4.7,3.8,4.2,4.4,4.2
SYN-02266,4.5,4.9,4.6,4.3,4.9,4.7,4.7,4.3,3.9,4.3,4.3,4.4,4.4
SYN-02267,3.6,3.8,3.9,3.8,3.3,3.6,4.0,3.1,4.0,3.3,3.7,3.7,3.6
SYN-02268,5.0,4.2,3.8,4.4,4.3,4.5,4.6,4.3,4.4,4.4,4.8,4.2,4.1
SYN-02269,4.3,3.7,4.1,4.0,4.0,4.8,4.4,4.3,4.2,3.8,4.1,4.2,4.1
SYN-02270,4.2,4.1,4.3,4.0,4.4,3.6,4.6,3.8,3.9,4.3,4.3,4.8,4.3
SYN-02271,4.3,4.4,4.8,5.0,4.3,4.5,4.3,4.3,4.9,4.0,3.6,4.4,4.7
SYN-02272,4.1,4.2,4.3,4.1,4.2,4.2,3.4,4.1,3.6,4.0,3.9,4.3,4.1
SYN-02273,4.1,3.9,4.3,3.5,3.7,4.3,3.8,3.3,4.4,4.3,4.2,4.0,4.5
SYN-02274,4.6,4.7,4.4,4.2,4.1,3.8,4.4,4.4,4.1,4.4,4.1,4.5,3.9
SYN-02275,3.5,3.7,4.1,3.5,4.1,3.3,3.7,3.4,3.0,3.9,3.8,3.4,3.7
SYN-02276,4.0,3.7,3.8,3.7,3.6,3.6,3.6,3.6,3.5,3.7,3.6,3.5,4.0
SYN-02277,4.8,4.4,4.5,4.2,4.8,5.0,4.4,4.3,4.5,4.5,4.3,4.6,4.7
SYN-02278,3.6,4.6,3.3,3.5,3.9,4.5,3.6,3.5,4.0,3.7,4.0,3.8,3.5
SYN-02279,5.0,3.5,5.0,4.7,4.2,5.0,4.0,4.7,3.8,4.1,4.1,4.2,4.4
SYN-02280,4.1,3.8,4.5,4.4,4.5,4.4,4.6,4.3,4.7,4.1,4.1,4.8,4.8
SYN-02281,3.8,3.3,3.3,4.0,4.0,3.6,4.3,3.7,3.3,3.5,3.6,3.6,4.0
SYN-02282,3.7,3.6,4.1,3.8,4.7,4.2,3.8,4.3,4.2,4.2,3.9,4.1,3.3
SYN-02283,5.0,3.6,4.5,4.1,4.5,4.6,4.3,3.8,4.7,5.0,4.5,4.9,5.0
SYN-02284,3.3,3.7,3.5,3.6,4.4,3.9,4.1,3.8,3.5,4.1,4.2,4.0,4.0
SYN-02285,3.7,4.2,4.4,4.2,3.5,4.5,3.8,4.2,4.3,4.4,3.5,4.1,4.1
SYN-02286,4.8,4.5,4.8,4.5,4.3,4.4,4.8,4.0,4.6,4.2,4.1,4.7,4.1
SYN-02287,4.6,4.3,3.8,4.6,4.5,3.9,4.3,3.9,4.7,4.9,4.7,4.8,4.3
SYN-02288,4.3,4.1,4.2,4.4,4.5,4.0,3.7,4.1,4.0,4.2,4.4,3.5,3.9
SYN-02289,3.7,4.4,3.9,3.8,4.2,3.8,4.0,4.5,4.5,3.9,3.9,3.8,3.4
SYN-02290,5.0,5.0,4.6,4.5,4.6,4.7,4.4,4.6,5.0,4.7,5.0,4.8,4.4
SYN-02291,4.6,4.9,4.5,4.4,4.5,5.0,4.7,5.0,4.5,4.1,4.8,5.0,4.8
SYN-02292,4.1,4.1,4.9,4.3,5.0,4.7,4.3,4.9,4.3,4.1,4.3,4.8,4.9
SYN-02293,4.1,3.7,3.8,3.9,3.8,4.3,4.8,4.5,3.9,4.0,4.1,4.3,4.7
SYN-02294,3.8,4.4,4.5,3.8,3.8,3.8,3.9,3.8,4.2,3.5,3.8,4.0,4.2
SYN-02295,4.6,3.5,3.7,3.2,3.6,3.4,3.8,3.8,4.1,3.8,4.1,3.9,3.6
SYN-02296,3.9,4.6,4.9,5.0,4.7,4.8,4.5,4.5,4.4,4.4,4.6,4.2,4.3
SYN-02297,4.0,4.5,4.1,4.4,4.5,4.5,4.6,4.3,4.5,4.2,3.8,4.5,4.4
SYN-02298,5.0,4.7,4.2,4.7,5.0,4.8,4.6,4.2,4.4,4.8,4.2,4.6,4.7
SYN-02299,4.8,4.6,4.7,4.5,4.2,4.2,4.1,4.6,4.2,4.3,4.4,4.9,4.6
SYN-02300,3.4,3.7,4.2,3.9,3.2,3.4,3.4,4.1,4.1,3.5,3.5,3.7,3.7
SYN-02301,4.3,4.5,4.1,4.9,4.0,4.0,4.7,4.2,4.4,4.6,4.8,4.5,5.0
SYN-02302,3.9,4.2,3.9,4.5,4.2,3.9,4.0,3.8,3.8,3.5,3.6,4.5,3.5
SYN-02303,3.9,4.0,4.0,4.2,3.9,4.2,4.4,4.4,4.0,4.2,3.7,3.8,3.7
SYN-02304,4.3,4.0,3.8,4.2,3.8,4.7,4.1,4.6,4.1,3.9,4.6,4.3,4.9
SYN-02305,4.8,4.8,5.0,5.0,4.9,5.0,4.8,4.5,4.6,4.8,5.0,4.8,5.0
SYN-02306,5.0,5.0,5.0,5.0,5.0,4.8,4.8,5.0,5.0,4.5,4.4,4.9,5.0
SYN-02307,4.4,4.1,4.4,3.9,4.6,4.3,4.4,4.5,4.5,4.2,4.7,4.7,3.9
SYN-02308,4.1,3.8,3.8,4.3,4.0,4.1,3.9,4.2,4.3,4.8,4.1,3.7,4.0
SYN-02309,4.6,4.2,3.9,4.2,4.2,4.1,4.5,4.4,4.6,4.3,4.6,4.2,4.0
SYN-02310,4.3,4.0,5.0,4.6,4.3,4.4,3.8,4.9,4.9,4.5,4.6,4.1,4.2
SYN-02311,3.6,4.0,4.4,4.0,4.2,4.4,3.6,4.6,4.4,4.2,4.4,4.4,4.2
SYN-02312,5.0,4.7,5.0,5.0,4.0,5.0,5.0,4.3,4.9,4.6,4.9,4.8,4.5
SYN-02313,4.6,4.2,4.4,4.7,4.0,4.3,4.1,4.2,4.9,4.4,4.4,4.4,4.4
SYN-02314,3.8,5.0,3.9,4.9,4.6,4.4,4.3,5.0,4.6,4.4,4.2,4.2,4.4
SYN-02315,4.2,4.6,4.2,4.7,4.7,4.4,4.6,4.6,4.0,5.0,4.4,4.6,4.7
SYN-02316,3.6,4.2,4.6,4.4,4.6,4.4,4.7,4.4,4.8,4.1,4.3,4.2,4.5
SYN-02317,4.4,4.4,4.3,4.4,4.5,3.9,3.8,4.5,3.7,4.4,4.4,4.7,4.3
SYN-02318,4.5,4.2,3.5,3.9,4.4,3.8,4.0,4.4,3.8,4.3,3.7,3.1,4.4
SYN-02319,4.1,4.2,3.7,3.7,4.3,4.1,4.0,4.1,4.5,4.2,3.9,3.6,4.2
SYN-02320,3.5,3.5,4.2,4.1,3.9,3.4,4.4,4.1,3.7,3.7,3.8,3.7,4.5
SYN-02321,4.2,4.0,4.8,4.2,4.6,4.6,4.3,4.1,4.3,4.0,4.3,4.6,4.9
SYN-02322,4.1,4.4,4.3,4.6,4.0,4.2,4.0,4.0,4.3,5.0,4.6,4.5,4.9
SYN-02323,4.5,4.5,4.2,4.2,4.0,4.2,4.3,4.5,4.3,4.3,4.1,4.5,4.2
SYN-02324,4.9,4.2,4.9,5.0,5.0,4.7,5.0,4.4,4.8,4.7,5.0,4.2,4.5
SYN-02325,4.7,3.5,4.4,4.0,4.3,4.6,4.3,4.6,4.1,4.1,4.4,4.1,4.4
SYN-02326,4.8,4.7,4.0,4.3,4.5,4.4,4.5,4.5,4.3,4.4,4.1,4.3,4.0
SYN-02327,3.9,3.8,3.5,4.4,3.7,3.9,3.6,3.7,3.9,3.7,3.8,4.1,3.7
SYN-02328,3.7,3.6,4.5,4.3,4.3,3.9,3.7,4.0,4.0,3.7,3.6,3.5,4.3
SYN-02329,4.1,4.5,4.3,4.6,4.5,4.4,4.5,4.4,4.3,4.7,4.3,4.4,4.0
SYN-02330,4.6,4.3,4.4,4.2,4.5,3.9,4.7,4.5,4.4,4.0,4.6,4.3,4.9
SYN-02331,4.2,4.6,4.1,4.4,4.2,4.0,4.2,3.8,4.7,4.1,4.1,4.2,3.8
SYN-02332,4.6,3.9,3.8,4.1,3.8,4.6,4.1,3.2,4.2,4.3,4.0,3.8,4.1
SYN-02333,3.5,3.4,3.3,3.7,3.9,3.8,3.2,3.9,3.9,4.1,3.4,3.7,3.8
SYN-02334,3.9,4.2,4.1,3.8,3.8,4.4,3.8,3.7,4.2,4.1,3.7,3.9,3.8
SYN-02335,4.3,5.0,4.4,4.2,5.0,4.8,4.7,4.3,4.9,4.8,4.6,4.0,4.5
SYN-02336,4.9,4.5,4.3,4.3,4.4,4.2,4.4,4.8,4.8,4.2,4.8,4.6,4.6
SYN-02337,4.5,4.1,4.3,4.6,4.0,4.1,4.5,4.1,4.6,4.1,4.4,4.5,4.2
SYN-02338,4.1,4.0,4.2,3.9,4.2,4.4,3.9,4.1,4.4,3.6,4.8,4.5,3.8
SYN-02339,3.6,4.2,3.9,4.5,4.3,4.2,4.0,4.7,4.4,4.4,4.6,3.9,4.6
SYN-02340,3.9,4.1,3.9,3.4,4.3,3.4,3.7,3.8,3.4,3.6,4.0,3.9,3.9
SYN-02341,4.2,4.5,4.3,4.0,4.4,4.1,4.7,4.3,5.0,4.7,4.4,4.6,3.8
SYN-02342,4.6,4.1,4.4,4.1,4.2,4.3,4.4,4.3,4.3,3.9,5.0,4.4,4.5
SYN-02343,4.3,4.1,4.4,4.5,4.8,5.0,4.8,3.8,4.2,4.5,4.3,4.4,3.7
SYN-02344,4.3,3.5,3.5,3.7,4.0,3.5,3.7,4.4,4.0,4.1,3.6,4.0,4.0
SYN-02345,3.2,3.4,2.9,3.6,3.3,3.4,3.7,3.6,3.4,3.1,3.8,3.0,3.6
SYN-02346,4.1,4.9,4.9,4.0,4.7,4.7,4.8,4.7,4.3,4.5,5.0,4.3,4.7
SYN-02347,4.4,3.7,3.6,3.7,4.2,3.7,4.0,4.4,4.0,3.8,4.1,4.0,4.2
SYN-02348,4.4,4.0,4.5,4.0,3.7,4.6,3.9,3.6,4.6,3.7,3.7,3.7,3.9
SYN-02349,4.7,3.6,4.7,4.3,4.3,5.0,4.5,4.6,4.4,4.7,4.9,3.7,4.8
SYN-02350,4.5,4.2,3.9,3.7,4.8,3.8,4.5,4.2,4.7,4.0,3.6,4.1,3.6
SYN-02351,5.0,4.8,4.8,4.8,4.4,4.5,4.6,5.0,4.2,4.4,4.5,4.4,4.1
SYN-02352,3.6,3.9,4.7,4.4,4.7,4.2,4.4,4.9,4.9,4.7,4.5,4.6,4.5
SYN-02353,4.4,4.3,4.8,4.1,4.9,4.4,4.0,4.3,4.2,4.3,4.3,4.2,4.3
SYN-02354,3.7,4.0,3.6,3.8,3.7,3.9,3.7,3.5,3.4,3.8,4.1,3.7,3.5
SYN-02355,4.5,4.5,4.4,4.2,4.6,4.7,4.3,4.4,4.3,4.2,4.3,4.6,4.2
SYN-02356,4.3,4.1,4.0,4.4,4.1,4.2,4.7,4.0,4.8,4.2,4.0,4.1,4.3
SYN-02357,4.4,4.3,4.1,4.4,3.5,4.1,4.2,4.2,3.6,3.8,4.0,4.4,4.6
SYN-02358,4.1,3.9,4.5,5.0,4.6,4.0,5.0,4.5,4.0,4.8,4.0,4.1,4.5
SYN-02359,3.6,3.6,3.6,3.9,2.9,3.7,3.5,3.4,3.4,2.8,3.3,4.0,3.8
SYN-02360,4.3,3.9,4.6,4.7,4.7,4.1,4.1,4.8,4.0,4.5,3.8,4.3,4.5
SYN-02361,3.8,4.0,3.5,3.6,4.0,4.0,3.9,4.1,3.3,3.7,4.4,4.2,4.0
SYN-02362,3.7,4.0,3.9,3.3,4.0,3.5,4.0,3.2,4.2,3.6,3.4,3.5,3.6
SYN-02363,3.7,4.1,3.7,3.0,3.3,4.5,3.7,4.0,3.6,3.4,3.5,3.7,3.5
SYN-02364,5.0,4.4,4.3,4.8,4.9,4.6,4.4,4.0,5.0,4.9,4.5,4.6,4.5
SYN-02365,4.5,3.7,3.8,3.8,4.1,4.0,4.0,3.7,4.4,3.8,4.3,4.9,3.7
SYN-02366,4.8,4.7,5.0,4.7,4.8,4.8,4.7,5.0,4.8,4.9,4.8,4.6,4.7
SYN-02367,4.2,4.2,4.4,4.6,3.9,4.1,4.0,3.7,4.2,4.2,3.7,3.9,3.9
SYN-02368,3.1,3.6,3.3,3.7,3.7,3.7,3.7,4.1,3.4,3.4,3.8,3.6,3.9
SYN-02369,4.0,4.4,3.8,3.4,3.9,3.8,4.0,4.0,3.6,3.5,3.8,3.1,3.8
SYN-02370,4.5,4.9,4.0,4.6,5.0,4.8,4.9,4.7,4.1,4.7,4.8,4.3,4.6
SYN-02371,3.3,4.0,4.0,4.6,4.0,4.1,4.1,4.0,4.4,3.5,4.5,4.1,4.5
SYN-02372,3.2,3.3,3.9,4.2,3.8,4.2,4.3,4.2,4.0,4.0,3.8,4.0,3.7
SYN-02373,4.0,4.4,4.1,4.0,4.4,4.4,4.2,4.2,4.4,4.5,4.3,3.9,4.2
SYN-02374,4.3,4.1,4.5,4.5,4.6,4.1,4.4,4.4,4.5,4.4,4.4,4.3,4.7
SYN-02375,4.3,4.5,4.9,4.3,4.4,4.8,4.2,4.8,4.4,4.7,4.2,4.9,4.2
SYN-02376,4.9,4.4,5.0,4.7,5.0,4.5,4.6,5.0,4.3,4.5,4.9,4.4,4.9
SYN-02377,4.1,3.6,4.4,3.7,4.3,4.1,3.9,3.7,4.2,3.8,4.4,4.4,4.6
SYN-02378,3.8,3.6,3.6,3.6,3.8,3.9,4.1,3.7,3.3,3.6,4.2,3.3,4.0
SYN-02379,3.9,3.8,4.2,4.5,4.2,4.0,3.7,4.0,3.7,4.0,4.0,3.3,4.5
SYN-02380,3.9,4.2,4.5,4.7,4.1,3.5,4.6,3.9,4.4,4.4,3.3,3.8,4.2
SYN-02381,3.1,3.5,3.9,3.8,4.0,4.0,3.4,3.5,4.1,4.3,3.6,3.9,4.1
SYN-02382,3.9,3.8,3.7,4.5,3.9,4.0,4.0,3.6,3.9,3.8,3.8,4.0,3.6
SYN-02383,4.0,4.5,4.2,4.2,3.7,4.6,4.5,4.5,4.4,3.9,4.4,4.1,4.0
SYN-02384,4.3,4.7,4.6,4.4,4.2,4.1,3.9,4.1,4.5,4.7,3.9,3.6,4.0
SYN-02385,4.5,4.8,4.6,4.6,4.0,4.0,3.8,4.0,4.5,4.7,4.3,4.1,3.9
SYN-02386,3.9,4.0,3.5,4.2,3.8,4.2,3.9,4.0,3.7,3.8,4.1,3.9,3.6
SYN-02387,4.2,4.2,4.5,4.5,4.1,4.0,4.1,4.0,4.3,4.4,4.5,4.0,4.0
SYN-02388,3.8,3.3,3.5,3.9,4.0,4.0,3.6,3.7,3.8,3.8,4.1,3.5,3.5
SYN-02389,4.4,4.1,3.9,4.1,4.4,4.7,4.7,5.0,4.5,4.6,4.4,4.5,5.0
SYN-02390,4.6,4.7,4.2,4.7,4.8,4.9,4.8,4.5,4.5,4.5,4.6,4.9,4.9
SYN-02391,3.8,4.2,2.8,3.4,3.6,3.4,3.3,3.0,3.5,3.8,3.8,3.3,3.6
SYN-02392,4.3,3.4,3.8,4.0,3.9,4.1,3.4,3.6,4.1,3.4,4.1,4.0,4.1
SYN-02393,3.5,3.8,3.3,3.6,3.7,3.4,3.7,3.3,3.8,4.2,3.3,3.7,3.2
SYN-02394,3.7,4.2,3.8,4.2,4.1,4.0,3.7,4.2,4.1,3.5,3.7,3.1,3.6
SYN-02395,4.1,3.9,3.9,4.6,4.5,4.0,4.4,4.5,4.4,4.3,4.5,4.4,3.8
SYN-02396,3.6,3.5,4.0,3.5,3.5,4.0,3.8,4.3,3.4,3.5,4.0,3.3,4.1
SYN-02397,3.5,4.1,3.3,3.9,3.5,4.5,3.6,3.6,4.0,3.7,4.1,3.7,3.6
SYN-02398,3.8,3.5,4.0,4.1,4.0,4.0,3.3,3.7,3.8,4.3,3.7,3.2,3.5
SYN-02399,4.1,3.6,4.6,3.8,4.4,3.9,4.7,4.2,4.1,4.4,4.0,4.4,4.1
SYN-02400,4.0,4.2,3.9,4.2,4.3,3.5,4.6,4.5,3.7,3.6,4.5,4.5,4.4
SYN-02401,3.5,4.5,3.7,4.0,4.0,4.4,4.0,4.1,3.9,3.6,3.3,4.0,3.5
SYN-02402,4.4,4.3,4.3,3.9,4.6,4.4,3.9,4.9,4.2,3.9,4.0,3.8,4.7
SYN-02403,4.3,4.2,4.2,4.4,3.9,4.1,3.8,4.0,4.1,3.1,3.8,4.1,4.0
SYN-02404,4.0,4.3,3.9,3.7,4.5,4.4,3.9,4.1,4.4,4.1,4.3,4.2,4.0
SYN-02405,4.9,4.5,4.9,4.8,4.7,4.4,4.8,4.8,4.5,4.3,4.3,4.7,4.9
SYN-02406,5.0,4.7,4.2,4.6,5.0,4.5,5.0,4.7,4.9,5.0,4.1,4.9,4.6
SYN-02407,3.5,3.7,4.3,4.1,3.1,3.5,4.0,3.7,3.7,3.3,3.5,3.3,3.2
SYN-02408,4.1,4.2,4.3,4.2,4.8,4.2,4.9,4.3,4.6,4.6,4.2,4.4,4.3
SYN-02409,4.6,4.4,4.3,4.5,4.6,5.0,4.5,4.5,4.6,4.2,4.0,4.4,4.8
SYN-02410,4.2,3.2,4.0,3.1,3.9,3.9,3.3,4.1,4.3,3.8,3.8,4.2,3.5
SYN-02411,4.2,4.2,4.5,4.5,4.3,4.4,4.3,4.3,4.3,4.3,3.9,4.4,3.9
SYN-02412,5.0,4.6,4.7,4.6,4.7,5.0,4.3,4.3,4.8,4.6,4.8,5.0,4.4
SYN-02413,4.0,3.5,3.8,3.4,3.8,3.8,3.5,3.4,4.0,3.7,4.1,3.6,4.2
SYN-02414,3.6,4.3,3.9,4.0,3.6,4.1,4.1,3.8,3.2,3.5,3.5,4.0,3.7
SYN-02415,4.4,4.4,5.0,4.6,4.6,4.4,4.5,4.3,4.7,4.2,4.8,4.3,4.8
SYN-02416,4.9,4.3,4.7,4.5,3.9,4.3,4.4,4.5,4.3,4.3,4.3,4.3,3.9
SYN-02417,4.3,4.0,4.2,4.2,4.2,4.1,4.5,4.3,4.3,4.0,4.3,4.7,4.7
SYN-02418,4.4,4.2,4.5,4.1,4.2,4.1,4.6,4.6,4.3,4.8,4.4,4.4,4.4
SYN-02419,4.0,4.1,4.3,4.3,4.5,4.1,4.4,4.4,4.4,4.3,3.9,3.7,4.1
SYN-02420,3.6,3.4,3.7,4.1,4.0,3.9,4.0,3.5,3.6,3.9,3.6,3.6,4.3
SYN-02421,4.6,5.0,4.0,4.4,4.7,4.6,3.9,4.5,5.0,4.6,4.7,4.4,4.6
SYN-02422,4.6,4.9,4.9,4.7,4.6,4.1,4.1,4.6,4.9,5.0,4.3,4.2,4.9
SYN-02423,3.9,3.6,4.0,4.0,4.5,4.4,3.9,4.5,4.2,4.4,4.5,4.0,4.3
SYN-02424,4.1,4.5,4.2,4.5,4.6,4.3,4.2,4.2,3.3,4.0,4.5,4.5,4.0
SYN-02425,3.7,3.6,3.9,4.3,3.9,3.5,3.6,4.1,3.2,3.5,3.9,4.1,3.8
SYN-02426,4.2,4.5,4.5,4.5,4.4,4.4,4.1,5.0,4.4,4.5,4.3,4.6,4.0
SYN-02427,3.9,4.4,5.0,4.8,4.2,4.6,4.2,4.5,4.6,4.7,3.9,4.0,4.4
SYN-02428,3.9,3.8,4.3,3.9,4.9,4.0,4.1,4.3,3.7,4.3,4.3,4.1,4.3
SYN-02429,4.7,5.0,5.0,4.3,4.2,4.6,4.0,4.8,4.6,4.7,4.5,4.7,4.7
SYN-02430,4.1,3.7,4.1,4.6,4.2,4.1,4.6,3.9,4.3,3.9,4.4,4.3,4.0
SYN-02431,4.3,4.7,3.8,4.3,4.6,4.3,4.4,3.8,4.1,4.6,4.2,4.0,4.7
SYN-02432,4.0,3.5,3.9,3.5,3.8,3.9,3.6,4.1,4.1,3.9,4.0,3.4,4.3
SYN-02433,4.2,3.9,4.2,4.4,4.3,3.9,4.4,4.2,4.3,4.0,4.5,4.2,4.5
SYN-02434,3.7,3.7,4.1,4.6,4.7,3.9,4.2,4.2,4.4,4.4,3.8,4.2,3.5
SYN-02435,4.5,4.2,3.9,4.4,4.2,4.7,4.0,4.9,4.5,4.7,4.0,4.8,3.9
SYN-02436,4.0,4.5,4.2,3.7,4.4,4.2,3.9,3.6,4.2,4.0,4.1,3.6,3.9
SYN-02437,4.3,4.7,4.1,4.6,4.4,4.2,3.9,3.9,4.3,4.0,4.0,4.1,4.1
SYN-02438,4.8,4.3,4.7,4.6,4.0,4.6,3.7,4.2,4.6,4.5,4.0,4.2,3.7
SYN-02439,3.6,4.2,3.9,4.1,4.1,4.1,4.4,4.0,4.3,3.3,4.4,3.7,3.7
SYN-02440,3.4,4.0,3.4,3.4,3.3,3.7,3.9,4.1,4.4,3.8,3.7,3.3,4.2
SYN-02441,4.9,4.7,4.9,4.6,4.1,5.0,5.0,5.0,4.8,4.8,4.9,4.9,4.8
SYN-02442,4.7,5.0,4.8,4.7,4.9,4.9,5.0,4.5,4.5,4.4,4.9,4.9,4.3
SYN-02443,3.9,4.2,3.7,3.8,4.0,3.4,3.8,4.1,3.6,4.0,3.8,3.5,3.7
SYN-02444,4.3,4.2,4.4,4.5,4.4,4.4,4.5,4.6,4.1,4.4,3.8,4.4,4.5
SYN-02445,4.2,4.1,4.2,4.0,3.8,3.7,3.9,3.8,4.0,3.9,4.1,4.0,4.2
SYN-02446,4.4,4.2,4.3,4.4,5.0,4.0,4.3,3.9,4.3,4.1,4.3,4.3,4.1
SYN-02447,3.8,4.7,4.6,4.3,4.0,4.3,4.4,4.5,4.6,4.6,3.8,4.2,4.6
SYN-02448,3.8,4.5,4.7,4.5,4.3,4.0,4.2,3.7,3.9,3.9,4.1,4.0,4.2
SYN-02449,4.2,3.7,4.0,3.8,4.0,4.1,4.2,4.1,4.0,3.5,3.6,3.7,4.0
SYN-02450,3.6,4.1,4.0,3.4,3.6,4.3,4.2,3.7,3.6,3.2,4.4,4.0,4.5
SYN-02451,3.8,4.0,4.1,4.4,4.0,3.9,3.9,3.6,3.8,3.9,4.3,3.8,4.2
SYN-02452,3.9,4.3,4.1,4.1,4.2,4.2,4.2,4.5,4.4,4.0,3.8,4.0,3.3
SYN-02453,4.4,3.9,4.5,4.8,3.7,4.2,3.9,3.7,4.1,4.4,4.4,4.2,3.7
SYN-02454,4.0,3.5,3.5,3.7,4.3,4.1,4.0,3.7,3.8,3.5,4.4,4.6,4.1
SYN-02455,4.7,4.4,4.0,4.2,4.3,4.3,4.3,4.5,4.2,5.0,4.0,4.7,4.4
SYN-02456,4.9,4.9,4.8,4.4,4.6,4.8,4.8,4.4,5.0,4.0,4.6,4.4,4.8
SYN-02457,4.3,3.6,4.7,4.1,4.1,3.6,4.0,4.3,4.1,4.0,4.0,3.6,3.6
SYN-02458,4.6,4.5,4.6,4.0,4.2,4.7,3.9,4.6,4.1,4.0,4.3,3.9,3.7
SYN-02459,4.4,4.5,4.7,4.6,5.0,4.8,4.6,4.5,4.7,3.7,4.2,3.8,4.6
SYN-02460,4.1,5.0,4.2,4.4,4.2,4.2,4.0,4.0,3.7,4.5,4.2,4.9,4.0
SYN-02461,4.7,4.7,4.6,4.3,4.1,4.6,4.0,4.3,4.2,4.0,4.3,4.4,3.9
SYN-02462,4.6,3.8,4.1,4.3,4.6,4.7,4.5,4.6,4.4,4.6,4.6,4.3,4.4
SYN-02463,4.5,4.9,4.7,4.0,4.0,4.2,4.4,4.4,4.7,4.8,4.4,4.3,4.5
SYN-02464,4.1,3.9,3.6,3.6,3.4,3.8,4.0,4.0,4.1,4.2,3.4,3.9,3.9
SYN-02465,4.5,4.3,4.9,4.3,3.8,4.5,4.4,5.0,4.7,4.4,4.4,4.4,5.0
SYN-02466,4.7,4.1,4.4,4.5,4.2,4.0,4.7,4.3,4.9,4.5,4.4,3.8,4.9
SYN-02467,4.0,3.8,3.7,4.4,3.6,3.8,4.1,4.4,3.9,3.7,3.9,4.2,4.3
SYN-02468,3.8,4.2,3.8,4.5,4.3,3.9,4.7,4.3,4.3,4.2,4.2,4.1,4.0
SYN-02469,4.8,4.3,4.3,4.4,4.9,4.8,4.3,4.8,4.5,4.2,4.3,4.9,5.0
SYN-02470,4.2,4.0,4.1,3.9,3.9,3.9,4.1,4.2,4.1,4.1,4.4,4.1,4.1
SYN-02471,4.5,5.0,4.4,4.8,4.4,4.7,4.7,4.9,4.5,4.2,4.3,4.9,5.0
SYN-02472,5.0,4.6,5.0,4.7,4.9,5.0,5.0,5.0,4.8,5.0,4.8,5.0,4.6
SYN-02473,4.0,3.6,3.7,3.8,4.4,4.3,4.2,3.9,4.0,4.3,4.1,3.9,4.4
SYN-02474,4.0,3.8,3.6,3.6,3.6,3.9,4.0,3.3,3.1,3.4,3.6,4.1,3.6
SYN-02475,4.4,4.4,4.0,4.7,4.1,4.8,4.3,4.2,4.0,4.4,5.0,4.4,4.4
SYN-02476,4.3,4.6,4.5,4.4,4.6,3.9,4.4,4.1,4.5,4.2,4.3,4.1,4.8
SYN-02477,3.9,3.9,4.6,4.3,3.5,4.5,4.6,4.6,4.3,3.8,4.1,3.7,3.9
SYN-02478,4.4,4.5,4.8,4.6,4.6,4.6,5.0,5.0,4.6,4.8,4.5,4.9,4.6
SYN-02479,3.5,4.3,3.3,3.0,4.0,3.6,3.5,4.6,4.0,3.7,3.5,3.9,3.2
SYN-02480,4.3,4.4,4.5,4.4,4.2,4.7,3.9,4.4,4.3,4.7,4.3,4.6,4.5
SYN-02481,3.4,4.0,3.5,4.1,3.8,4.3,3.9,3.8,4.3,3.7,4.3,4.1,3.9
SYN-02482,4.4,5.0,5.0,4.6,4.9,5.0,4.8,4.9,5.0,5.0,4.8,4.4,4.4
SYN-02483,4.7,4.6,4.4,5.0,5.0,4.7,4.9,4.4,5.0,4.3,5.0,4.3,4.8
SYN-02484,4.3,3.4,3.9,4.1,4.1,4.0,4.1,3.7,4.5,3.4,4.3,4.0,4.1
SYN-02485,4.2,4.2,3.8,3.9,3.6,3.9,4.1,4.2,4.1,3.5,3.8,3.8,3.6
SYN-02486,4.3,4.5,4.9,4.2,4.2,4.3,4.6,4.9,4.5,4.1,4.1,4.6,4.8
SYN-02487,4.6,3.7,4.1,3.8,3.8,3.8,4.0,3.8,4.8,3.9,4.4,3.9,4.7
SYN-02488,4.3,4.4,4.0,4.5,4.3,4.1,3.9,4.1,4.1,4.4,4.1,3.6,4.4
SYN-02489,4.6,3.7,4.8,4.6,4.0,3.9,4.5,3.8,4.0,3.8,4.2,4.6,4.3
SYN-02490,3.8,3.4,3.6,3.2,3.5,3.3,3.5,3.5,3.4,4.2,4.1,4.0,4.1
SYN-02491,4.6,4.2,4.2,4.3,4.1,3.9,4.3,3.7,4.2,3.9,4.2,4.3,4.1
SYN-02492,3.5,3.6,4.1,3.8,4.1,4.0,3.9,4.1,3.8,4.1,3.8,4.7,3.6
SYN-02493,3.9,3.9,3.6,4.2,3.9,3.3,4.2,3.8,4.0,4.2,3.9,3.9,4.8
SYN-02494,4.1,4.3,4.4,5.0,4.5,4.8,4.6,4.9,4.7,4.8,5.0,4.8,4.5
SYN-02495,3.9,4.5,3.9,3.8,3.3,4.0,4.0,3.9,3.8,4.6,4.0,4.1,3.8
SYN-02496,4.4,4.7,4.4,4.5,4.6,4.3,4.6,4.5,4.8,4.3,3.9,4.4,4.6
SYN-02497,4.4,3.9,4.3,4.4,4.3,3.9,3.9,4.2,4.6,4.1,4.1,3.7,4.0
SYN-02498,3.9,4.1,3.6,4.0,3.8,4.4,3.8,3.9,4.2,4.0,4.8,4.4,4.1
SYN-02499,4.6,3.8,4.8,4.6,4.5,4.6,4.7,4.4,4.6,4.8,4.6,4.4,4.6
SYN-02500,4.7,4.6,4.0,4.5,4.5,4.7,4.3,4.2,3.9,4.1,4.7,4.4,4.3
SYN-02501,4.8,4.7,4.2,4.8,3.9,4.5,4.5,4.7,4.5,4.3,4.4,5.0,4.4
SYN-02502,4.7,3.9,4.3,4.7,4.1,4.7,4.3,4.2,4.3,5.0,4.6,4.3,4.8
SYN-02503,4.3,4.0,4.4,4.4,4.3,3.9,3.7,3.6,3.9,4.0,4.0,4.1,4.6
SYN-02504,3.9,4.0,3.4,4.7,3.6,3.8,4.2,4.1,4.5,4.2,4.0,4.3,4.3
SYN-02505,3.6,4.1,3.8,3.8,3.9,3.7,3.7,4.1,3.4,3.5,4.0,3.8,4.1
SYN-02506,4.0,3.5,3.9,4.1,4.0,3.8,3.8,3.7,3.5,3.5,4.0,3.6,4.1
SYN-02507,4.8,4.6,4.9,5.0,5.0,5.0,5.0,4.6,5.0,4.9,4.6,4.8,4.9
SYN-02508,4.9,4.4,5.0,4.4,4.8,4.0,4.6,4.7,4.3,5.0,4.8,4.5,4.8
SYN-02509,3.5,4.1,4.0,3.8,3.9,3.3,4.2,3.7,4.0,4.0,4.0,3.4,3.5
SYN-02510,4.4,3.3,3.4,3.8,3.8,3.6,3.9,4.0,3.7,3.7,3.7,3.6,3.2
SYN-02511,4.5,4.6,4.3,3.7,4.2,4.6,3.9,4.6,4.2,4.4,4.2,4.0,4.8
SYN-02512,4.6,4.6,4.7,4.5,4.7,4.2,4.8,4.8,4.5,4.3,4.0,4.5,4.9
SYN-02513,4.0,4.7,4.3,4.3,4.0,4.2,4.6,4.6,4.5,4.2,4.1,4.4,4.3
SYN-02514,4.2,4.0,4.0,4.2,4.2,4.5,4.0,4.3,4.7,4.3,4.5,3.9,3.9
SYN-02515,4.1,4.1,4.5,3.9,4.1,4.5,4.2,4.2,4.2,3.8,3.8,3.7,4.2
SYN-02516,4.6,4.5,4.7,4.8,4.4,4.3,4.8,4.1,4.0,4.2,4.2,4.3,4.1
SYN-02517,4.3,4.1,4.6,3.9,4.2,4.1,4.3,4.5,4.3,4.2,4.4,4.5,4.3
SYN-02518,3.5,3.6,2.9,3.3,3.5,3.3,3.3,3.5,3.5,3.6,3.2,3.0,3.7
SYN-02519,3.9,3.9,3.8,4.5,4.2,4.2,4.3,4.1,4.4,3.8,3.8,3.8,4.2
SYN-02520,4.1,3.8,3.8,4.3,3.7,4.0,3.7,4.2,4.1,3.5,3.8,3.3,4.2
SYN-02521,4.9,3.6,3.8,4.3,4.3,4.1,3.7,4.4,4.5,5.0,4.7,3.9,4.3
SYN-02522,5.0,4.8,5.0,5.0,5.0,5.0,5.0,4.8,4.6,5.0,4.9,4.9,5.0
SYN-02523,4.7,4.0,4.3,4.2,4.4,3.6,3.9,4.3,4.6,4.4,4.5,4.4,4.7
SYN-02524,4.5,3.9,4.4,4.2,4.8,3.9,4.1,3.8,3.8,4.2,4.2,4.3,4.2
SYN-02525,4.5,4.4,4.2,4.3,4.5,4.6,4.7,4.7,5.0,4.2,4.5,4.3,4.9
SYN-02526,4.2,4.7,4.8,4.5,4.5,4.4,4.3,4.2,4.3,4.9,4.1,4.4,4.6
SYN-02527,4.3,4.5,3.9,4.7,4.7,4.3,4.1,4.6,4.0,4.0,4.3,4.8,4.5
SYN-02528,4.2,3.9,4.4,4.5,4.4,5.0,4.4,3.7,4.3,4.5,4.5,4.4,4.3
SYN-02529,4.3,4.9,4.8,5.0,5.0,5.0,4.6,4.5,4.7,4.7,4.7,5.0,5.0
SYN-02530,4.4,3.8,3.5,3.6,4.1,3.5,4.0,3.7,3.5,4.2,3.6,3.6,3.8
SYN-02531,4.2,5.0,4.7,4.2,4.2,3.8,4.4,4.1,4.4,3.8,4.4,4.9,4.4
SYN-02532,3.6,3.9,3.9,4.5,3.8,3.5,3.9,3.9,4.0,4.1,4.5,3.7,3.7
SYN-02533,3.8,4.6,4.1,4.7,4.2,4.9,4.0,4.7,4.7,4.6,4.1,4.6,4.4
SYN-02534,3.3,4.3,3.8,4.3,3.9,4.2,3.6,3.9,3.9,3.8,3.6,3.0,3.6
SYN-02535,4.3,3.6,3.7,3.6,4.1,3.8,4.4,4.3,4.1,4.1,3.8,3.8,4.3
SYN-02536,4.4,4.3,4.0,4.0,3.8,4.3,3.5,3.4,3.5,3.5,4.5,4.3,3.7
SYN-02537,4.5,5.0,4.7,5.0,4.5,4.3,4.2,4.5,4.8,4.6,4.4,4.9,4.7
SYN-02538,4.5,4.3,4.4,4.7,4.3,4.2,4.4,4.5,4.9,4.2,4.6,4.4,4.5
SYN-02539,4.2,3.8,3.5,4.0,4.0,3.5,3.4,3.9,3.8,3.6,4.1,3.6,3.9
SYN-02540,4.6,4.1,3.7,4.1,4.3,4.5,4.1,4.7,3.8,4.3,4.1,4.6,3.8
SYN-02541,4.1,3.9,4.4,3.7,4.1,3.7,4.0,3.8,3.8,3.4,4.1,3.6,3.6
SYN-02542,3.3,3.4,3.9,3.9,4.0,3.5,3.8,3.6,4.0,3.9,3.6,4.1,3.9
SYN-02543,3.7,3.6,3.7,4.6,3.8,4.7,3.8,3.8,4.4,4.4,4.3,4.3,3.9
SYN-02544,4.3,4.2,4.0,4.1,4.4,4.2,3.4,4.4,4.3,4.0,4.1,4.1,3.5
SYN-02545,4.9,4.9,5.0,4.8,5.0,4.8,5.0,5.0,5.0,5.0,5.0,4.6,5.0
SYN-02546,4.1,5.0,4.5,4.8,4.5,3.6,4.1,4.1,4.2,4.5,4.5,3.6,4.3
SYN-02547,3.6,4.1,3.9,3.7,3.8,3.2,3.9,3.6,3.5,4.1,3.8,3.5,3.5
SYN-02548,4.1,4.1,4.0,3.6,3.7,3.8,3.9,4.0,4.0,4.0,4.6,4.3,4.4
SYN-02549,4.7,4.6,4.7,4.6,4.8,4.3,4.8,4.6,4.0,4.6,4.2,4.4,4.5
SYN-02550,4.5,4.9,5.0,5.0,4.8,5.0,4.9,4.8,4.4,4.9,5.0,4.7,4.9
SYN-02551,3.6,4.0,3.7,3.7,3.6,3.5,3.3,3.6,3.8,3.7,4.1,3.9,4.0
SYN-02552,2.9,4.0,3.6,3.7,3.8,3.5,3.2,4.0,3.3,3.2,3.5,3.4,3.5
SYN-02553,4.8,5.0,5.0,4.6,4.6,4.7,4.7,4.7,4.5,4.9,4.7,4.6,5.0
SYN-02554,4.6,4.3,4.9,5.0,4.5,4.2,4.4,4.0,4.1,3.8,4.1,4.0,4.5
SYN-02555,3.7,4.0,4.1,4.2,3.8,4.0,4.0,4.3,4.1,4.3,3.4,3.7,4.2
SYN-02556,4.6,4.3,4.2,4.6,3.8,4.6,4.4,4.2,4.5,4.3,4.4,4.4,4.6
SYN-02557,3.3,2.7,2.9,3.0,3.4,3.4,3.8,3.0,3.7,2.7,3.3,3.4,3.3
SYN-02558,4.1,4.2,3.8,4.5,4.3,4.3,4.1,4.1,4.4,4.7,3.8,3.8,4.3
SYN-02559,4.2,4.4,4.3,4.5,4.2,4.0,4.1,4.3,3.9,4.3,4.3,4.2,4.4
SYN-02560,4.0,4.2,4.2,4.8,5.0,4.3,4.5,4.3,4.6,4.3,4.6,4.7,4.2
SYN-02561,3.9,3.3,3.8,3.7,3.8,3.8,3.7,3.8,3.9,3.9,3.9,3.7,4.2
SYN-02562,4.7,3.8,4.3,4.1,4.5,4.2,4.2,4.4,4.1,4.7,4.4,4.5,4.2
SYN-02563,3.8,4.1,4.1,3.5,3.9,4.0,3.8,4.0,3.8,3.2,3.5,4.2,3.8
SYN-02564,4.3,4.3,4.0,4.1,4.4,4.4,4.9,4.1,4.8,4.0,4.4,4.3,4.3
SYN-02565,3.9,3.7,4.2,3.6,4.0,4.1,4.3,4.2,4.1,3.7,3.7,3.5,3.5
SYN-02566,4.1,3.8,4.4,3.9,4.1,4.0,3.6,4.4,4.3,4.3,4.2,3.8,3.8
SYN-02567,4.0,4.3,4.0,4.1,3.7,4.2,3.7,3.9,3.7,4.1,4.1,3.4,4.2
SYN-02568,5.0,4.3,4.4,4.8,4.4,4.4,5.0,4.0,4.2,4.6,3.9,4.3,4.3
SYN-02569,4.8,4.7,4.0,4.3,4.3,4.4,4.2,4.6,4.3,4.7,4.5,4.2,4.9
SYN-02570,4.5,4.2,4.0,3.8,4.4,4.4,3.9,3.9,4.3,3.8,3.9,3.8,3.8
SYN-02571,4.0,4.5,3.7,4.3,4.3,4.5,4.3,4.1,4.0,4.5,4.4,4.1,4.5
SYN-02572,3.6,3.7,3.5,3.9,3.4,3.6,3.5,3.8,3.8,3.4,3.8,3.2,4.4
SYN-02573,3.9,4.4,4.2,4.2,3.7,4.3,4.1,4.2,4.1,4.1,3.8,4.0,4.0
SYN-02574,4.0,4.2,4.3,4.3,4.2,4.3,4.3,4.2,4.2,4.5,3.8,4.1,4.3
SYN-02575,4.5,5.0,5.0,5.0,5.0,5.0,4.3,5.0,5.0,4.7,4.5,5.0,4.6
SYN-02576,4.4,3.9,4.2,3.8,4.0,3.8,4.1,3.2,4.1,4.0,3.8,3.7,3.7
SYN-02577,4.8,5.0,4.6,4.2,5.0,4.9,4.6,5.0,5.0,4.9,4.6,4.9,5.0
SYN-02578,4.0,4.6,4.6,4.6,4.6,4.9,4.5,4.5,4.6,4.5,4.1,4.6,4.6
SYN-02579,4.2,4.3,3.3,4.7,4.6,3.9,4.1,4.7,4.0,4.4,4.2,4.4,4.3
SYN-02580,4.7,4.9,4.7,4.3,4.5,4.5,4.3,4.9,4.8,4.9,5.0,5.0,4.9
SYN-02581,4.0,4.5,4.4,5.0,4.3,4.4,4.3,4.3,4.3,4.2,4.4,4.5,4.2
SYN-02582,4.6,4.6,4.1,4.0,4.5,4.2,4.0,4.9,4.0,3.9,4.1,4.4,4.4
SYN-02583,4.7,4.0,4.3,4.5,4.0,4.4,3.6,4.7,4.5,4.0,4.4,4.6,3.8
SYN-02584,4.4,5.0,4.6,4.8,4.6,4.9,4.8,4.7,4.0,4.8,4.8,4.3,4.3
SYN-02585,4.7,4.6,4.0,4.3,4.7,4.8,4.4,4.5,4.3,5.0,4.6,4.4,4.2
SYN-02586,3.6,4.5,3.9,3.9,3.9,3.8,3.9,4.0,4.0,3.6,4.2,3.8,3.8
SYN-02587,3.5,3.4,3.8,4.0,3.5,3.2,3.4,3.6,3.4,3.6,3.6,3.7,3.3
SYN-02588,4.3,4.6,4.6,4.0,4.3,4.3,4.1,4.2,4.3,4.4,3.9,4.4,4.6
SYN-02589,4.2,4.4,3.1,4.1,4.0,4.2,3.6,3.8,4.2,3.6,4.0,3.9,3.9
SYN-02590,4.3,3.8,3.9,4.1,3.8,4.5,3.9,4.4,3.9,4.4,3.7,4.6,4.5
SYN-02591,4.5,4.4,4.8,4.2,4.6,4.4,4.6,4.4,4.4,5.0,4.9,4.2,4.4
SYN-02592,4.3,4.3,3.6,4.2,4.1,3.5,3.9,4.0,4.1,3.6,3.8,3.9,3.9
SYN-02593,4.0,4.1,4.3,4.7,4.4,4.6,4.0,3.9,4.4,4.2,4.4,3.9,4.4
SYN-02594,4.2,4.1,4.1,4.4,4.5,4.1,4.3,4.3,4.4,4.5,4.8,4.1,4.7
SYN-02595,4.5,4.2,4.3,4.6,4.7,4.2,4.3,4.3,4.2,3.9,3.8,4.4,4.6
SYN-02596,3.6,3.0,3.0,3.3,3.4,3.7,3.6,3.3,3.5,3.2,3.4,3.4,3.8
SYN-02597,4.1,3.8,3.8,3.9,3.5,3.9,3.9,4.1,4.2,4.0,3.5,3.6,3.8
SYN-02598,4.5,4.5,4.2,5.0,4.7,4.6,4.5,4.4,4.4,3.7,4.0,4.2,4.3
SYN-02599,4.6,4.7,4.0,4.8,4.6,4.6,4.9,4.3,4.5,4.7,4.4,4.0,4.3
SYN-02600,4.0,4.0,4.0,3.8,3.6,4.1,4.0,4.2,3.8,3.4,3.2,3.9,4.1
SYN-02601,3.5,3.4,3.1,3.0,3.7,3.5,3.4,3.1,3.3,3.6,3.6,3.5,4.0
SYN-02602,4.2,4.8,4.5,4.4,4.7,4.2,4.3,4.0,4.7,4.5,4.7,4.5,4.7
SYN-02603,3.8,4.3,3.9,4.0,4.2,4.7,4.2,4.3,3.8,4.0,3.9,4.4,3.9
SYN-02604,4.2,3.4,4.2,3.5,4.0,3.5,4.0,3.5,4.1,4.0,3.6,4.0,4.1
SYN-02605,3.7,3.7,3.7,3.6,3.7,4.3,4.1,3.5,3.8,3.6,4.2,3.8,3.5
SYN-02606,4.2,4.3,3.8,4.1,3.9,4.5,4.0,3.9,4.1,4.1,4.3,4.5,4.5
SYN-02607,3.9,4.1,4.4,4.4,3.7,4.2,4.1,4.3,4.4,3.7,3.8,4.3,4.0
SYN-02608,2.8,2.9,3.6,3.7,3.0,3.8,3.4,3.1,3.3,3.1,3.2,2.9,3.4
SYN-02609,4.7,4.1,4.5,4.3,4.7,3.8,4.7,4.0,4.5,4.3,4.4,4.1,5.0
SYN-02610,4.3,4.3,5.0,4.7,4.3,4.6,4.6,4.1,4.4,4.6,5.0,4.6,4.6
SYN-02611,4.2,4.8,4.7,4.7,4.5,3.9,4.8,4.4,4.3,4.6,4.5,4.1,4.3
SYN-02612,3.2,3.8,4.2,3.3,3.8,4.0,4.0,3.6,3.5,3.6,4.2,3.3,3.4
SYN-02613,4.0,3.8,4.1,4.6,3.8,4.1,4.1,4.0,3.7,3.9,3.9,4.3,4.3
SYN-02614,3.7,4.1,4.0,4.8,4.3,3.9,4.0,4.1,4.3,4.3,4.3,4.1,4.2
SYN-02615,4.4,3.9,4.4,4.2,3.9,5.0,4.5,4.4,4.3,4.6,4.1,4.3,4.1
SYN-02616,4.7,4.2,4.8,4.4,4.7,4.6,4.8,4.2,4.7,3.9,4.4,4.3,4.0
SYN-02617,3.7,3.8,3.9,3.8,4.0,3.7,3.8,3.9,4.0,4.2,4.2,4.0,4.1
SYN-02618,4.3,4.1,4.5,4.0,3.6,3.9,4.6,4.1,4.3,4.1,4.4,4.2,4.2
SYN-02619,4.5,4.2,4.5,4.3,4.3,4.1,4.3,4.2,4.7,3.9,4.6,3.8,4.5
SYN-02620,4.5,4.9,4.7,4.3,5.0,4.9,4.9,4.5,5.0,4.3,4.0,4.2,4.4
SYN-02621,4.2,4.3,4.3,4.3,3.8,4.5,4.4,4.2,4.9,4.4,4.5,4.7,4.0
SYN-02622,4.5,4.7,4.4,4.1,4.3,4.5,3.8,4.1,5.0,4.6,4.9,4.7,4.6
SYN-02623,4.1,4.3,4.7,4.5,4.3,4.2,4.4,4.1,4.4,4.0,4.1,3.9,4.1
SYN-02624,4.5,5.0,4.4,4.8,4.4,4.7,4.8,4.1,4.3,4.4,4.3,4.7,4.8
SYN-02625,4.0,4.4,4.2,4.3,4.2,4.5,4.8,4.6,4.8,3.9,4.1,4.5,4.8
SYN-02626,4.1,3.6,3.8,4.0,3.8,3.7,3.8,3.9,3.6,4.2,3.8,3.9,4.2
SYN-02627,4.7,5.0,4.4,4.8,4.9,4.4,4.6,4.6,4.8,4.8,4.4,4.7,5.0
SYN-02628,4.8,4.7,4.4,5.0,4.8,4.5,4.5,4.3,4.6,4.6,4.7,4.4,4.0
SYN-02629,4.1,4.3,3.8,4.0,4.4,3.7,4.0,4.5,4.1,3.9,4.0,4.3,4.0
SYN-02630,4.2,4.1,4.1,4.2,3.9,3.7,4.2,4.0,3.9,4.2,4.4,4.0,4.0
SYN-02631,3.9,4.2,4.4,4.3,4.2,4.5,4.3,5.0,4.4,3.5,4.0,4.5,4.1
SYN-02632,4.2,4.0,4.2,4.4,4.5,4.1,4.6,4.0,4.5,4.5,4.1,4.0,4.5
SYN-02633,4.1,4.2,4.5,4.4,4.0,4.3,4.0,4.5,4.7,4.0,4.3,4.5,4.3
SYN-02634,4.5,4.3,4.0,4.3,4.6,4.4,4.8,3.8,4.4,4.1,4.0,4.7,4.2
SYN-02635,4.7,4.9,4.1,5.0,5.0,5.0,4.9,4.7,4.5,5.0,5.0,4.9,4.9
SYN-02636,4.7,4.4,5.0,4.5,4.4,4.9,4.6,4.6,5.0,4.8,4.8,4.1,4.7
SYN-02637,4.0,4.1,4.3,4.3,4.5,4.5,4.5,3.9,5.0,4.3,4.6,3.5,4.2
SYN-02638,4.1,4.3,4.5,4.4,4.9,5.0,4.2,4.4,4.2,4.9,4.6,4.5,4.6
SYN-02639,3.7,3.6,3.9,3.8,3.9,3.3,3.9,3.6,3.9,4.1,3.7,4.2,3.3
SYN-02640,4.8,4.7,4.1,4.1,3.9,4.6,4.2,4.2,4.0,4.9,4.0,4.3,4.4
SYN-02641,4.7,4.7,4.7,5.0,4.7,5.0,4.6,5.0,4.3,4.6,4.6,4.5,4.9
SYN-02642,4.1,3.4,4.7,4.2,4.1,4.5,4.4,4.0,3.5,4.3,3.8,4.5,3.9
SYN-02643,3.8,3.5,3.5,3.9,3.8,3.8,4.5,4.1,3.9,3.1,4.2,4.8,3.8
SYN-02644,3.7,4.0,3.5,4.1,4.4,3.8,3.8,3.9,3.8,3.5,3.9,3.8,4.4
SYN-02645,4.2,4.2,4.1,3.9,3.6,4.2,3.9,3.4,3.5,3.4,3.2,3.9,3.4
SYN-02646,3.7,3.9,3.9,3.7,4.4,3.5,3.5,4.1,3.7,3.7,3.6,4.0,4.0
SYN-02647,4.1,3.9,3.8,4.0,4.4,4.5,4.4,4.2,4.4,3.7,3.9,4.2,4.0
SYN-02648,3.8,4.0,4.0,3.4,3.7,3.4,3.5,3.2,3.7,3.2,3.8,4.1,3.9
SYN-02649,4.2,4.7,4.3,3.9,4.2,4.8,3.9,3.8,4.4,4.1,4.0,3.8,3.6
SYN-02650,4.1,5.0,4.5,3.9,4.9,4.9,4.9,4.4,4.4,4.6,4.9,4.3,4.3
SYN-02651,4.1,4.2,3.9,4.1,3.9,3.8,3.6,3.5,3.7,3.6,4.0,4.2,3.9
SYN-02652,4.5,5.0,4.8,4.9,4.6,5.0,5.0,4.7,4.9,5.0,4.6,4.7,4.8
SYN-02653,4.0,4.5,4.7,4.3,4.5,4.8,4.3,4.5,4.2,4.2,4.5,4.5,4.5
SYN-02654,4.6,4.7,5.0,4.9,4.7,4.7,4.5,4.5,4.7,4.6,4.8,4.9,4.5
SYN-02655,3.4,4.6,3.8,4.0,4.2,4.4,4.5,3.9,4.3,4.0,4.8,4.3,3.9
SYN-02656,4.3,3.7,4.7,4.8,4.7,3.8,4.1,4.6,5.0,4.5,4.8,4.2,4.6
SYN-02657,3.7,4.2,3.7,4.3,3.7,3.5,3.5,3.6,3.9,3.6,3.6,4.1,2.9
SYN-02658,4.4,4.1,4.3,4.6,4.5,4.4,4.9,4.5,5.0,4.7,4.2,5.0,4.6
SYN-02659,4.8,4.2,4.3,4.4,4.2,4.6,4.8,3.6,4.5,4.0,3.5,4.4,4.4
SYN-02660,4.6,4.5,4.7,4.2,4.5,4.6,4.8,4.4,4.3,4.4,4.0,4.6,4.0
SYN-02661,3.9,3.8,3.3,3.3,3.5,3.7,4.2,3.8,4.0,4.2,4.1,3.8,3.6
SYN-02662,4.0,3.7,4.4,4.1,3.9,4.0,3.9,3.8,4.0,3.8,4.5,3.7,4.0
SYN-02663,4.2,4.2,3.9,4.5,4.2,4.7,4.5,4.5,4.0,4.6,4.2,4.0,4.5
SYN-02664,3.5,3.2,4.3,3.7,3.3,3.6,3.7,4.2,3.4,3.5,4.2,3.7,3.9
SYN-02665,4.2,5.0,4.0,4.4,4.8,4.2,4.1,4.6,4.7,4.1,4.8,4.4,4.5
SYN-02666,4.2,4.0,3.7,3.5,4.5,3.5,3.8,3.9,3.9,4.4,3.7,3.7,4.2
SYN-02667,4.5,4.8,4.6,4.8,4.7,4.4,3.9,4.0,3.9,4.5,3.8,4.4,4.5
SYN-02668,4.0,3.9,4.0,3.9,3.7,3.7,3.5,3.8,3.3,4.1,3.5,3.8,3.9
SYN-02669,4.7,3.9,4.3,4.6,4.9,4.4,4.2,5.0,4.6,4.8,4.0,4.5,4.1
SYN-02670,4.0,4.6,4.6,4.3,4.8,4.3,4.3,4.4,4.3,4.8,4.1,4.2,4.1
SYN-02671,4.5,3.9,3.7,3.9,4.2,4.2,3.8,3.8,3.5,4.0,4.3,3.8,4.1
SYN-02672,4.2,4.1,4.6,5.0,4.6,4.3,4.3,5.0,4.5,4.2,4.4,4.5,4.5
SYN-02673,4.7,4.7,4.4,4.3,4.4,4.1,4.6,4.2,4.4,4.8,4.5,4.4,4.1
SYN-02674,4.0,3.7,4.2,3.4,4.3,4.2,4.0,3.9,4.0,3.5,4.3,4.0,4.5
SYN-02675,4.0,3.9,4.0,3.6,3.7,3.9,3.8,3.7,3.8,3.9,4.5,3.7,3.6
SYN-02676,3.5,4.0,4.0,4.1,3.5,3.7,3.2,3.4,3.2,3.7,3.5,3.6,3.3
SYN-02677,4.6,3.6,4.2,4.3,3.7,4.4,4.3,4.5,4.9,4.4,4.6,4.7,4.5
SYN-02678,3.4,3.2,3.8,3.5,4.0,3.5,3.6,3.3,3.5,3.4,3.4,3.6,3.5
SYN-02679,5.0,4.5,4.6,4.2,4.3,4.1,5.0,4.2,4.1,4.0,4.3,4.7,4.6
SYN-02680,3.9,3.9,4.5,4.7,4.1,4.5,3.7,3.9,3.8,4.2,4.1,4.2,4.5
SYN-02681,4.2,4.5,4.0,4.8,4.8,4.5,4.5,4.3,4.0,4.5,4.7,5.0,4.3
SYN-02682,4.2,4.4,4.4,3.9,4.0,3.9,3.8,4.5,4.1,4.1,4.2,4.1,4.0
SYN-02683,3.9,4.6,3.9,3.8,4.1,4.7,3.8,4.3,4.0,4.2,4.4,3.6,3.8
SYN-02684,4.7,4.5,4.5,4.7,4.2,4.8,4.7,4.5,4.6,4.8,4.3,4.7,5.0
SYN-02685,4.5,4.3,5.0,4.4,4.7,4.2,4.6,4.2,4.4,4.1,4.9,4.3,4.0
SYN-02686,4.3,4.5,4.3,4.1,4.6,4.7,3.8,4.0,4.3,4.2,4.5,4.9,4.2
SYN-02687,4.8,3.9,4.5,4.2,4.5,3.8,4.0,4.5,4.2,4.3,4.9,4.4,4.6
SYN-02688,3.4,3.3,3.6,3.2,3.5,3.7,3.6,3.8,3.8,3.3,3.4,3.0,3.6
SYN-02689,4.7,4.9,4.5,4.9,4.6,4.5,4.3,3.7,4.8,4.4,4.9,4.2,5.0
SYN-02690,4.3,4.2,4.4,4.5,4.4,4.3,3.9,4.2,4.7,4.2,3.9,4.1,4.4
SYN-02691,3.6,3.8,3.6,4.1,4.0,4.5,3.7,3.8,4.2,4.0,3.6,4.0,4.0
SYN-02692,3.6,3.9,4.2,4.5,4.3,3.9,3.9,4.4,3.4,3.9,4.5,4.2,3.9
SYN-02693,3.8,4.4,4.2,4.1,4.3,4.2,4.2,3.8,3.9,4.4,4.4,4.3,4.0
SYN-02694,4.4,4.0,4.5,3.9,4.0,4.1,4.4,4.1,4.2,4.0,4.2,4.1,3.9
SYN-02695,4.4,4.4,5.0,4.1,4.1,4.4,4.0,4.0,3.9,4.1,4.1,3.9,4.2
SYN-02696,4.0,4.8,4.5,4.6,4.9,4.8,4.5,4.8,5.0,4.4,4.9,4.4,5.0
SYN-02697,4.4,4.4,4.9,4.8,4.4,4.6,4.4,4.1,4.6,4.5,4.3,5.0,4.3
SYN-02698,3.8,4.1,3.7,3.5,3.8,3.9,4.0,4.3,3.6,3.8,3.4,3.9,3.8
SYN-02699,4.4,4.2,4.3,4.5,4.1,4.3,4.4,4.0,4.1,4.2,4.9,4.2,4.4
SYN-02700,4.4,4.4,4.2,4.9,4.3,4.9,4.8,4.6,4.9,5.0,4.8,4.3,5.0
SYN-02701,4.4,5.0,4.2,4.7,4.3,5.0,4.3,5.0,4.5,4.6,4.8,4.1,4.6
SYN-02702,4.5,4.6,4.6,4.8,4.7,4.4,4.6,3.9,4.9,5.0,4.6,4.1,4.8
SYN-02703,4.7,5.0,5.0,5.0,5.0,4.9,5.0,5.0,4.9,4.7,5.0,4.6,4.9
SYN-02704,4.1,4.4,4.4,4.3,4.9,4.9,5.0,4.5,4.4,4.8,4.6,4.6,3.8
SYN-02705,4.5,4.5,4.3,4.5,4.5,4.1,4.2,4.0,4.7,4.6,4.0,4.5,4.4
SYN-02706,4.4,4.6,4.8,4.8,5.0,4.6,4.5,4.7,4.5,4.4,4.3,3.5,4.8
SYN-02707,3.8,4.0,4.3,4.2,4.9,3.8,4.9,4.7,4.5,4.7,4.4,3.7,4.4
SYN-02708,3.8,4.0,4.2,3.9,4.5,4.1,4.3,4.2,4.2,3.9,3.9,4.2,3.9
SYN-02709,4.5,3.7,4.8,4.2,4.1,3.9,4.3,4.0,4.2,4.3,4.3,4.4,4.2
SYN-02710,4.5,4.1,4.8,4.8,5.0,4.7,4.9,5.0,4.9,5.0,4.5,4.5,4.7
SYN-02711,3.3,3.9,3.7,4.0,3.8,3.6,4.3,3.9,4.2,4.0,4.1,3.5,4.3
SYN-02712,5.0,4.7,4.8,5.0,4.6,4.3,4.6,4.8,4.7,5.0,4.4,4.5,4.4
SYN-02713,4.5,3.9,4.6,4.1,4.1,4.9,4.7,4.4,4.0,5.0,4.3,4.4,4.6
SYN-02714,3.1,3.5,3.7,3.7,3.3,3.8,3.7,4.2,4.0,3.6,3.7,4.0,3.8
SYN-02715,3.9,5.0,4.0,5.0,4.5,4.1,3.6,4.6,3.9,4.4,4.9,4.0,4.6
SYN-02716,3.2,3.8,3.5,3.5,3.8,3.7,3.2,4.0,3.0,3.5,3.2,3.0,3.1
SYN-02717,4.4,4.5,4.7,4.9,4.5,4.3,4.7,4.2,3.9,4.7,4.8,4.2,5.0
SYN-02718,4.7,4.6,4.4,4.8,4.1,4.4,4.3,4.1,4.8,4.6,4.8,4.4,4.8
SYN-02719,4.0,3.9,3.8,3.4,4.3,4.3,4.9,3.9,3.8,3.5,4.3,4.2,4.5
SYN-02720,4.0,4.5,4.1,4.6,4.4,3.8,4.2,3.7,3.9,3.9,4.1,4.2,4.3
SYN-02721,4.9,4.9,5.0,4.5,4.9,5.0,4.8,5.0,5.0,5.0,5.0,5.0,5.0
SYN-02722,4.2,4.2,3.7,3.7,3.9,4.5,4.0,4.1,3.4,4.1,4.0,3.2,4.1
SYN-02723,3.3,3.6,4.1,3.9,3.7,3.7,3.7,3.9,3.5,4.2,3.5,3.3,4.1
SYN-02724,4.6,4.7,4.9,4.5,4.8,4.9,5.0,4.6,4.6,4.9,4.8,4.7,5.0
SYN-02725,4.4,4.5,4.4,5.0,5.0,4.5,4.8,4.9,4.2,4.9,4.5,5.0,4.5
SYN-02726,4.3,4.6,4.5,4.4,4.2,3.8,4.1,4.1,4.1,3.7,4.3,3.8,4.7
SYN-02727,4.6,4.8,4.8,5.0,4.6,4.4,4.4,5.0,4.2,4.3,4.6,4.5,4.8
SYN-02728,4.3,4.6,4.6,4.3,4.9,4.6,4.6,4.4,4.6,4.4,4.9,5.0,5.0
SYN-02729,4.1,3.8,3.8,4.1,4.0,3.9,3.9,4.3,3.8,4.3,4.0,3.8,3.7
SYN-02730,4.0,4.2,3.9,4.3,3.9,4.0,3.6,4.2,3.9,4.5,4.2,4.1,4.4
SYN-02731,4.8,4.9,4.4,4.8,4.8,4.2,5.0,4.3,4.2,3.8,4.8,4.1,4.5
SYN-02732,5.0,4.8,4.6,4.3,4.8,5.0,5.0,5.0,4.6,4.4,4.9,4.9,4.8
SYN-02733,4.2,3.6,4.1,4.6,4.5,4.7,4.5,4.6,4.6,4.4,4.4,3.5,4.2
SYN-02734,3.7,3.9,3.6,4.2,3.6,4.2,3.6,3.7,3.7,3.7,4.2,3.8,3.8
SYN-02735,4.7,4.8,5.0,4.8,4.9,5.0,5.0,4.6,4.9,4.7,5.0,4.9,5.0
SYN-02736,3.8,4.0,3.7,4.0,3.6,4.1,4.0,4.1,4.3,4.1,3.6,3.8,4.0
SYN-02737,4.0,4.0,4.6,4.1,4.2,3.5,4.3,4.9,4.5,4.0,4.8,4.1,4.2
SYN-02738,4.2,4.2,3.6,4.6,4.2,4.3,4.4,4.2,4.4,4.7,4.4,4.3,4.3
SYN-02739,4.8,4.5,4.8,4.9,4.8,4.6,4.7,4.9,4.4,4.5,4.3,4.8,5.0
SYN-02740,4.9,5.0,4.3,4.6,4.4,5.0,4.9,4.5,4.3,3.5,4.1,3.9,4.1
SYN-02741,4.9,4.0,4.0,4.1,5.0,4.3,4.6,4.4,3.7,4.8,4.5,4.3,4.9
SYN-02742,4.3,4.3,4.3,4.7,4.6,4.4,4.0,4.3,4.0,4.7,3.9,4.8,4.7
SYN-02743,3.9,4.1,4.0,4.3,4.6,4.6,4.1,4.6,4.6,4.2,4.2,4.7,4.5
SYN-02744,4.8,5.0,4.6,4.5,4.8,5.0,4.2,4.3,4.1,4.5,4.7,4.1,4.7
SYN-02745,3.2,3.2,3.7,3.1,2.9,3.5,3.3,3.7,3.6,2.8,3.7,3.9,3.6
SYN-02746,4.4,4.0,4.0,4.2,4.4,4.4,4.0,3.9,3.6,4.3,4.0,4.0,4.6
SYN-02747,4.5,4.4,4.5,4.7,3.8,4.1,4.2,4.0,4.2,3.8,4.6,4.1,4.3
SYN-02748,3.8,4.0,3.1,3.9,3.7,3.9,3.4,3.9,4.2,3.9,3.6,3.6,4.0
SYN-02749,4.5,4.4,4.3,4.4,4.3,4.2,4.6,4.4,4.7,4.7,4.4,4.5,4.0
SYN-02750,4.1,4.2,3.7,4.3,3.8,3.9,4.0,4.1,3.7,4.4,4.2,4.7,4.2
SYN-02751,5.0,4.6,4.5,5.0,4.5,5.0,5.0,5.0,5.0,4.9,4.7,4.8,4.6
SYN-02752,4.4,4.8,5.0,4.4,5.0,5.0,4.9,4.9,4.7,4.8,4.6,4.8,4.8
SYN-02753,4.6,4.2,4.0,4.0,3.8,3.9,4.3,3.9,3.9,3.9,3.8,4.4,4.1
SYN-02754,4.1,4.2,4.2,3.9,3.7,4.5,4.4,4.3,4.4,4.7,4.0,3.8,4.3
SYN-02755,3.7,4.2,4.1,4.4,4.0,4.5,4.0,4.4,4.0,4.3,3.9,4.2,4.6
SYN-02756,4.1,4.4,4.0,3.9,4.1,4.2,3.5,4.2,3.8,3.7,4.2,4.4,4.1
SYN-02757,3.9,4.1,4.1,4.3,4.2,4.4,4.6,4.4,4.5,4.2,5.0,4.4,4.5
SYN-02758,4.5,4.0,3.7,4.3,4.3,4.0,4.5,3.9,4.2,4.4,4.0,4.1,4.2
SYN-02759,3.7,3.6,4.2,3.9,3.7,3.8,4.0,3.3,4.0,3.9,4.3,3.7,4.2
SYN-02760,4.4,4.5,4.5,5.0,4.0,4.6,4.4,4.4,4.6,4.7,4.6,4.8,4.3
SYN-02761,4.4,4.1,5.0,4.4,4.3,4.6,4.8,4.2,4.8,4.3,4.8,4.3,4.6
SYN-02762,3.9,3.6,3.5,3.7,4.2,3.3,4.0,4.0,3.4,3.7,3.7,3.9,4.4
SYN-02763,4.8,4.4,4.3,4.0,4.4,4.2,4.5,4.5,4.4,4.4,4.3,4.4,4.9
SYN-02764,4.1,4.1,4.3,4.3,4.4,4.2,4.0,3.8,3.7,4.2,3.9,3.6,3.4
SYN-02765,4.9,4.0,4.1,4.7,3.9,4.4,4.8,4.9,4.2,4.3,4.2,4.3,4.7
SYN-02766,4.1,4.7,4.4,4.9,4.9,4.4,4.5,4.8,4.8,3.7,4.8,5.0,4.6
SYN-02767,4.5,4.6,4.3,4.4,4.2,4.2,4.0,4.2,4.8,3.9,4.4,4.3,4.6
SYN-02768,4.9,4.1,4.2,4.2,4.2,4.2,4.5,4.1,4.1,4.1,4.5,4.3,4.3
SYN-02769,3.8,3.5,4.5,3.9,4.8,4.3,4.6,4.3,4.1,3.8,3.7,4.4,4.1
SYN-02770,4.3,4.4,4.2,4.0,4.4,4.1,4.2,4.3,4.1,3.6,4.4,4.5,3.6
SYN-02771,3.8,4.7,4.2,4.1,4.0,3.8,4.1,4.4,4.1,4.3,4.7,4.0,4.2
SYN-02772,4.2,3.7,4.0,4.5,3.8,4.3,3.9,4.5,3.4,4.0,3.5,3.7,3.7
SYN-02773,4.1,3.8,4.1,4.3,3.7,3.9,4.9,4.2,3.6,3.7,4.2,4.2,4.0
SYN-02774,4.3,4.4,3.6,3.9,3.9,4.0,3.5,4.2,3.6,3.8,3.7,3.6,3.7
SYN-02775,3.7,3.4,4.0,3.8,4.2,4.2,4.0,4.5,4.0,3.6,4.0,4.4,3.5
SYN-02776,4.1,4.3,4.9,4.5,4.1,4.3,3.5,3.8,4.3,4.1,4.2,4.1,4.1
SYN-02777,4.1,3.8,4.0,3.7,3.9,4.5,4.1,4.3,4.1,4.0,3.8,4.0,4.2
SYN-02778,4.3,4.2,4.3,3.7,4.4,3.8,4.4,4.3,3.6,4.3,4.4,4.5,3.9
SYN-02779,4.2,4.4,4.4,4.3,4.1,4.5,4.5,4.1,3.9,4.0,4.6,4.5,4.2
SYN-02780,4.3,3.8,4.3,4.0,4.4,4.7,4.1,4.4,4.7,4.4,4.2,4.4,4.7
SYN-02781,4.6,4.5,4.9,4.7,4.1,4.7,4.8,4.1,3.8,4.2,4.5,4.8,4.2
SYN-02782,4.1,3.1,4.0,3.9,4.6,3.4,4.0,3.4,3.8,3.5,4.7,3.9,3.9
SYN-02783,3.8,3.4,4.1,4.0,4.1,3.4,4.1,4.1,3.7,4.0,3.9,3.3,3.7
SYN-02784,3.7,3.9,4.1,3.3,3.7,3.6,3.6,3.6,3.9,4.0,3.9,3.9,4.0
SYN-02785,4.7,4.1,4.3,4.3,4.6,4.2,3.8,4.1,4.1,4.3,3.8,4.4,4.0
SYN-02786,4.3,4.2,4.1,4.1,4.3,4.7,3.5,4.2,4.1,4.0,3.4,4.3,4.0
SYN-02787,3.7,3.9,3.8,3.4,4.0,4.1,3.8,4.0,4.0,4.2,3.9,4.2,3.8
SYN-02788,4.3,3.6,3.5,3.7,3.5,3.4,4.0,2.8,3.5,3.3,3.8,3.1,3.9
SYN-02789,4.2,3.6,4.1,4.2,4.3,3.6,3.6,4.5,3.8,3.9,4.2,3.7,4.0
SYN-02790,4.5,3.8,4.1,3.9,4.0,4.6,4.7,4.3,4.4,4.4,4.1,4.3,3.9
SYN-02791,4.1,4.4,4.1,4.0,4.2,4.8,4.9,4.4,4.6,4.2,3.8,4.1,4.3
SYN-02792,4.0,4.0,3.9,3.8,4.1,3.6,4.2,3.8,4.6,3.9,3.9,3.8,3.9
SYN-02793,4.2,4.0,4.4,4.2,4.1,4.2,4.4,4.3,4.1,4.2,3.7,4.8,4.2
SYN-02794,4.1,3.9,3.2,3.8,3.9,3.6,3.6,3.8,4.1,4.3,3.9,3.7,3.8
SYN-02795,4.2,4.3,4.3,4.1,4.3,4.3,4.1,3.7,3.9,4.7,3.7,4.6,3.7
SYN-02796,3.7,3.8,4.4,3.9,3.8,3.6,4.1,3.7,3.8,3.8,4.1,4.1,3.6
SYN-02797,4.2,4.2,4.5,4.7,4.5,3.7,4.6,4.0,4.2,4.5,4.4,4.7,4.2
SYN-02798,3.3,3.5,3.9,3.8,3.6,4.0,3.9,3.8,3.2,3.8,3.5,3.5,3.4
SYN-02799,4.0,3.9,4.1,4.0,4.1,4.2,4.0,3.9,3.5,4.3,4.1,4.0,4.4
SYN-02800,3.9,4.3,4.0,4.5,3.6,4.5,4.5,4.0,4.3,4.0,4.4,4.6,4.0
SYN-02801,3.9,4.6,4.8,4.4,4.4,4.2,4.3,4.4,4.2,4.7,4.3,4.4,4.2
SYN-02802,5.0,5.0,5.0,5.0,5.0,4.9,4.6,5.0,5.0,5.0,4.7,5.0,5.0
SYN-02803,4.6,4.8,4.6,4.1,4.5,4.0,4.1,4.4,4.4,4.5,3.8,4.3,4.5
SYN-02804,4.1,4.1,3.9,3.7,4.0,3.8,4.1,4.0,3.8,3.6,4.2,4.0,4.5
SYN-02805,4.3,4.3,3.7,4.3,4.1,4.4,4.3,4.5,4.8,3.9,4.5,4.4,4.8
SYN-02806,3.8,3.8,3.8,3.9,4.0,3.3,3.5,4.1,3.0,3.6,3.6,3.5,4.1
SYN-02807,4.3,4.1,4.0,4.3,4.5,4.2,4.1,4.0,4.3,4.3,4.0,4.5,4.7
SYN-02808,3.9,4.0,3.6,4.1,4.0,3.8,3.7,4.5,4.0,3.6,4.2,4.0,3.9
SYN-02809,4.8,3.7,4.0,4.9,4.5,4.4,4.1,4.6,4.6,5.0,4.6,4.4,4.6
SYN-02810,4.3,4.3,4.2,4.1,3.8,3.7,3.7,4.1,4.2,4.3,4.2,4.3,4.0
SYN-02811,4.4,3.9,4.1,3.6,4.2,4.5,4.2,4.4,4.2,4.0,4.1,4.5,4.4
SYN-02812,3.8,3.6,4.0,3.8,3.9,3.5,4.3,3.9,4.0,3.7,3.9,4.0,3.8
SYN-02813,4.7,5.0,4.3,4.9,4.6,5.0,4.8,4.5,4.7,4.9,5.0,4.2,4.4
SYN-02814,4.5,3.6,4.1,3.9,3.9,4.0,4.0,4.4,4.5,4.2,4.0,4.2,4.3
SYN-02815,5.0,5.0,5.0,4.7,5.0,5.0,4.7,4.9,4.9,4.8,4.8,4.4,4.6
SYN-02816,4.4,4.3,4.2,4.8,4.5,5.0,4.6,4.8,4.4,4.3,4.6,4.9,4.5
SYN-02817,4.5,4.4,4.3,4.4,4.1,4.4,4.6,4.5,4.4,4.6,4.4,4.4,4.6
SYN-02818,4.4,4.3,4.5,4.3,4.2,4.4,4.4,4.0,4.4,4.9,4.0,4.2,5.0
SYN-02819,4.1,4.7,4.3,4.4,4.3,4.5,3.9,4.4,4.2,3.8,4.7,3.7,5.0
SYN-02820,3.7,3.1,3.9,3.3,3.3,3.0,3.3,3.3,3.8,3.9,3.2,3.6,3.0
SYN-02821,4.2,4.8,3.6,3.8,4.3,4.4,3.8,4.5,3.9,4.6,4.2,4.5,4.2
SYN-02822,4.7,4.7,4.8,4.5,4.2,4.5,4.3,4.3,5.0,4.7,4.7,4.8,4.7
SYN-02823,4.7,3.6,3.9,4.0,3.8,4.2,4.2,4.8,4.5,4.0,4.3,3.6,4.2
SYN-02824,3.7,3.4,3.6,3.5,3.4,3.9,4.0,3.9,3.6,3.5,3.6,3.6,3.4
SYN-02825,4.5,4.1,4.4,3.8,4.0,4.4,4.4,3.8,4.3,4.3,4.0,4.3,3.7
SYN-02826,4.5,5.0,4.8,4.8,4.7,5.0,5.0,5.0,4.8,4.7,4.6,4.5,4.7
SYN-02827,4.5,5.0,4.3,4.9,4.6,4.6,4.8,4.2,4.4,4.3,4.5,4.4,5.0
SYN-02828,4.0,3.5,4.1,4.4,4.7,4.1,4.0,4.2,4.3,3.8,4.1,4.2,4.2
SYN-02829,4.5,4.3,4.6,4.5,4.5,4.2,4.7,4.2,5.0,4.2,4.8,4.0,3.9
SYN-02830,3.9,3.4,4.3,4.1,4.5,4.0,4.1,4.0,3.8,3.9,3.7,4.2,4.0
SYN-02831,3.6,4.5,3.5,3.7,3.6,4.0,3.7,3.5,4.3,3.3,3.5,3.9,3.4
SYN-02832,4.1,3.7,4.2,4.2,3.8,3.6,3.8,3.9,4.1,4.0,4.0,4.0,4.1
SYN-02833,4.7,4.8,4.8,4.6,5.0,5.0,5.0,4.5,4.9,5.0,5.0,4.3,4.7
SYN-02834,4.0,4.6,3.4,3.8,4.5,4.0,3.7,4.6,3.7,4.4,3.6,3.7,4.2
SYN-02835,3.9,4.2,4.7,4.1,4.6,4.2,4.4,3.4,4.3,4.3,4.0,4.7,4.0
SYN-02836,3.6,4.3,3.7,4.1,4.5,4.2,4.0,4.0,4.5,3.7,4.3,4.8,4.3
SYN-02837,4.8,4.8,4.7,4.7,4.9,5.0,5.0,4.3,4.1,5.0,4.9,4.9,5.0
SYN-02838,4.7,5.0,4.9,4.6,4.7,4.7,4.5,5.0,4.8,4.4,4.9,5.0,5.0
SYN-02839,4.7,4.6,5.0,4.5,5.0,4.8,5.0,4.7,4.7,5.0,5.0,5.0,5.0
SYN-02840,4.2,4.5,3.7,3.9,3.8,3.3,4.4,4.6,4.3,4.3,4.2,4.2,4.7
SYN-02841,4.8,4.1,4.6,4.7,4.5,4.4,4.4,3.9,3.8,4.5,4.0,3.9,3.7
SYN-02842,3.5,3.8,3.8,3.9,3.6,3.7,3.9,3.8,3.5,3.8,3.1,3.7,3.5
SYN-02843,5.0,4.4,4.8,4.6,4.5,4.8,4.6,5.0,4.1,4.9,4.7,4.7,4.8
SYN-02844,4.1,3.9,4.1,3.8,3.5,3.8,4.1,3.7,3.5,4.0,3.9,3.6,3.7
SYN-02845,4.2,4.3,4.5,4.2,4.5,4.1,4.8,4.8,4.0,3.9,4.6,4.4,4.4
SYN-02846,3.6,3.8,3.7,3.9,3.4,3.8,3.4,3.7,3.8,4.0,4.0,4.0,3.4
SYN-02847,4.4,3.8,3.8,4.1,3.9,4.1,4.2,3.8,3.9,3.9,4.3,3.9,3.8
SYN-02848,3.6,3.6,3.5,3.7,4.4,4.1,4.3,3.6,3.3,4.0,4.5,3.8,3.9
SYN-02849,3.5,4.0,3.9,3.4,3.7,3.7,3.5,3.8,4.1,3.8,4.3,3.9,4.1
SYN-02850,4.2,4.5,3.8,4.1,3.7,4.5,3.7,4.1,4.5,3.7,4.2,3.7,4.7
SYN-02851,3.4,3.6,3.7,3.7,4.2,4.5,4.4,4.1,4.0,3.8,4.1,3.9,4.1
SYN-02852,4.3,4.1,4.5,4.5,4.3,4.3,4.7,4.6,5.0,4.9,4.1,4.4,4.1
SYN-02853,3.3,4.5,4.3,3.6,4.2,4.2,3.2,4.1,3.7,3.9,4.7,4.3,3.8
SYN-02854,4.7,3.7,4.4,4.4,4.5,4.1,4.4,4.5,3.6,4.2,4.0,4.5,4.7
SYN-02855,4.4,4.3,4.7,4.3,4.6,4.5,4.8,4.7,4.7,5.0,4.7,4.5,4.5
SYN-02856,3.8,3.7,3.6,4.4,3.8,4.1,3.9,4.0,4.4,4.1,3.7,3.9,4.3
SYN-02857,4.1,4.2,3.9,3.5,4.1,4.0,4.0,3.5,3.8,3.7,4.1,4.1,3.9
SYN-02858,4.4,4.6,4.2,4.3,4.0,3.9,4.4,3.9,4.3,4.6,4.3,4.1,3.7
SYN-02859,4.7,4.9,4.6,4.9,4.7,4.7,4.5,4.2,4.5,4.5,4.8,4.6,4.9
SYN-02860,4.4,4.1,4.0,4.1,4.3,4.2,3.9,4.6,4.3,4.4,4.0,4.0,4.2
SYN-02861,3.4,4.2,3.8,3.9,4.1,3.9,3.7,4.5,3.6,3.3,4.3,3.6,4.4
SYN-02862,4.5,4.5,4.2,4.1,4.3,4.1,4.7,4.1,4.5,4.7,4.1,4.5,4.1
SYN-02863,3.8,3.7,3.6,3.9,3.4,4.1,3.5,3.4,3.7,3.7,3.9,3.8,3.3
SYN-02864,4.7,4.4,4.5,5.0,4.8,4.5,4.0,4.0,4.8,4.3,4.4,4.1,4.6
SYN-02865,4.7,4.8,4.2,4.5,4.3,4.6,4.3,4.1,4.7,4.4,4.2,4.4,4.1
SYN-02866,4.2,4.0,3.9,4.8,3.8,4.2,4.1,3.8,4.0,3.7,4.7,4.0,4.0
SYN-02867,4.5,3.7,4.3,4.1,3.3,3.8,4.0,3.9,3.9,3.7,3.7,3.8,4.5
SYN-02868,3.6,3.7,3.9,3.5,4.0,3.5,3.6,3.5,3.4,4.3,4.0,4.2,4.1
SYN-02869,4.3,4.4,4.7,4.9,4.0,5.0,4.0,4.2,4.4,4.4,5.0,4.7,4.5
SYN-02870,4.9,4.7,4.4,4.8,4.7,4.4,5.0,4.6,4.3,4.3,4.8,4.9,4.8
SYN-02871,4.1,3.7,4.0,3.9,3.9,3.9,3.8,4.2,3.7,3.6,3.7,4.2,4.1
SYN-02872,3.8,4.5,4.3,4.2,4.3,4.0,4.4,4.0,4.3,4.3,4.6,4.4,4.6
SYN-02873,3.1,3.4,3.6,3.8,3.1,3.2,3.6,4.0,3.6,3.1,3.1,3.5,3.6
SYN-02874,3.9,3.7,4.3,3.9,4.2,3.5,4.4,3.8,4.4,4.2,3.6,4.1,4.5
SYN-02875,4.0,4.7,4.3,4.6,4.2,4.2,4.7,4.4,4.1,4.3,4.0,4.2,4.5
SYN-02876,3.8,3.6,3.6,3.9,3.6,3.5,3.5,4.2,3.8,3.9,3.6,3.7,3.7
SYN-02877,3.8,3.4,4.2,3.9,3.9,4.1,4.1,3.7,4.1,4.1,4.0,4.2,4.1
SYN-02878,4.2,4.4,4.0,4.0,4.2,3.9,4.1,3.8,3.3,4.1,3.5,3.8,4.2
SYN-02879,4.6,4.7,3.7,4.4,4.2,4.6,4.7,3.9,4.3,4.6,4.2,4.8,4.2
SYN-02880,4.0,3.8,4.2,3.2,4.1,4.5,3.7,3.6,4.5,4.5,3.7,4.7,4.3
SYN-02881,3.7,3.2,3.9,3.3,3.3,3.6,3.3,3.0,3.5,3.3,3.2,3.8,4.1
SYN-02882,3.2,3.5,3.3,4.1,3.6,3.7,3.8,3.5,3.4,3.9,3.7,3.2,3.2
SYN-02883,3.9,4.3,4.4,4.6,3.8,4.0,3.9,3.9,4.3,4.0,4.4,3.8,4.2
SYN-02884,4.2,3.8,4.1,4.4,4.9,4.2,4.3,4.5,4.2,4.2,4.4,4.2,3.8
SYN-02885,3.0,3.4,3.4,3.6,3.6,3.0,3.0,3.0,3.2,3.1,3.2,3.0,3.5
SYN-02886,3.7,3.7,4.2,4.2,4.0,4.3,4.3,4.6,4.2,4.5,4.0,4.4,4.5
SYN-02887,4.0,3.8,3.9,4.1,3.7,3.9,4.4,4.2,3.3,3.6,4.7,4.4,3.8
SYN-02888,4.2,4.3,4.8,5.0,5.0,4.2,4.6,4.4,4.7,4.3,4.5,4.4,4.8
SYN-02889,3.9,4.0,4.2,4.6,4.7,4.2,4.0,4.5,4.4,4.3,3.6,4.4,4.2
SYN-02890,4.1,4.1,4.5,3.6,4.3,4.1,4.1,4.2,3.9,4.6,3.7,4.4,4.1
SYN-02891,4.8,4.3,3.6,4.4,3.9,4.5,4.4,4.7,4.3,4.5,4.3,4.1,4.6
SYN-02892,3.1,3.4,3.3,3.7,3.2,3.3,3.5,3.9,3.3,3.3,3.0,3.2,3.6
SYN-02893,4.5,4.5,5.0,4.0,5.0,4.8,4.4,4.6,4.3,4.6,5.0,4.3,4.4
SYN-02894,4.0,4.1,4.2,3.9,4.2,4.3,4.2,3.6,4.2,4.3,4.8,4.3,4.6
SYN-02895,4.3,4.8,4.1,4.5,4.6,4.6,5.0,4.2,4.8,4.7,4.4,4.9,4.3
SYN-02896,5.0,5.0,4.6,5.0,5.0,5.0,5.0,4.9,4.5,5.0,5.0,5.0,4.9
SYN-02897,3.6,3.1,3.4,3.2,3.5,3.7,3.2,3.7,3.5,3.7,3.4,3.7,3.3
SYN-02898,4.3,4.4,4.7,4.3,5.0,4.8,5.0,5.0,4.8,5.0,5.0,5.0,4.5
SYN-02899,4.5,3.6,4.5,3.3,4.0,4.5,4.2,3.7,4.2,4.2,4.2,4.0,4.4
SYN-02900,4.6,4.3,4.8,4.3,4.2,4.7,4.7,4.1,4.1,4.8,4.3,4.3,4.2
SYN-02901,4.6,4.8,4.2,4.9,4.0,4.1,4.4,3.9,4.4,4.0,3.7,3.7,4.1
SYN-02902,4.2,3.6,4.1,4.1,4.0,3.8,4.1,4.0,4.3,3.7,4.1,3.7,4.0
SYN-02903,3.7,3.7,4.0,3.8,4.4,4.4,4.2,4.2,4.0,4.4,3.9,4.6,3.7
SYN-02904,4.0,3.9,3.9,3.8,4.4,4.6,4.3,3.9,4.2,4.6,4.2,4.1,3.9
SYN-02905,3.5,3.5,3.6,3.8,3.6,3.7,3.8,3.3,4.2,3.4,3.8,3.3,3.7
SYN-02906,4.5,5.0,4.4,4.9,4.5,5.0,3.9,4.6,3.7,4.4,4.8,4.9,4.7
SYN-02907,4.0,4.2,4.8,4.1,4.3,3.9,4.4,4.3,3.9,4.3,4.3,4.3,4.0
SYN-02908,4.2,3.5,3.8,3.8,4.2,3.5,3.9,3.7,3.8,3.9,3.4,4.2,3.9
SYN-02909,3.8,3.9,4.5,4.2,3.8,3.8,4.2,4.3,4.2,4.0,4.3,3.9,3.8
SYN-02910,5.0,4.8,4.4,4.7,4.6,4.5,4.7,4.4,4.9,4.6,4.2,4.6,4.5
SYN-02911,3.1,4.0,4.3,4.0,4.2,4.0,3.9,3.8,3.6,4.3,4.2,3.9,3.4
SYN-02912,4.5,4.1,4.4,3.9,4.4,4.3,3.6,4.8,4.2,4.2,4.5,4.3,4.4
SYN-02913,3.6,3.9,3.4,3.9,4.4,3.5,3.8,3.3,3.9,4.1,4.1,3.8,3.3
SYN-02914,4.1,4.8,4.7,4.4,4.5,4.2,4.9,4.2,4.6,4.1,4.4,4.8,4.2
SYN-02915,4.7,4.1,4.2,4.4,4.7,4.4,4.6,4.8,4.2,4.0,4.3,4.8,4.2
SYN-02916,5.0,4.8,5.0,5.0,5.0,4.4,4.1,4.9,5.0,5.0,4.6,4.4,5.0
SYN-02917,4.7,3.9,4.4,4.9,4.1,4.1,4.3,4.1,4.5,4.0,4.1,3.7,4.1
SYN-02918,4.1,4.5,3.9,4.7,4.2,5.0,4.8,4.6,4.0,4.2,4.2,4.2,4.9
SYN-02919,4.2,4.0,4.0,4.1,4.4,3.7,4.3,4.4,3.7,3.8,4.2,4.7,4.6
SYN-02920,4.5,5.0,4.6,4.6,4.7,4.9,4.5,4.5,4.3,4.8,4.9,5.0,4.2
SYN-02921,3.8,4.3,4.0,4.0,4.0,4.1,4.0,3.8,4.2,3.6,4.3,3.7,4.1
SYN-02922,4.4,4.3,4.9,4.7,4.4,5.0,4.8,4.2,3.8,4.5,4.9,4.6,4.9
SYN-02923,4.0,4.1,4.1,4.2,4.4,4.6,4.7,4.6,4.3,4.0,4.2,4.3,4.2
SYN-02924,3.9,4.0,4.4,4.1,4.2,4.2,3.9,4.1,4.0,4.0,3.9,4.1,4.4
SYN-02925,4.6,3.8,4.7,4.3,3.9,4.1,3.7,3.7,4.7,4.0,4.4,4.2,4.2
SYN-02926,4.4,3.7,4.7,4.3,4.1,4.4,4.1,4.4,4.2,4.5,4.2,4.0,4.4
SYN-02927,4.1,3.6,4.2,4.0,4.3,3.9,3.8,4.5,4.4,4.2,4.3,4.4,4.2
SYN-02928,3.9,4.4,4.6,4.5,4.3,4.4,4.2,4.6,4.7,3.9,4.6,4.9,4.4
SYN-02929,5.0,4.6,4.6,4.7,4.6,4.4,4.7,5.0,4.4,4.8,4.8,4.7,4.9
SYN-02930,4.7,4.4,4.9,4.7,5.0,4.5,4.4,4.5,4.9,4.5,4.5,5.0,4.1
SYN-02931,4.6,4.5,4.4,4.2,4.3,4.4,4.7,4.8,4.0,4.1,4.7,4.7,4.1
SYN-02932,4.3,4.0,4.3,3.8,3.6,3.9,4.0,3.9,3.9,4.5,3.5,3.8,3.9
SYN-02933,3.9,4.1,4.1,4.2,4.0,3.4,3.4,4.2,4.2,4.1,3.6,3.8,3.8
SYN-02934,4.2,4.6,5.0,4.4,4.9,4.3,4.1,4.8,4.5,4.9,5.0,4.5,4.9
SYN-02935,4.2,4.2,4.8,4.0,4.5,4.9,4.9,4.4,4.8,4.2,4.3,4.6,4.6
SYN-02936,4.4,5.0,4.2,4.7,4.8,4.2,5.0,4.5,4.7,4.8,4.3,4.4,5.0
SYN-02937,4.0,3.2,3.9,4.0,4.1,3.4,4.0,3.7,4.1,4.1,4.1,4.4,4.6
SYN-02938,3.8,4.0,4.3,4.1,3.3,4.1,4.5,3.7,4.2,3.5,4.4,4.2,3.9
SYN-02939,3.5,3.2,3.9,3.4,3.8,3.3,4.3,4.1,4.2,4.3,3.4,3.4,4.2
SYN-02940,4.0,4.3,3.9,3.9,4.3,3.5,4.3,4.2,3.9,4.1,4.1,4.1,4.3
SYN-02941,4.3,5.0,4.5,4.5,5.0,4.0,5.0,4.6,4.4,4.2,4.2,4.4,4.6
SYN-02942,4.2,4.1,3.9,4.4,4.8,4.5,3.9,4.2,4.2,4.5,3.9,3.7,4.4
SYN-02943,4.5,4.1,4.6,5.0,4.2,4.2,4.4,4.6,4.4,4.8,4.5,4.7,4.2
SYN-02944,3.8,4.0,3.7,4.3,3.5,4.0,4.0,3.8,4.0,4.1,4.5,3.8,4.2
SYN-02945,4.5,4.3,4.2,4.0,4.9,4.3,4.2,4.9,4.4,5.0,3.9,4.2,3.9
SYN-02946,3.8,3.8,3.7,3.8,3.7,3.8,3.6,4.2,3.5,3.9,3.4,3.5,3.6
SYN-02947,4.2,4.3,3.9,4.1,3.9,3.9,4.6,3.8,4.3,4.7,4.6,4.4,4.2
SYN-02948,3.4,3.3,3.6,3.1,3.5,3.1,3.7,3.1,2.7,3.2,3.4,3.6,2.9
SYN-02949,3.6,4.3,4.3,3.7,4.0,4.0,4.4,4.0,4.0,4.2,3.7,4.7,4.4
SYN-02950,3.4,3.3,3.3,3.8,3.3,3.6,3.1,3.8,3.8,3.6,3.7,3.9,3.7
SYN-02951,4.9,4.3,4.7,4.7,5.0,4.6,4.6,4.5,5.0,3.9,4.8,4.6,4.6
SYN-02952,4.4,4.5,4.6,4.2,4.5,4.6,4.2,4.6,4.6,4.2,4.1,4.2,4.5
SYN-02953,4.3,4.8,4.3,4.1,4.6,4.1,4.1,4.1,3.5,4.5,4.6,4.6,4.9
SYN-02954,5.0,4.6,5.0,4.7,4.6,4.5,4.7,4.8,5.0,5.0,4.5,4.4,4.9
SYN-02955,4.1,4.2,3.8,4.0,4.1,3.5,4.0,4.1,4.0,3.8,4.7,4.4,3.9
SYN-02956,4.8,5.0,4.8,5.0,4.4,4.7,5.0,5.0,4.4,4.5,4.3,4.5,4.4
SYN-02957,4.7,4.6,4.5,4.5,4.9,4.2,3.9,4.7,4.4,4.2,4.7,3.9,4.3
SYN-02958,3.4,4.2,4.6,3.9,3.9,4.7,4.3,4.8,4.2,4.2,4.6,4.1,4.2
SYN-02959,3.9,5.0,4.7,4.6,4.9,4.2,4.4,4.8,4.6,4.7,4.7,4.8,4.2
SYN-02960,4.2,3.7,3.8,3.6,3.7,3.9,4.0,4.1,3.9,3.6,3.9,3.9,3.8
SYN-02961,4.1,3.5,3.3,4.3,3.9,4.0,3.7,4.3,4.0,3.9,4.0,3.4,4.0
SYN-02962,4.4,4.1,4.0,3.9,4.3,4.4,3.9,4.1,4.1,4.1,3.8,4.3,4.2
SYN-02963,4.4,3.7,3.7,4.6,4.4,3.8,4.3,3.9,3.5,3.4,4.0,4.5,4.5
SYN-02964,4.2,4.1,3.9,4.2,3.2,4.1,3.5,3.6,4.0,4.1,3.6,4.0,4.0
SYN-02965,4.5,4.7,5.0,4.5,4.6,4.7,4.6,4.9,5.0,4.6,4.4,5.0,4.7
SYN-02966,3.6,4.7,4.4,4.6,4.5,4.9,3.8,3.9,4.0,4.0,4.1,4.0,3.8
SYN-02967,4.1,4.2,4.7,4.2,4.6,3.9,3.4,4.3,4.1,4.1,4.0,4.1,4.0
SYN-02968,3.7,3.6,3.4,3.3,4.7,4.0,4.5,3.9,4.0,4.1,4.2,3.6,3.9
SYN-02969,3.7,3.0,4.0,3.9,2.9,3.3,3.6,3.8,4.0,3.4,4.3,3.5,3.5
SYN-02970,4.5,4.4,4.4,4.9,4.4,4.0,4.0,4.7,4.5,3.8,3.8,4.3,4.5
SYN-02971,3.3,3.0,3.2,4.0,3.7,3.8,3.9,3.3,3.4,3.5,3.7,3.9,4.1
SYN-02972,4.4,4.4,4.8,4.1,4.5,4.3,4.4,4.1,3.8,4.3,4.3,4.0,4.1
SYN-02973,3.5,3.5,3.6,3.3,3.5,3.9,4.2,4.3,3.6,4.1,3.8,3.6,3.8
SYN-02974,5.0,4.7,4.7,4.8,4.7,5.0,4.7,4.7,5.0,5.0,4.8,5.0,4.7
SYN-02975,4.5,3.9,4.4,4.1,4.2,3.9,4.3,4.5,4.4,4.4,4.4,4.4,4.5
SYN-02976,4.2,4.3,4.2,4.1,4.5,4.4,4.2,4.6,4.3,4.2,4.2,4.3,4.0
SYN-02977,4.1,4.7,4.9,4.3,5.0,4.1,4.5,5.0,4.7,4.6,4.7,5.0,4.2
SYN-02978,4.3,3.8,4.1,3.7,4.4,3.9,3.5,4.0,4.3,4.3,3.9,4.1,3.8
SYN-02979,4.6,4.5,3.5,4.1,4.5,4.4,4.4,4.4,4.8,4.5,3.7,5.0,3.8
SYN-02980,4.6,3.8,4.7,4.2,4.4,3.7,4.5,4.4,4.5,4.6,4.3,4.2,4.0
SYN-02981,4.2,4.7,4.0,3.7,4.0,4.5,4.2,4.5,3.7,3.4,4.4,4.6,3.8
SYN-02982,4.8,5.0,4.6,4.9,4.7,4.6,4.9,5.0,4.5,4.6,4.3,4.7,4.6
SYN-02983,4.8,4.9,4.7,4.8,4.2,4.2,4.6,4.5,5.0,3.9,4.6,4.6,4.2
SYN-02984,4.0,4.2,3.8,4.7,5.0,4.2,4.1,3.9,4.0,4.1,4.7,5.0,4.1
SYN-02985,3.4,3.3,3.8,3.7,3.7,3.5,4.0,3.9,3.8,3.7,3.6,3.4,3.8
SYN-02986,4.0,4.0,3.4,4.0,3.8,3.6,4.1,3.9,4.6,4.0,3.8,3.8,3.5
SYN-02987,4.5,4.3,4.3,3.8,4.4,3.9,4.0,4.2,4.0,3.9,4.1,4.5,4.4
SYN-02988,4.4,4.4,4.1,4.6,3.7,4.4,4.5,4.2,4.0,4.2,4.0,4.4,4.5
SYN-02989,3.9,3.9,4.0,4.1,3.6,3.3,3.9,4.1,3.3,3.8,4.1,3.8,4.3
SYN-02990,5.0,4.9,4.9,4.9,5.0,4.6,4.6,4.3,5.0,5.0,4.4,4.9,4.9
SYN-02991,4.7,5.0,4.5,4.1,4.6,4.5,4.1,4.8,4.4,4.7,4.6,4.4,5.0
SYN-02992,4.3,4.4,4.6,4.5,4.5,4.2,4.1,4.5,4.1,4.6,4.4,4.6,4.1
SYN-02993,3.9,4.7,4.2,4.5,3.8,4.1,4.6,3.8,4.9,4.3,4.0,4.3,4.6
SYN-02994,3.9,3.9,4.2,4.3,4.1,4.2,4.4,4.2,3.9,4.1,4.7,4.2,4.5
SYN-02995,3.7,3.9,4.1,4.3,4.2,3.5,4.2,4.4,3.7,3.6,3.9,3.9,3.8
SYN-02996,3.9,4.7,4.0,4.1,4.3,3.8,3.8,4.1,4.5,4.3,3.6,4.6,4.5
SYN-02997,4.3,4.3,4.5,5.0,4.6,4.4,3.9,4.3,4.5,4.3,4.1,4.5,4.0
SYN-02998,4.0,3.6,3.1,3.6,3.7,3.9,3.9,3.4,3.8,3.6,3.7,3.5,3.8
SYN-02999,5.0,4.9,4.0,4.3,4.2,4.4,4.6,4.3,4.1,4.7,3.9,4.4,3.9
SYN-03000,3.8,4.4,3.9,3.6,3.9,3.9,3.8,4.3,3.7,4.0,4.2,4.0,4.0
SYN-03001,3.3,3.2,3.3,3.7,3.4,3.6,3.9,3.7,3.1,3.7,3.8,3.4,3.1
SYN-03002,3.8,4.0,4.1,3.7,3.3,3.5,4.0,4.5,3.9,4.3,3.6,3.7,3.2
SYN-03003,4.2,3.8,4.2,3.9,4.7,4.6,3.4,4.2,3.8,4.2,3.7,4.5,4.4
SYN-03004,4.4,4.8,4.9,5.0,4.9,5.0,4.8,5.0,4.5,4.9,5.0,5.0,4.9
SYN-03005,4.4,4.8,4.4,4.7,4.4,4.4,4.1,4.0,4.7,4.9,4.4,4.3,4.7
SYN-03006,3.8,3.0,4.0,3.3,3.7,3.6,3.5,3.7,4.0,3.7,4.2,4.2,4.2
SYN-03007,4.4,4.2,4.4,4.7,4.7,3.6,4.5,3.7,4.4,4.2,4.1,4.6,4.2
SYN-03008,3.7,3.4,3.7,3.9,3.4,3.9,3.7,3.7,3.6,3.9,3.9,3.6,3.7
SYN-03009,4.8,4.7,4.5,4.9,4.8,5.0,4.1,4.8,4.9,4.9,4.5,4.2,5.0
SYN-03010,3.9,3.9,4.7,3.7,4.3,3.8,3.8,4.1,4.2,4.3,4.4,3.8,3.7
SYN-03011,4.1,4.3,4.1,3.1,3.6,4.1,4.4,3.9,4.4,3.7,4.2,4.2,4.3
SYN-03012,4.4,4.2,4.9,4.2,4.4,5.0,4.7,4.8,4.9,4.8,4.7,4.4,5.0
SYN-03013,3.7,3.8,3.9,3.6,3.6,4.2,3.5,3.9,4.0,3.7,3.7,4.0,3.7
SYN-03014,3.1,4.2,3.4,3.8,3.3,3.6,3.6,3.8,3.4,4.3,3.7,4.0,3.7
SYN-03015,4.3,3.4,3.8,3.8,3.8,4.2,4.2,4.0,4.0,4.7,4.1,3.3,4.2
SYN-03016,4.7,4.9,4.7,4.3,4.8,4.6,4.9,5.0,4.5,4.8,4.9,4.6,5.0
SYN-03017,4.0,3.5,3.7,3.9,4.2,3.9,3.8,4.0,3.6,3.4,3.9,3.6,4.5
SYN-03018,3.3,3.4,3.0,3.6,3.2,3.2,3.2,2.8,3.1,3.4,2.7,3.5,3.1
SYN-03019,4.1,3.4,4.1,3.7,3.9,3.6,3.8,4.0,4.0,4.3,3.5,4.0,4.0
SYN-03020,4.3,4.1,4.7,5.0,3.9,4.1,4.1,4.3,4.8,4.6,4.3,4.4,4.3
SYN-03021,4.8,4.9,4.8,4.0,4.6,4.6,4.9,4.7,4.8,4.5,4.9,5.0,4.1
SYN-03022,3.6,4.3,4.0,4.3,4.1,4.2,3.8,4.1,4.1,3.8,4.3,3.5,4.1
SYN-03023,3.7,3.7,4.4,3.7,3.7,4.2,3.7,4.4,4.2,3.8,4.4,3.5,4.2
SYN-03024,4.2,4.4,4.5,5.0,4.5,4.6,4.5,4.3,4.3,4.7,4.6,4.8,4.5
SYN-03025,3.5,3.8,3.4,3.1,3.8,3.3,3.6,3.4,3.3,3.0,3.6,2.5,3.9
SYN-03026,4.4,3.8,4.5,4.7,4.0,4.2,4.1,4.5,3.6,4.0,4.3,4.3,4.1
SYN-03027,4.7,4.3,4.3,4.5,4.2,4.3,4.0,5.0,4.1,4.5,4.8,3.9,4.5
SYN-03028,4.4,4.9,4.1,4.1,4.3,4.2,4.2,5.0,4.4,4.1,4.2,4.5,4.5
SYN-03029,3.8,3.5,4.0,4.0,3.8,4.4,4.2,4.1,3.9,4.5,3.7,3.9,3.9
SYN-03030,4.3,4.4,3.8,4.0,4.3,4.0,4.1,4.3,3.9,4.3,4.4,4.2,4.6
SYN-03031,3.5,3.3,3.2,3.9,3.1,3.2,3.2,3.4,4.0,3.4,3.2,3.4,2.9
SYN-03032,3.9,4.5,4.2,4.3,4.3,3.8,4.5,3.4,4.1,3.4,3.5,4.3,3.8
SYN-03033,4.7,3.7,4.3,4.0,4.3,4.8,4.9,4.5,3.9,4.0,4.4,4.1,4.6
SYN-03034,4.4,3.6,3.6,3.5,3.8,3.9,3.9,4.1,4.0,3.8,3.9,3.9,3.8
SYN-03035,4.0,3.9,4.3,4.1,4.4,4.2,4.2,4.5,3.8,4.8,3.6,4.7,4.3
SYN-03036,4.2,3.9,4.2,4.3,4.4,4.8,4.4,4.5,4.5,4.3,4.3,4.3,4.5
SYN-03037,3.8,3.9,4.2,3.8,4.1,3.9,4.2,4.5,3.9,4.3,4.1,4.0,4.1
SYN-03038,4.6,4.2,4.7,4.2,3.8,4.2,3.8,4.2,4.2,4.8,4.7,4.3,4.6
SYN-03039,3.7,3.4,4.0,4.0,3.6,3.6,4.1,3.4,4.0,3.8,4.0,4.2,3.6
SYN-03040,3.8,4.6,4.1,4.2,4.4,3.8,4.4,4.3,4.6,4.6,4.1,4.4,4.1
SYN-03041,4.5,4.1,4.3,3.9,4.4,4.8,4.6,4.4,4.4,4.3,4.1,4.7,4.0
SYN-03042,3.8,4.5,4.3,4.3,4.3,4.9,4.3,4.3,4.9,4.2,4.8,3.6,3.9
SYN-03043,3.8,4.2,4.5,3.8,4.3,4.7,4.5,3.9,4.3,4.1,3.8,4.1,3.9
SYN-03044,4.3,3.9,3.7,4.2,4.4,3.9,4.4,4.3,4.5,4.6,4.7,4.5,4.2
SYN-03045,4.5,5.0,4.7,4.5,4.4,4.3,4.1,5.0,4.6,4.1,4.4,4.8,4.3
SYN-03046,3.2,3.6,3.7,3.3,3.3,3.6,3.1,3.3,3.4,3.7,3.4,3.7,3.8
SYN-03047,4.5,5.0,5.0,4.7,4.6,4.4,5.0,4.7,4.2,4.1,4.6,4.6,4.3
SYN-03048,3.6,3.5,3.9,4.0,4.3,4.0,4.4,4.3,4.2,4.4,3.7,3.9,4.8
SYN-03049,3.8,4.3,4.5,3.8,4.1,4.9,4.4,4.2,4.4,4.2,4.9,4.1,4.2
SYN-03050,4.2,4.5,4.6,5.0,4.3,4.8,4.6,4.1,4.4,4.4,5.0,4.8,4.7
SYN-03051,2.4,3.1,3.9,4.0,3.5,3.7,3.7,3.8,3.6,4.0,4.1,3.4,3.4
SYN-03052,3.7,4.0,4.1,4.2,4.2,4.1,4.0,4.4,4.0,4.1,4.0,3.9,3.9
SYN-03053,4.5,4.1,4.0,3.9,4.2,3.9,4.2,4.2,4.0,3.7,3.8,3.8,3.8
SYN-03054,4.1,4.6,3.8,3.8,3.8,4.2,4.1,3.9,3.6,3.6,4.0,4.0,3.9
SYN-03055,5.0,4.4,4.9,4.9,4.5,4.6,5.0,4.5,5.0,5.0,4.8,4.7,5.0
SYN-03056,3.8,3.8,4.3,3.8,3.9,3.7,4.0,4.1,4.4,3.6,3.5,3.8,3.7
SYN-03057,4.0,4.2,4.7,3.9,3.3,3.9,4.1,3.7,4.1,4.0,4.1,4.2,4.0
SYN-03058,4.4,3.7,4.0,4.2,4.0,4.3,4.2,4.1,4.5,4.3,3.9,4.1,4.5
SYN-03059,3.8,4.1,4.0,3.7,4.2,4.2,3.2,3.8,3.6,3.7,3.5,3.5,4.0
SYN-03060,3.7,4.1,3.7,4.4,4.1,4.3,4.1,4.0,4.1,4.5,3.8,3.3,3.8
SYN-03061,3.9,4.6,4.3,4.6,4.3,4.3,4.4,4.8,4.4,4.6,4.6,4.3,4.3
SYN-03062,4.0,4.5,3.8,3.9,4.0,3.7,3.9,4.4,4.3,4.0,4.3,4.7,4.2
SYN-03063,4.6,4.4,4.1,4.2,4.3,3.9,3.4,3.9,3.5,3.9,3.7,4.4,3.8
SYN-03064,4.2,4.2,4.2,3.5,4.4,4.1,4.3,4.6,4.3,3.7,4.2,3.6,4.0
SYN-03065,3.5,3.7,3.2,3.3,3.5,3.6,3.5,4.1,3.8,3.8,3.6,3.3,3.7
SYN-03066,4.9,4.4,4.6,4.7,4.5,4.4,4.0,4.3,4.2,4.4,3.9,4.2,4.4
SYN-03067,4.6,4.5,4.6,4.7,4.1,4.6,5.0,4.9,4.9,4.3,4.7,4.8,5.0
SYN-03068,4.5,4.5,4.0,4.0,4.6,4.1,3.9,4.1,4.6,3.9,4.1,3.9,4.5
SYN-03069,4.4,4.6,4.7,3.8,4.1,4.1,4.3,4.4,4.1,4.1,4.6,4.4,4.4
SYN-03070,3.8,4.8,4.5,4.4,4.2,4.3,4.2,3.8,4.2,4.0,4.4,4.1,4.7
SYN-03071,3.3,4.1,4.0,3.4,3.7,3.5,3.9,4.3,4.1,3.5,3.8,4.2,3.9
SYN-03072,5.0,5.0,4.8,4.8,4.4,4.6,4.5,4.7,4.8,4.8,4.9,5.0,4.7
SYN-03073,4.5,4.6,4.4,4.1,4.6,4.4,4.5,4.7,4.5,4.7,4.2,4.1,4.6
SYN-03074,4.5,5.0,5.0,4.8,5.0,5.0,4.4,4.5,4.9,4.8,5.0,4.9,4.4
SYN-03075,3.8,4.2,3.4,3.5,3.8,4.2,3.9,4.1,3.9,3.9,3.7,4.2,3.6
SYN-03076,4.8,5.0,4.6,4.4,4.2,5.0,5.0,4.7,4.5,4.8,5.0,4.5,5.0
SYN-03077,4.0,4.1,4.5,4.8,4.9,4.8,4.9,4.5,4.3,4.8,4.9,4.8,4.7
SYN-03078,4.8,4.5,4.4,4.6,4.5,4.7,4.4,4.7,4.7,4.5,4.2,4.8,4.0
SYN-03079,4.0,4.3,3.5,4.7,4.3,4.7,4.8,4.2,4.7,4.0,4.4,4.1,4.5
SYN-03080,4.4,4.1,4.3,4.4,4.2,4.9,4.1,4.6,4.5,3.6,4.6,4.4,4.1
SYN-03081,4.7,4.8,5.0,4.5,5.0,4.3,4.1,4.8,5.0,4.6,3.9,4.2,4.8
SYN-03082,4.2,4.6,4.3,4.0,4.3,4.6,4.7,4.2,4.3,4.5,4.0,4.5,4.2
SYN-03083,3.5,3.5,3.6,4.1,3.4,3.4,3.9,3.6,3.7,3.2,3.6,3.8,3.3
SYN-03084,4.0,3.7,3.6,4.1,4.2,3.8,3.9,4.2,3.7,3.9,3.7,3.5,3.7
SYN-03085,3.8,4.3,3.9,3.7,4.4,4.3,4.0,4.3,3.9,4.0,4.3,4.4,4.0
SYN-03086,4.1,4.6,4.5,4.4,4.7,4.9,4.4,4.1,4.5,4.1,4.7,4.1,4.3
SYN-03087,3.9,4.2,4.2,4.4,4.2,4.2,4.0,4.1,3.8,4.6,4.2,4.7,4.1
SYN-03088,4.1,4.5,4.6,4.6,4.8,4.7,4.5,4.4,4.5,4.8,4.9,4.4,4.9
SYN-03089,3.7,3.3,3.6,3.6,3.2,3.1,3.7,3.4,4.0,4.0,3.7,3.8,3.2
SYN-03090,3.9,4.2,3.9,4.3,4.0,4.3,4.2,4.4,4.3,4.1,3.8,4.3,3.7
SYN-03091,3.9,3.7,3.8,3.3,3.7,3.4,3.6,3.3,3.5,3.2,3.5,3.1,4.1
SYN-03092,4.5,4.5,4.7,4.1,4.2,4.6,4.5,4.3,4.7,4.6,4.6,4.6,4.3
SYN-03093,4.1,3.6,4.0,4.1,4.4,4.3,3.9,3.9,4.6,4.1,4.2,4.4,4.1
SYN-03094,4.3,4.3,4.2,4.4,3.8,4.2,4.5,4.5,4.8,4.6,4.5,4.4,4.2
SYN-03095,4.0,4.0,3.8,3.6,3.9,4.2,3.9,3.9,4.0,4.0,4.0,3.9,3.7
SYN-03096,4.9,4.5,5.0,4.7,4.7,4.9,4.5,4.8,4.7,4.8,4.4,4.4,4.1
SYN-03097,4.4,4.4,4.4,4.5,4.6,4.7,4.7,4.8,4.8,4.6,4.6,4.8,4.8
SYN-03098,4.0,4.4,3.9,3.9,4.3,4.4,4.3,3.9,4.6,4.2,4.6,4.2,4.3
SYN-03099,4.3,4.0,4.2,4.2,3.7,4.3,3.9,3.8,3.9,4.4,3.7,4.3,4.3
SYN-03100,4.4,4.5,4.3,4.6,4.3,3.9,4.4,4.6,4.6,4.9,4.3,4.4,4.3
SYN-03101,3.7,3.8,3.6,3.3,3.8,4.0,4.1,3.8,3.8,4.3,3.6,3.9,4.2
SYN-03102,4.3,4.0,5.0,4.7,4.7,4.5,4.7,3.8,4.4,4.8,4.1,4.4,4.6
SYN-03103,4.5,4.8,4.9,4.9,4.7,4.5,4.9,4.9,4.9,4.8,4.9,5.0,4.9
SYN-03104,4.6,4.4,5.0,4.2,4.5,4.4,4.0,4.7,4.5,4.6,4.5,4.8,4.8
SYN-03105,3.6,4.5,3.9,4.1,4.0,4.0,4.1,4.3,4.2,3.9,3.9,3.8,4.2
SYN-03106,4.5,4.2,4.7,4.6,4.9,4.1,4.3,4.3,5.0,4.3,4.7,4.6,4.3
SYN-03107,3.8,3.9,4.1,3.7,3.6,4.0,3.4,3.8,4.1,3.9,3.6,3.4,4.1
SYN-03108,4.3,4.1,4.7,4.6,4.1,5.0,4.2,4.6,5.0,4.7,4.5,4.0,5.0
SYN-03109,4.6,3.9,4.8,4.4,4.3,4.2,4.4,4.6,4.2,4.4,5.0,4.5,4.6
SYN-03110,3.3,3.1,4.0,3.9,4.1,3.5,3.9,2.8,3.7,3.9,3.3,3.9,3.5
SYN-03111,3.8,3.7,4.3,3.7,3.6,3.5,3.7,3.9,4.0,3.6,3.9,4.0,3.5
SYN-03112,4.1,4.1,4.1,3.9,4.1,4.1,4.7,4.1,4.5,4.5,3.7,4.0,4.5
SYN-03113,4.1,4.1,4.3,4.4,4.1,4.0,3.4,4.1,4.0,3.8,4.0,4.0,4.1
SYN-03114,3.7,3.9,3.8,4.2,3.6,4.3,4.1,4.2,3.9,3.7,3.6,4.3,4.1
SYN-03115,4.0,4.6,4.1,4.4,4.6,4.8,4.4,4.3,4.3,4.7,4.6,4.3,3.8
SYN-03116,3.6,4.4,3.9,4.1,4.2,4.9,4.3,4.5,4.4,3.6,4.2,3.9,4.8
SYN-03117,3.6,4.0,4.1,3.8,4.2,4.1,4.2,4.3,4.2,4.2,4.5,3.6,4.3
SYN-03118,3.6,3.7,4.0,4.1,4.1,3.7,4.4,3.8,3.7,3.6,3.5,3.5,4.0
SYN-03119,4.7,4.3,4.2,4.5,4.6,4.6,4.3,4.5,5.0,4.2,4.6,4.7,4.3
SYN-03120,5.0,4.4,5.0,4.8,4.4,5.0,4.5,4.7,5.0,4.5,4.6,5.0,4.2
SYN-03121,4.5,3.6,3.8,4.1,4.2,4.1,4.0,3.9,4.5,4.3,4.4,3.9,3.3
SYN-03122,4.3,4.1,4.0,3.8,3.9,3.8,4.0,3.6,4.2,4.6,3.8,3.5,4.0
SYN-03123,4.5,4.5,4.9,4.6,3.8,4.0,4.5,4.2,4.8,4.1,4.7,4.2,4.5
SYN-03124,3.8,4.2,4.4,4.2,4.6,3.9,4.1,4.3,3.8,4.1,4.3,4.4,4.4
SYN-03125,3.9,4.2,3.8,3.9,4.1,4.5,4.3,4.2,4.3,4.3,4.3,4.0,3.9
SYN-03126,4.4,4.2,4.6,4.9,4.6,3.9,4.3,4.5,4.0,4.5,4.6,4.9,5.0
SYN-03127,3.2,3.5,3.5,3.3,3.6,3.5,3.7,3.9,3.6,3.4,3.2,4.1,3.8
SYN-03128,4.8,4.6,5.0,4.6,4.1,4.7,4.3,4.7,5.0,4.2,4.4,4.9,4.5
SYN-03129,4.3,4.4,4.5,4.0,3.5,4.3,3.8,4.5,4.2,4.1,4.4,3.7,4.2
SYN-03130,4.2,4.1,3.9,3.9,4.5,4.3,3.9,4.5,4.3,4.2,4.2,3.7,4.5
SYN-03131,4.5,4.2,4.2,4.1,4.0,4.3,3.9,4.2,4.2,4.3,4.5,4.3,4.4
SYN-03132,3.6,4.3,4.2,4.3,4.0,4.5,4.3,4.0,4.0,4.5,4.2,4.2,4.1
SYN-03133,3.9,3.7,3.2,3.3,3.6,3.4,2.9,3.4,3.5,3.5,3.8,2.9,3.4
SYN-03134,5.0,4.5,4.4,4.5,4.9,4.6,4.5,4.9,4.8,4.3,4.8,4.3,5.0
SYN-03135,4.6,4.1,4.5,4.0,4.2,4.0,4.2,4.2,4.2,4.2,4.3,4.6,3.6
SYN-03136,4.9,4.2,4.3,4.8,4.5,4.5,4.7,4.3,4.6,4.0,4.5,4.5,4.7
SYN-03137,4.7,4.6,4.4,4.4,4.4,4.1,5.0,4.8,4.6,4.8,4.8,4.2,4.7
SYN-03138,4.2,3.6,3.4,3.5,3.8,3.5,3.8,3.6,3.8,3.7,3.8,4.0,3.6
SYN-03139,4.5,4.1,4.4,4.3,4.5,4.4,4.7,4.4,4.2,4.6,4.5,4.6,4.3
SYN-03140,3.7,4.8,3.9,3.8,4.3,3.8,4.0,4.1,4.1,4.0,4.6,4.1,3.8
SYN-03141,4.8,4.3,4.5,4.2,4.6,4.5,4.5,4.5,4.7,4.7,4.2,4.3,4.8
SYN-03142,3.2,3.6,3.7,3.0,3.3,3.7,3.4,3.3,3.7,3.8,3.3,4.0,2.9
SYN-03143,3.7,4.0,4.1,4.1,4.0,3.9,4.1,4.0,4.4,4.2,4.1,4.1,4.5
SYN-03144,3.8,3.6,3.7,3.9,4.1,4.3,4.5,4.2,3.7,3.9,3.3,3.9,3.8
SYN-03145,3.7,5.0,4.2,3.7,4.3,4.8,4.9,4.4,4.4,4.7,4.3,4.5,4.6
SYN-03146,4.0,4.8,4.1,4.2,4.4,4.6,4.6,4.3,4.4,4.7,4.4,4.1,4.2
SYN-03147,4.2,3.7,3.5,3.9,3.9,4.2,3.5,4.1,4.3,3.7,4.0,3.3,4.2
SYN-03148,4.2,3.9,3.6,4.2,3.9,3.1,4.2,4.3,4.4,3.6,3.4,3.8,4.1
SYN-03149,3.9,3.7,4.4,4.1,4.3,4.2,4.1,4.1,4.1,4.0,3.8,4.3,4.5
SYN-03150,3.7,4.4,4.0,4.0,4.1,4.2,3.7,4.1,4.2,3.8,3.9,3.7,3.7
SYN-03151,4.4,4.2,4.5,4.6,4.6,4.3,4.3,4.7,4.3,4.7,4.3,4.6,4.7
SYN-03152,3.3,4.3,4.5,4.0,4.2,3.8,4.2,4.8,3.4,3.9,4.3,4.4,3.7
SYN-03153,3.0,3.0,3.0,3.1,2.8,3.1,2.9,3.2,3.0,3.1,2.9,3.5,3.1
SYN-03154,4.1,4.0,4.1,4.1,4.3,4.0,3.9,4.1,3.9,4.0,3.8,4.4,3.8
SYN-03155,4.2,3.8,4.1,3.6,3.2,3.3,4.6,3.7,4.2,3.4,3.9,3.9,4.7
SYN-03156,3.5,3.4,3.7,3.4,3.8,3.6,3.4,3.8,3.7,3.9,4.1,3.5,3.5
SYN-03157,3.4,3.9,3.6,3.9,4.1,3.6,3.6,4.1,4.0,3.9,3.6,3.3,3.6
SYN-03158,3.9,4.4,4.3,4.1,4.1,4.4,4.1,4.1,4.8,4.1,4.4,4.4,3.8
SYN-03159,4.5,4.9,4.6,4.2,4.8,4.5,4.8,5.0,4.8,4.8,4.6,4.3,5.0
SYN-03160,4.1,4.2,4.8,4.2,4.7,4.4,4.1,4.4,4.1,4.6,4.7,4.3,4.7
SYN-03161,4.0,4.3,4.9,4.7,3.9,4.1,3.7,4.2,4.1,3.8,4.3,3.9,3.8
SYN-03162,4.5,4.2,4.4,4.9,4.2,4.6,4.2,4.1,4.3,5.0,4.6,4.5,4.2
SYN-03163,3.9,3.6,4.6,4.1,4.1,4.1,4.7,4.1,4.0,4.6,4.0,3.5,3.6
SYN-03164,3.9,4.0,4.2,3.7,3.9,3.7,4.3,4.3,4.5,4.1,4.5,3.7,4.0
SYN-03165,3.5,4.0,3.9,3.1,4.1,4.1,3.6,3.9,3.3,3.6,4.3,3.4,3.8
SYN-03166,3.2,3.7,3.8,3.8,3.7,4.0,3.4,3.3,3.4,3.2,3.6,3.5,3.7
SYN-03167,3.6,4.1,4.4,4.2,3.5,4.1,3.8,4.1,3.9,4.6,4.1,4.2,4.1
SYN-03168,4.4,4.2,4.5,4.1,4.7,4.4,4.2,4.5,4.4,4.5,4.3,4.2,4.3
SYN-03169,4.0,4.5,4.6,4.3,4.6,4.5,4.1,4.4,3.8,4.2,3.8,4.1,3.7
SYN-03170,4.4,3.9,4.3,4.0,3.5,3.9,3.9,4.0,4.5,4.6,4.0,3.7,3.8
SYN-03171,4.0,3.8,3.4,3.7,4.3,4.0,3.9,3.8,3.7,4.0,3.9,4.1,4.0
SYN-03172,4.4,4.5,4.2,4.4,4.8,4.4,4.3,4.5,4.1,4.5,4.9,4.2,4.5
SYN-03173,3.7,3.7,3.7,4.0,3.4,3.9,3.8,3.2,3.9,3.8,3.5,3.8,3.3
SYN-03174,4.3,4.5,4.0,4.1,4.2,4.5,4.6,4.2,4.2,4.5,4.5,4.3,5.0
SYN-03175,3.9,3.8,3.7,4.2,4.0,3.3,3.6,3.7,3.8,4.0,3.5,3.8,4.4
SYN-03176,3.9,3.7,3.5,3.8,3.6,3.8,4.1,3.9,3.8,3.4,4.2,3.8,4.0
SYN-03177,3.4,3.6,3.5,3.3,3.4,3.7,3.8,3.5,3.3,3.6,3.9,3.4,3.7
SYN-03178,3.8,4.4,3.9,4.2,4.3,4.5,3.6,3.6,4.4,4.3,3.8,3.1,4.0
SYN-03179,4.1,4.3,4.6,4.6,5.0,4.4,4.2,4.8,4.7,4.4,4.6,4.4,4.7
SYN-03180,4.9,4.2,4.5,3.9,4.1,4.5,4.4,4.0,4.4,4.6,3.9,4.9,4.6
SYN-03181,4.7,4.5,5.0,4.8,4.4,4.8,4.3,4.5,5.0,4.7,4.7,4.9,4.7
SYN-03182,4.1,4.9,4.5,4.6,4.4,4.7,5.0,4.3,4.7,4.4,3.8,4.0,4.5
SYN-03183,4.1,4.0,4.0,4.6,4.0,3.7,3.8,4.3,3.4,4.2,3.8,3.6,3.4
SYN-03184,4.5,3.8,4.1,3.8,4.7,4.1,3.7,4.0,4.5,3.8,4.0,4.4,4.2
SYN-03185,3.6,4.0,3.9,3.9,4.2,4.0,3.9,3.9,4.2,3.7,3.3,3.9,4.0
SYN-03186,4.5,4.5,4.6,4.7,4.3,4.9,3.9,4.8,4.8,4.8,4.1,4.8,4.5
SYN-03187,4.3,3.9,3.4,3.3,3.6,4.0,4.1,3.8,3.8,3.7,3.8,4.1,3.7
SYN-03188,4.7,4.4,4.8,4.7,4.8,5.0,3.7,4.7,4.7,4.6,4.6,4.6,4.6
SYN-03189,4.8,4.8,4.5,4.5,4.5,4.4,5.0,4.1,4.7,4.7,4.4,4.6,4.9
SYN-03190,4.7,5.0,5.0,4.6,4.5,4.9,4.5,4.0,4.7,5.0,4.7,5.0,5.0
SYN-03191,4.0,4.0,4.4,4.1,4.0,4.3,3.7,3.7,3.6,4.2,4.0,4.3,4.1
SYN-03192,4.0,4.3,4.7,4.4,4.8,4.3,4.7,3.9,4.4,4.3,4.0,4.8,4.3
SYN-03193,4.8,5.0,5.0,5.0,4.5,4.8,5.0,5.0,4.7,5.0,4.7,5.0,4.3
SYN-03194,4.1,4.1,3.7,3.9,4.1,3.5,3.6,3.9,3.7,3.8,4.0,3.7,4.0
SYN-03195,3.8,3.9,3.3,3.5,3.8,3.2,3.7,3.7,2.9,3.5,3.8,3.6,3.5
SYN-03196,3.6,3.8,3.7,3.3,3.1,3.7,3.2,3.4,3.6,3.9,3.9,3.6,3.4
SYN-03197,4.1,5.0,4.4,4.7,4.5,4.3,4.3,4.0,4.8,4.4,4.9,4.3,4.4
SYN-03198,3.2,3.4,3.2,3.7,3.6,4.0,3.1,3.9,3.2,3.6,3.2,3.6,2.8
SYN-03199,3.9,4.1,4.6,3.4,4.1,3.9,3.5,3.7,3.9,4.2,4.1,3.7,3.5
SYN-03200,4.5,4.3,4.8,4.2,4.7,4.5,4.6,4.5,4.5,3.7,4.3,4.2,4.7
SYN-03201,4.0,4.2,4.5,4.4,4.3,4.6,4.3,4.1,3.9,4.4,4.0,4.2,4.6
SYN-03202,4.3,4.2,4.3,4.3,4.1,4.9,4.2,4.6,4.0,4.5,4.4,4.4,4.4
SYN-03203,4.4,4.2,4.2,4.5,3.9,3.9,4.3,3.7,3.8,4.8,4.7,4.1,4.6
SYN-03204,5.0,4.8,4.6,4.8,4.9,4.8,4.2,5.0,5.0,4.1,4.8,5.0,4.9
SYN-03205,4.2,3.4,4.1,3.9,4.1,3.6,3.5,3.8,3.8,3.8,3.7,3.8,3.7
SYN-03206,3.9,3.5,4.1,4.0,3.6,4.4,3.7,4.3,4.1,4.3,4.0,4.1,4.3
SYN-03207,4.5,4.3,4.1,3.5,3.2,3.9,3.7,3.7,3.9,4.1,3.7,4.2,3.9
SYN-03208,4.5,5.0,4.5,4.5,4.6,5.0,4.5,4.6,4.5,4.5,4.3,4.3,5.0
SYN-03209,4.3,4.1,4.6,4.8,4.9,4.2,4.8,5.0,4.3,4.5,4.1,5.0,4.1
SYN-03210,4.2,4.6,4.2,4.1,4.3,5.0,4.3,4.3,4.0,4.5,4.6,4.2,4.5
SYN-03211,4.4,4.0,4.8,5.0,4.3,4.7,5.0,4.6,4.2,4.6,5.0,4.5,4.7
SYN-03212,3.5,3.8,3.9,3.8,3.7,3.9,4.0,4.0,3.7,3.6,4.4,3.8,3.7
SYN-03213,4.3,4.5,4.6,4.9,4.7,4.8,4.4,5.0,4.6,4.9,4.6,4.7,4.5
SYN-03214,4.8,4.4,4.8,4.7,4.9,5.0,4.6,4.8,4.6,5.0,4.6,4.7,4.6
SYN-03215,4.2,5.0,4.6,4.5,4.3,4.8,4.3,4.5,5.0,4.2,4.6,4.5,4.6
SYN-03216,4.7,4.6,4.9,4.7,4.1,4.6,4.7,4.5,4.9,4.6,4.8,5.0,5.0
SYN-03217,3.8,4.2,3.6,3.6,3.3,4.0,4.2,3.9,4.0,2.8,4.3,3.6,4.3
SYN-03218,4.5,4.2,3.9,4.1,3.4,4.3,3.2,3.9,4.5,4.2,3.6,3.6,3.8
SYN-03219,4.0,4.2,4.1,3.6,4.1,4.2,4.1,4.7,4.2,4.2,4.5,4.2,3.8
SYN-03220,4.8,4.3,4.2,4.2,4.8,4.6,4.8,4.6,4.5,4.5,4.6,4.3,4.1
SYN-03221,3.7,4.0,3.6,4.5,4.0,3.9,3.7,4.1,3.5,3.9,3.7,3.9,4.0
SYN-03222,4.1,4.0,4.2,4.7,4.6,4.3,5.0,4.9,4.8,4.2,4.8,4.6,4.2
SYN-03223,4.6,4.4,4.5,4.3,5.0,4.7,4.4,4.8,4.7,5.0,4.7,4.2,4.5
SYN-03224,4.1,4.6,4.8,4.0,4.4,4.8,4.0,4.3,4.4,4.8,4.6,4.7,4.6
SYN-03225,4.2,4.8,4.1,3.5,3.8,4.3,4.2,4.1,4.3,4.7,4.4,4.5,4.0
SYN-03226,3.7,4.1,3.9,4.0,4.0,3.9,4.3,3.7,3.6,3.3,4.1,3.7,4.2
SYN-03227,4.0,3.8,3.6,4.2,3.9,4.0,4.1,4.0,3.6,4.1,4.1,4.0,4.1
SYN-03228,4.9,4.5,4.5,5.0,5.0,4.6,4.8,4.4,4.5,4.3,4.7,4.7,5.0
SYN-03229,4.4,4.8,4.7,5.0,5.0,4.9,4.7,4.2,4.6,5.0,4.6,4.2,4.6
SYN-03230,3.9,3.9,4.3,4.4,3.9,4.0,3.8,4.1,3.6,4.1,4.2,3.7,3.9
SYN-03231,4.0,4.0,4.0,4.1,3.6,4.3,4.0,3.9,3.5,4.0,4.2,4.1,4.1
SYN-03232,3.4,3.5,3.2,3.5,3.3,3.2,3.7,3.0,3.6,3.7,3.3,3.8,3.3
SYN-03233,3.6,3.5,3.8,3.5,3.6,3.8,3.8,4.2,4.1,4.0,3.8,3.7,3.8
SYN-03234,4.7,4.7,4.8,4.6,4.6,5.0,4.5,4.6,5.0,4.8,5.0,4.5,4.9
SYN-03235,4.0,3.5,4.3,3.6,3.9,3.5,4.2,3.8,4.4,4.1,4.0,3.5,3.8
SYN-03236,4.2,4.3,4.3,4.0,4.2,4.2,4.0,4.5,4.3,4.5,4.4,3.8,4.0
SYN-03237,5.0,4.8,4.1,4.7,4.3,3.9,5.0,4.6,4.6,4.2,4.2,4.1,5.0
SYN-03238,3.3,4.2,3.5,3.4,3.7,3.6,3.8,3.5,3.7,3.5,4.0,3.9,3.8
SYN-03239,4.6,4.3,4.3,4.2,4.0,4.1,4.3,4.6,4.4,4.4,3.9,4.4,4.1
SYN-03240,4.6,4.7,4.2,4.6,4.6,4.8,4.4,4.5,4.6,4.4,4.4,4.4,4.5
SYN-03241,4.7,4.2,4.4,4.2,4.1,4.2,4.4,4.2,4.2,4.1,3.9,4.5,4.1
SYN-03242,5.0,5.0,5.0,4.9,4.8,5.0,4.8,5.0,5.0,5.0,4.7,5.0,4.8
SYN-03243,2.9,3.9,3.6,3.9,3.6,3.6,4.1,3.7,3.5,3.6,3.7,2.8,3.8
SYN-03244,5.0,4.6,4.4,4.7,5.0,4.7,4.6,4.5,4.2,4.6,4.6,4.0,4.4
SYN-03245,4.5,4.1,3.4,4.6,3.9,4.0,4.5,3.9,3.5,4.2,4.4,4.0,4.1
SYN-03246,4.1,4.2,4.4,4.7,4.5,4.8,5.0,4.7,4.0,4.4,4.7,4.4,4.0
SYN-03247,4.2,3.7,4.3,4.1,4.2,4.7,4.0,4.1,4.0,4.7,4.7,4.5,4.4
SYN-03248,3.6,4.0,3.6,4.0,3.8,3.8,4.0,4.1,4.5,4.1,4.6,4.0,4.5
SYN-03249,4.4,4.4,4.2,4.4,4.4,3.9,4.5,3.8,4.5,4.5,4.7,4.0,4.0
SYN-03250,3.9,3.2,3.2,3.6,3.5,3.6,3.7,3.7,3.5,3.6,3.5,3.6,3.1
SYN-03251,4.6,4.7,4.6,4.6,4.1,4.0,4.7,4.4,4.5,4.5,4.5,4.6,4.4
SYN-03252,3.7,4.5,4.5,3.9,4.0,4.6,4.6,3.5,4.4,4.2,4.3,4.3,4.1
SYN-03253,4.6,4.2,4.6,4.7,4.2,4.2,4.5,4.9,4.2,4.3,4.5,4.6,4.6
SYN-03254,4.6,4.5,4.7,3.6,5.0,4.5,4.6,5.0,4.3,5.0,4.8,4.7,4.8
SYN-03255,4.1,3.8,4.0,4.7,4.0,3.8,4.3,4.5,4.3,4.5,4.7,4.5,4.3
SYN-03256,4.1,4.5,4.3,4.0,4.6,4.3,4.4,4.1,4.6,3.8,4.8,3.7,3.8
SYN-03257,4.0,3.7,3.8,3.7,3.7,4.0,3.9,4.2,3.9,3.8,4.1,3.3,3.1
SYN-03258,3.5,3.8,4.1,3.1,3.9,3.8,4.0,3.4,4.7,4.0,3.6,4.0,4.4
SYN-03259,4.2,4.2,4.6,4.6,4.8,5.0,4.8,4.2,4.3,4.4,4.8,4.8,5.0
SYN-03260,4.9,4.5,4.6,4.3,4.9,4.5,5.0,4.9,5.0,4.8,4.8,4.6,4.6
SYN-03261,4.0,4.4,3.7,4.1,3.6,4.2,4.0,4.3,3.9,4.0,4.3,4.2,4.6
SYN-03262,4.1,4.0,4.6,4.1,4.1,4.3,4.2,4.1,4.0,4.6,4.2,4.0,4.1
SYN-03263,4.0,4.3,3.8,3.6,4.5,3.9,3.9,3.9,3.5,3.9,4.1,4.2,3.8
SYN-03264,4.7,5.0,4.6,4.8,4.7,4.4,4.3,4.9,3.8,4.4,4.2,4.9,5.0
SYN-03265,4.2,5.0,4.8,4.5,4.9,4.2,4.3,4.6,4.2,4.0,4.2,4.4,4.6
SYN-03266,4.8,4.4,5.0,5.0,4.7,5.0,5.0,4.6,4.7,4.8,4.8,4.1,4.7
SYN-03267,3.7,4.5,4.0,3.7,3.8,4.0,3.8,3.7,3.7,4.0,3.5,3.6,3.6
SYN-03268,3.7,3.8,4.3,4.4,4.1,4.1,3.9,3.4,4.1,4.2,3.9,3.7,3.7
SYN-03269,4.3,4.3,4.6,4.0,4.2,4.3,4.1,4.5,4.7,3.9,4.1,4.7,4.4
SYN-03270,4.5,4.5,4.6,4.5,4.5,4.4,4.8,4.3,4.4,4.9,4.5,4.4,4.6
SYN-03271,4.2,3.9,4.2,3.9,4.7,4.2,3.8,4.0,4.4,3.8,4.9,3.7,4.4
SYN-03272,3.7,3.7,4.1,3.8,4.4,3.5,4.1,3.8,4.0,4.0,3.4,4.0,4.2
SYN-03273,4.6,4.4,4.1,4.7,5.0,4.7,4.9,4.8,4.4,4.5,4.8,4.0,4.7
SYN-03274,4.8,4.4,4.7,4.3,4.5,4.4,4.6,4.4,3.9,4.2,5.0,4.6,3.8
SYN-03275,4.2,3.5,4.1,4.3,3.9,3.6,3.7,4.1,3.5,3.7,4.0,3.7,4.3
SYN-03276,4.4,3.7,4.4,4.8,4.9,4.6,4.6,4.7,5.0,4.8,4.5,5.0,4.7
SYN-03277,4.0,4.2,4.8,4.1,4.8,4.4,5.0,4.7,4.1,4.9,5.0,4.2,4.4
SYN-03278,4.4,4.5,5.0,4.5,5.0,4.3,4.4,4.1,4.1,4.3,4.1,3.5,4.0
SYN-03279,4.6,4.2,4.3,4.0,4.3,4.7,4.6,4.3,4.0,4.8,4.5,3.8,3.7
SYN-03280,4.0,4.2,4.7,4.7,4.5,4.4,5.0,4.4,4.4,4.2,5.0,4.6,4.1
SYN-03281,3.6,3.4,3.9,3.4,3.5,4.2,4.2,4.3,3.5,3.6,3.7,4.4,3.9
SYN-03282,4.8,4.4,4.2,4.4,3.7,3.6,4.3,4.2,4.8,3.8,4.3,4.4,4.3
SYN-03283,3.8,3.3,3.7,3.6,3.8,3.3,3.1,3.3,3.1,3.3,3.3,3.2,3.4
SYN-03284,4.2,4.5,4.4,4.5,4.6,4.4,4.3,4.3,4.8,4.9,4.4,4.5,4.0
SYN-03285,3.6,3.2,3.5,4.0,3.2,3.4,3.4,3.2,3.9,3.7,4.2,3.4,3.1
SYN-03286,5.0,4.6,4.6,5.0,4.8,5.0,4.5,4.5,4.6,4.9,4.7,4.9,3.9
SYN-03287,3.5,3.4,4.0,3.7,4.6,4.1,4.1,3.8,3.7,4.5,4.6,4.2,3.5
SYN-03288,4.0,4.2,4.1,3.5,4.7,3.9,3.7,4.1,4.5,4.3,3.7,3.7,3.5
SYN-03289,3.9,3.8,4.1,3.8,4.3,4.2,3.8,4.1,4.4,3.7,3.9,3.9,3.9
SYN-03290,4.3,4.4,4.2,4.2,3.9,4.2,3.7,4.8,4.5,4.4,4.2,4.2,3.6
SYN-03291,4.3,4.4,4.7,4.6,4.9,4.4,5.0,4.5,4.6,5.0,4.8,4.3,5.0
SYN-03292,3.4,2.7,3.1,3.2,3.0,3.7,3.2,3.5,3.4,3.5,3.8,3.5,3.9
SYN-03293,4.9,4.7,4.7,3.9,4.5,4.6,4.8,4.6,4.7,4.2,4.2,4.3,5.0
SYN-03294,3.9,4.1,4.3,3.8,4.1,4.5,4.2,4.8,3.8,4.2,4.2,4.3,4.0
SYN-03295,3.6,4.0,3.7,3.5,4.4,3.8,4.0,4.0,3.8,3.5,3.8,3.6,3.9
SYN-03296,3.8,4.1,3.5,4.0,4.0,3.8,4.0,3.9,4.0,4.0,3.8,3.6,3.6
SYN-03297,4.7,5.0,5.0,5.0,5.0,4.7,5.0,4.8,4.6,4.9,4.9,4.6,4.7
SYN-03298,3.7,3.9,4.1,3.8,4.0,3.5,4.1,3.7,3.7,4.0,4.0,3.8,3.6
SYN-03299,3.7,3.8,3.9,3.5,3.6,3.9,3.8,3.8,3.0,3.7,4.1,3.6,3.9
SYN-03300,4.2,4.1,4.7,4.6,4.5,4.9,4.5,4.4,4.4,4.3,4.7,4.5,4.9
SYN-03301,3.4,4.6,4.4,4.3,3.9,3.8,4.5,4.4,4.4,4.3,4.6,4.1,4.2
SYN-03302,3.8,3.8,4.3,3.5,3.3,3.4,4.1,3.8,3.4,3.9,3.8,4.0,4.1
SYN-03303,5.0,3.9,3.7,4.5,4.6,3.9,3.9,4.4,4.8,4.0,4.3,3.7,4.2
SYN-03304,3.8,4.3,3.6,4.0,3.6,3.9,4.5,4.4,4.4,4.0,3.8,3.9,4.0
SYN-03305,4.7,4.4,4.4,4.4,4.9,4.9,5.0,4.7,4.3,4.4,4.5,5.0,4.8
SYN-03306,4.2,4.6,4.1,4.7,4.4,4.4,4.0,4.8,4.9,4.4,4.5,4.4,4.5
SYN-03307,4.1,4.1,4.8,3.6,4.5,4.5,4.9,4.3,4.3,4.1,4.5,4.2,4.0
SYN-03308,4.1,4.0,4.0,4.4,4.3,4.5,4.4,4.0,3.7,4.0,4.6,4.5,4.6
SYN-03309,5.0,5.0,4.9,5.0,4.9,5.0,4.6,4.6,4.8,4.8,4.7,5.0,4.8
SYN-03310,4.0,4.1,4.6,4.3,3.7,4.7,4.3,4.4,4.5,4.5,3.9,3.9,4.9
SYN-03311,3.6,3.9,4.3,3.7,3.7,4.1,3.9,3.9,3.8,3.6,3.7,4.1,3.7
SYN-03312,4.5,4.1,5.0,4.5,4.5,4.6,4.2,4.7,3.9,4.2,4.1,3.8,4.2
SYN-03313,4.9,4.6,4.6,4.9,4.9,4.9,4.6,4.8,4.7,5.0,4.8,4.9,4.5
SYN-03314,3.4,4.0,4.1,3.7,3.9,3.7,4.2,3.8,3.7,4.1,3.6,3.9,3.5
SYN-03315,4.3,4.3,3.7,3.6,4.2,4.7,4.3,4.0,3.8,3.7,4.3,4.4,3.9
SYN-03316,4.3,4.4,4.9,4.4,4.1,4.0,4.1,4.7,4.5,4.2,3.5,4.1,4.4
SYN-03317,4.3,4.3,3.8,4.2,3.9,4.2,4.0,4.5,4.3,4.1,4.6,4.1,3.8
SYN-03318,4.2,3.9,3.8,3.7,4.0,4.1,3.6,4.0,3.9,3.6,3.9,3.7,4.2
SYN-03319,4.4,5.0,4.6,4.1,3.9,4.5,5.0,5.0,4.6,4.4,4.5,4.7,4.9
SYN-03320,5.0,5.0,5.0,5.0,4.3,4.7,4.7,4.6,5.0,4.6,4.7,5.0,4.5
SYN-03321,4.1,4.5,3.9,4.5,4.0,4.4,3.9,4.4,4.2,4.4,4.1,4.4,4.5
SYN-03322,3.9,3.7,3.8,3.5,3.9,4.1,4.4,4.3,3.6,3.9,3.8,4.2,3.7
SYN-03323,3.9,3.4,3.6,3.4,3.1,3.4,3.6,4.1,3.3,3.5,3.2,4.0,3.5
SYN-03324,4.2,4.2,3.7,3.9,4.0,4.5,3.5,4.5,4.4,3.7,4.2,4.6,4.0
SYN-03325,4.4,5.0,4.7,4.5,4.4,4.7,4.8,3.9,3.9,4.3,4.5,4.6,4.1
SYN-03326,4.3,4.3,4.1,4.2,4.1,4.5,4.4,4.0,4.7,4.0,3.9,4.3,4.3
SYN-03327,4.2,3.8,4.5,4.7,4.2,4.3,3.6,4.1,4.0,3.9,4.0,4.0,3.8
SYN-03328,3.8,3.7,4.2,4.1,4.1,4.3,3.7,4.1,4.3,3.7,3.4,3.8,4.3
SYN-03329,3.5,3.7,3.6,3.8,3.5,3.4,3.7,3.7,4.2,3.8,3.5,3.6,4.0
SYN-03330,4.4,4.2,4.5,4.3,4.6,4.6,4.1,5.0,4.5,3.7,4.6,3.7,4.8
SYN-03331,4.5,4.5,4.5,4.7,4.4,4.5,4.5,3.6,4.7,4.7,4.6,4.6,5.0
SYN-03332,3.6,3.6,3.4,3.1,3.8,3.5,3.1,3.6,3.6,3.6,3.7,3.2,3.9
SYN-03333,4.9,5.0,4.6,4.9,4.2,4.5,4.3,4.8,4.4,4.6,4.7,4.6,4.3
SYN-03334,4.9,4.4,4.9,4.1,4.3,4.4,4.8,4.9,4.2,4.2,4.4,4.7,4.4
SYN-03335,4.8,5.0,5.0,5.0,4.9,5.0,4.3,5.0,5.0,4.6,5.0,4.6,4.8
SYN-03336,3.9,4.0,3.6,4.0,3.6,3.9,3.7,3.2,3.5,4.0,3.6,4.1,3.4
SYN-03337,3.9,3.7,3.6,3.4,3.8,3.4,3.5,3.7,3.6,4.0,2.9,3.7,3.6
SYN-03338,4.1,4.0,4.5,4.1,4.2,4.4,4.2,3.8,4.0,4.1,3.7,3.9,4.1
SYN-03339,5.0,4.5,4.4,4.9,4.6,4.6,4.3,4.0,4.5,4.9,4.8,4.6,4.2
SYN-03340,4.4,4.6,4.9,4.7,5.0,4.4,4.8,4.6,5.0,5.0,4.6,5.0,4.3
SYN-03341,3.9,4.2,3.9,4.4,4.4,4.3,4.6,4.2,4.1,4.2,4.1,4.3,4.6
SYN-03342,3.6,4.0,4.4,4.4,3.9,4.8,3.8,4.0,3.8,4.2,5.0,4.7,4.4
SYN-03343,3.7,3.8,4.2,4.1,3.9,3.9,4.2,4.2,3.4,3.9,4.0,3.7,4.2
SYN-03344,4.5,5.0,4.5,4.7,4.7,5.0,4.9,4.5,4.5,4.5,4.6,4.3,4.6
SYN-03345,4.3,4.3,3.4,3.3,3.7,3.3,3.5,4.0,3.9,3.3,4.2,3.7,3.7
SYN-03346,5.0,4.9,4.8,4.6,4.9,4.6,4.7,4.4,5.0,5.0,4.8,4.6,5.0
SYN-03347,4.3,4.0,4.4,4.0,3.7,4.1,4.4,4.1,3.7,4.0,4.5,4.2,4.1
SYN-03348,4.7,5.0,5.0,4.3,5.0,4.9,5.0,4.7,5.0,4.9,4.4,5.0,5.0
SYN-03349,4.2,4.5,5.0,4.3,4.7,4.1,4.3,4.7,4.5,4.4,4.9,4.2,4.4
SYN-03350,4.3,3.9,4.3,4.5,4.1,3.9,4.1,3.3,4.5,4.2,4.1,3.7,4.5
SYN-03351,3.9,4.2,4.0,3.5,4.4,4.3,4.2,4.1,3.7,4.3,4.7,4.1,4.1
SYN-03352,3.8,3.5,4.0,4.5,4.5,4.1,4.2,3.7,4.1,3.9,4.1,4.0,4.0
SYN-03353,4.6,4.9,4.3,4.8,4.0,4.3,4.0,4.3,4.6,4.7,4.1,4.5,4.7
SYN-03354,4.6,4.3,4.1,4.0,4.0,4.2,4.0,4.4,4.3,4.3,3.7,4.2,4.1
SYN-03355,4.6,3.6,3.9,4.1,3.7,4.6,4.6,3.7,3.8,4.6,4.4,3.9,4.1
SYN-03356,3.7,4.8,4.2,4.3,3.9,3.8,4.3,4.7,4.0,3.8,4.2,4.6,4.0
SYN-03357,4.2,4.5,4.5,4.1,4.6,4.4,4.2,4.5,4.5,3.9,4.7,4.3,4.6
SYN-03358,3.5,3.5,3.6,3.6,3.9,3.6,3.4,3.8,3.6,4.3,3.5,3.8,3.7
SYN-03359,3.7,4.1,4.2,3.9,4.2,3.9,4.0,4.4,4.9,4.0,4.0,4.2,4.3
SYN-03360,3.4,3.6,3.6,4.0,4.0,3.8,3.7,3.6,3.9,3.6,4.3,3.4,3.7
SYN-03361,4.1,3.7,4.0,4.3,4.0,3.4,3.5,3.7,3.9,4.2,3.6,3.7,3.7
SYN-03362,3.5,4.1,3.6,3.7,3.9,4.1,3.6,4.0,4.2,3.6,3.4,4.3,3.9
SYN-03363,3.6,3.8,3.3,3.9,3.0,3.9,3.4,3.1,3.0,3.4,3.8,3.2,3.2
SYN-03364,3.6,4.0,4.0,3.8,4.0,3.9,3.6,4.0,3.3,3.9,3.4,3.8,4.1
SYN-03365,4.0,3.9,4.0,4.2,4.6,4.1,3.8,3.9,3.7,3.6,3.2,3.8,3.5
SYN-03366,4.9,4.7,4.6,4.3,4.8,4.4,5.0,5.0,4.8,5.0,4.9,5.0,5.0
SYN-03367,3.9,3.9,4.0,3.6,4.6,4.1,4.0,4.6,3.7,4.5,4.3,4.4,4.0
SYN-03368,4.3,4.2,4.6,4.4,4.1,4.1,4.3,4.2,4.7,4.5,4.5,4.3,4.0
SYN-03369,4.5,3.7,4.4,4.1,4.1,4.2,4.3,4.3,4.6,4.3,4.3,3.9,4.0
SYN-03370,4.3,4.4,4.2,4.5,3.8,4.4,4.0,4.0,4.0,4.2,4.4,4.4,4.2
SYN-03371,4.4,4.7,4.1,4.2,4.0,4.1,4.5,4.6,4.1,4.3,4.4,4.0,3.8
SYN-03372,4.0,4.1,4.0,3.7,4.2,3.9,3.4,3.3,3.7,3.8,3.7,4.4,3.9
SYN-03373,4.4,4.0,4.8,5.0,5.0,4.6,5.0,4.3,4.6,4.4,4.9,4.3,4.8
SYN-03374,4.5,5.0,4.7,4.9,4.3,4.4,4.6,5.0,5.0,5.0,4.4,5.0,4.7
SYN-03375,3.4,3.4,3.6,3.8,3.9,3.8,3.8,4.2,3.8,3.5,3.8,4.1,3.3
SYN-03376,3.7,4.3,3.8,4.1,4.2,3.5,3.7,4.2,3.8,3.2,3.7,4.1,4.2
SYN-03377,4.1,4.2,4.0,4.4,4.5,4.3,4.1,4.2,4.4,4.1,4.3,4.2,4.5
SYN-03378,4.1,3.7,4.3,4.0,3.8,3.5,3.9,4.4,3.0,3.1,4.1,3.9,4.1
SYN-03379,4.2,3.7,4.1,4.8,4.2,4.2,3.6,3.8,4.7,4.3,4.7,4.2,3.9
SYN-03380,3.9,3.8,3.7,3.7,3.9,3.8,3.7,4.5,4.1,4.0,3.9,4.1,4.1
SYN-03381,4.6,4.5,4.3,5.0,4.8,5.0,5.0,5.0,4.9,4.6,4.6,4.9,4.5
SYN-03382,4.4,4.3,4.5,4.5,4.7,4.9,4.5,4.2,4.0,4.7,4.4,4.6,4.7
SYN-03383,4.7,3.8,4.0,4.2,3.9,3.8,4.7,4.0,3.9,3.9,4.6,4.1,3.9
SYN-03384,4.3,4.5,4.8,4.8,4.3,4.4,5.0,4.9,4.5,3.9,4.4,4.2,4.3
SYN-03385,4.3,4.5,4.6,4.4,4.2,4.5,4.4,4.0,4.8,4.4,4.5,4.5,4.6
SYN-03386,4.0,3.6,4.1,3.9,4.3,4.2,4.4,3.7,4.4,4.0,4.2,4.2,4.1
SYN-03387,3.6,4.2,4.0,3.5,3.8,3.6,3.5,4.2,3.5,3.5,4.5,3.8,4.1
SYN-03388,4.6,4.5,4.3,4.2,4.4,4.2,4.4,4.1,4.2,4.8,4.1,4.2,4.4
SYN-03389,4.7,4.6,4.1,4.6,4.6,4.8,4.7,4.9,4.2,4.2,4.6,4.8,4.4
SYN-03390,4.0,3.8,4.4,4.2,4.1,4.5,4.2,4.2,4.5,4.9,4.1,4.0,4.0
SYN-03391,3.8,3.3,3.5,3.6,4.1,4.0,3.2,4.1,3.3,3.7,3.4,3.5,3.4
SYN-03392,4.4,3.9,4.0,3.6,3.5,3.8,4.1,3.9,4.2,4.0,3.9,4.1,3.9
SYN-03393,4.5,4.3,4.4,4.4,4.6,4.4,4.7,4.0,4.4,3.8,4.5,4.2,4.5
SYN-03394,4.7,4.4,4.0,3.8,4.3,4.1,4.4,4.0,3.9,4.1,4.3,4.2,3.9
SYN-03395,5.0,4.8,4.2,5.0,4.9,4.8,4.8,4.8,5.0,5.0,5.0,4.8,5.0
SYN-03396,4.0,4.0,3.8,4.0,3.8,3.6,3.8,4.3,3.8,4.1,4.1,3.9,4.2
SYN-03397,3.7,3.8,4.9,4.2,4.4,4.9,4.4,4.9,4.3,4.6,4.4,4.8,4.3
SYN-03398,4.4,4.6,4.6,4.5,4.5,5.0,5.0,4.8,4.5,4.5,4.1,4.8,4.5
SYN-03399,5.0,4.6,4.8,5.0,5.0,5.0,4.6,4.9,4.6,5.0,4.8,5.0,4.9
SYN-03400,4.1,4.0,3.8,4.1,3.8,4.3,4.1,3.7,4.8,4.6,4.8,4.0,3.8
SYN-03401,4.6,4.7,4.4,3.7,4.1,4.5,4.2,4.0,4.3,3.4,4.2,4.2,4.5
SYN-03402,4.6,4.5,4.7,4.3,4.0,4.4,4.1,4.0,4.6,4.0,4.6,4.0,4.3
SYN-03403,4.1,4.6,4.4,4.0,4.2,4.7,4.7,3.9,4.7,4.6,4.3,4.2,4.1
SYN-03404,3.8,4.3,4.1,4.3,4.3,4.9,4.5,4.3,3.5,4.3,4.6,4.0,4.8
SYN-03405,4.5,4.4,4.1,4.8,4.1,4.2,3.8,4.6,4.5,4.4,4.6,4.5,4.2
SYN-03406,3.1,2.8,3.3,2.9,3.4,3.3,3.2,3.6,3.0,2.8,3.2,3.1,3.4
SYN-03407,4.2,4.6,4.1,4.1,4.6,4.4,4.1,4.2,4.3,4.1,4.4,4.4,4.2
SYN-03408,4.4,3.9,4.6,4.2,4.0,4.4,4.3,4.5,3.6,4.4,4.1,4.3,4.2
SYN-03409,4.5,3.6,4.6,4.3,4.2,3.7,3.6,4.0,4.3,4.1,4.3,3.7,4.1
SYN-03410,5.0,5.0,4.5,4.8,4.8,4.7,5.0,5.0,4.6,5.0,5.0,5.0,5.0
SYN-03411,4.1,3.3,3.5,3.6,3.7,3.9,3.9,3.4,3.5,3.3,3.5,4.3,3.9
SYN-03412,3.8,3.5,3.8,4.2,4.2,4.0,4.0,3.5,3.8,4.2,3.9,4.5,4.4
SYN-03413,4.8,4.8,5.0,5.0,4.9,5.0,4.9,4.9,4.6,4.8,4.5,5.0,4.9
SYN-03414,4.1,3.5,4.3,4.3,3.4,3.8,3.8,3.5,3.8,4.1,3.8,3.4,4.1
SYN-03415,3.8,3.8,4.5,4.1,3.8,3.7,4.3,4.3,3.9,3.6,4.1,4.2,3.9
SYN-03416,3.8,4.2,4.3,4.0,4.2,4.3,4.5,4.0,3.8,4.1,4.7,3.6,3.5
SYN-03417,4.5,4.4,4.4,4.4,4.8,4.5,4.7,3.8,4.3,4.2,3.8,4.5,4.5
SYN-03418,4.1,4.2,4.3,4.6,4.5,4.4,5.0,4.1,3.9,4.6,4.8,4.1,4.7
SYN-03419,3.6,3.9,3.9,3.6,4.3,4.3,3.4,3.8,4.0,3.2,3.8,3.3,3.9
SYN-03420,4.0,3.9,3.5,3.8,4.2,4.0,4.4,4.4,4.3,3.9,4.1,3.7,3.6
SYN-03421,4.3,3.6,3.6,4.0,3.9,3.9,4.7,3.7,4.1,4.0,4.3,3.8,3.9
SYN-03422,4.2,3.7,3.6,4.2,4.6,4.1,4.1,4.5,4.1,4.4,5.0,4.0,4.1
SYN-03423,4.5,4.8,4.3,4.6,4.5,4.3,4.2,4.2,5.0,3.9,3.9,4.4,4.4
SYN-03424,4.5,4.1,4.0,4.3,4.6,4.0,4.4,4.2,3.9,4.0,4.6,4.2,4.7
SYN-03425,3.6,3.2,3.7,3.3,3.5,3.9,3.2,3.4,3.3,3.2,3.4,3.3,3.5
SYN-03426,4.8,4.3,4.1,4.8,4.3,5.0,4.4,4.5,3.9,4.2,3.9,4.7,4.5
SYN-03427,4.5,4.5,4.6,4.2,4.3,4.5,4.0,4.0,4.8,3.7,4.4,4.4,4.0
SYN-03428,4.5,4.6,4.7,4.8,4.7,4.7,4.9,4.9,5.0,5.0,4.7,4.9,4.8
SYN-03429,4.4,4.1,4.4,3.7,4.7,4.5,4.3,4.2,4.6,4.9,4.5,4.9,4.6
SYN-03430,4.3,4.7,4.7,4.3,4.5,4.5,4.6,4.5,4.7,4.7,5.0,4.8,4.4
SYN-03431,5.0,4.2,4.2,4.5,5.0,4.5,4.2,3.9,3.9,4.4,4.5,3.9,4.4
SYN-03432,4.3,4.4,4.9,4.4,5.0,4.5,5.0,5.0,4.4,5.0,4.7,4.5,4.6
SYN-03433,4.3,4.8,4.8,4.8,4.0,4.4,3.9,4.7,4.2,4.5,4.2,3.9,4.6
SYN-03434,4.5,4.2,3.5,4.4,3.9,4.3,4.0,4.0,4.3,3.9,4.1,4.3,4.8
SYN-03435,5.0,5.0,4.6,5.0,4.8,5.0,5.0,4.8,5.0,4.8,5.0,5.0,5.0
SYN-03436,4.7,5.0,4.6,4.5,4.6,4.9,5.0,4.5,4.2,4.9,4.1,4.6,4.6
SYN-03437,4.4,4.4,3.9,4.1,4.7,3.8,4.4,4.3,3.8,4.9,4.1,4.6,4.3
SYN-03438,3.5,3.7,3.6,3.7,3.5,3.4,4.1,3.8,3.7,3.5,4.2,3.7,3.2
SYN-03439,3.8,3.5,4.0,4.1,4.0,3.6,3.7,3.8,4.0,3.4,3.8,4.3,3.6
SYN-03440,4.3,5.0,4.2,3.8,4.3,4.8,4.6,4.0,4.4,4.2,4.5,4.1,4.5
SYN-03441,4.8,3.5,4.4,4.6,3.8,4.0,4.1,4.0,4.0,4.1,4.5,4.7,4.6
SYN-03442,4.3,4.5,4.6,4.0,4.4,4.1,3.9,4.0,4.3,4.4,4.2,3.9,3.8
SYN-03443,3.7,4.4,4.3,3.9,4.4,4.4,3.8,4.2,4.7,4.1,4.3,4.3,4.2
SYN-03444,5.0,5.0,5.0,4.7,4.9,5.0,4.7,4.5,4.8,4.6,4.5,4.8,4.7
SYN-03445,4.5,4.0,4.4,3.8,4.1,4.4,4.8,4.6,4.5,4.3,4.4,4.8,4.1
SYN-03446,3.6,4.1,3.7,4.4,4.0,4.1,3.3,4.1,3.5,4.0,3.7,3.9,3.5
SYN-03447,3.6,4.2,4.1,3.9,3.7,3.4,4.3,4.1,4.0,4.2,4.5,4.2,4.0
SYN-03448,4.6,3.7,3.5,3.9,3.8,4.2,3.8,3.9,3.7,4.2,4.0,3.8,3.9
SYN-03449,4.1,3.6,4.4,4.4,4.1,4.0,3.8,4.6,4.5,4.2,4.3,4.4,4.4
SYN-03450,3.8,4.0,4.2,4.1,4.3,4.2,4.1,3.3,4.4,4.3,4.7,3.9,3.5
SYN-03451,4.0,4.2,3.9,4.4,3.8,4.0,4.0,4.9,3.8,4.2,3.7,4.1,3.7
SYN-03452,4.1,4.0,3.8,3.3,3.7,3.7,4.0,3.5,4.1,4.1,3.3,3.7,3.7
SYN-03453,4.5,3.9,4.2,4.5,4.2,3.6,4.0,4.4,4.4,3.5,4.2,4.4,4.3
SYN-03454,4.2,4.6,4.0,4.1,3.7,3.8,3.9,4.3,3.8,4.4,3.7,4.2,4.2
SYN-03455,3.3,3.5,3.0,3.0,2.9,3.2,3.1,3.4,3.3,3.4,3.1,3.3,3.7
SYN-03456,4.5,4.4,5.0,4.7,4.5,5.0,4.6,5.0,5.0,4.9,4.7,5.0,4.4
SYN-03457,3.8,4.1,4.9,4.3,4.2,4.6,5.0,4.9,4.3,4.3,4.3,4.3,4.7
SYN-03458,4.0,3.7,3.7,4.8,4.3,3.8,4.4,3.7,4.0,4.0,4.1,3.8,4.1
SYN-03459,3.7,4.1,4.6,4.5,4.0,3.7,3.6,4.4,4.3,4.3,4.7,4.3,4.3
SYN-03460,3.4,4.3,3.7,3.5,3.9,4.4,4.4,3.5,4.1,3.9,4.1,3.9,4.0
SYN-03461,5.0,4.3,4.9,4.4,4.7,4.8,4.5,4.6,4.4,4.6,4.9,5.0,4.6
SYN-03462,5.0,5.0,5.0,4.3,5.0,5.0,4.3,5.0,4.7,5.0,5.0,4.9,5.0
SYN-03463,4.9,3.9,4.3,4.5,3.8,4.6,4.8,4.6,4.4,4.7,4.4,3.9,4.1
SYN-03464,4.5,4.5,4.5,4.5,4.6,5.0,4.6,4.7,3.9,4.6,4.9,4.9,4.9
SYN-03465,4.4,4.4,4.1,4.5,4.1,4.5,4.3,4.3,4.6,4.4,4.3,4.1,4.7
SYN-03466,3.8,4.0,3.8,3.5,3.8,3.6,3.9,2.8,3.6,3.7,3.4,3.8,3.6
SYN-03467,4.1,3.9,4.3,4.2,4.1,4.1,4.8,4.0,3.8,3.7,4.3,4.5,3.8
SYN-03468,4.2,4.1,4.2,3.7,4.5,4.6,3.7,4.8,4.7,3.3,3.6,4.2,4.6
SYN-03469,4.1,4.0,4.2,3.8,4.4,4.0,3.6,3.8,4.2,4.0,3.9,4.1,4.1
SYN-03470,3.8,4.5,4.1,4.2,4.2,4.0,4.4,4.1,4.1,3.4,4.4,4.1,4.3
SYN-03471,4.7,4.4,4.2,4.1,4.9,4.3,4.2,4.1,3.9,3.6,4.6,3.9,4.1
SYN-03472,4.1,4.6,3.9,4.2,4.3,3.8,3.7,4.0,4.2,4.2,4.1,4.4,3.9
SYN-03473,4.2,4.2,4.0,4.9,3.6,4.6,4.5,4.5,4.2,4.6,4.1,4.3,4.2
SYN-03474,3.8,3.9,3.5,3.6,4.3,4.7,4.0,4.1,3.9,4.0,4.0,4.1,4.3
SYN-03475,3.7,4.8,4.0,4.0,3.8,3.8,4.1,4.1,4.1,3.8,3.1,3.4,4.0
SYN-03476,3.9,3.6,3.5,3.8,3.7,3.6,3.3,3.5,4.0,3.5,3.9,4.2,3.5
SYN-03477,4.4,4.8,4.9,4.3,4.1,4.9,4.7,4.7,4.8,4.2,4.7,4.5,4.7
SYN-03478,3.7,3.8,3.6,3.5,3.5,3.6,3.3,3.4,3.6,3.7,3.3,3.1,3.0
SYN-03479,4.2,4.4,4.5,4.5,4.2,4.1,4.6,4.6,4.8,4.8,4.7,4.6,4.9
SYN-03480,5.0,4.5,4.9,4.5,4.8,5.0,4.6,4.4,4.5,4.4,4.4,5.0,4.8
SYN-03481,3.9,3.8,3.8,3.9,4.4,4.1,4.7,4.1,3.9,4.4,3.6,4.2,3.7
SYN-03482,2.6,3.3,3.5,3.4,3.3,2.5,3.2,3.2,3.5,3.0,3.5,3.1,3.2
SYN-03483,4.2,3.7,4.3,3.7,4.3,4.0,4.0,3.2,3.9,4.0,4.5,4.1,3.9
SYN-03484,4.4,4.0,4.5,4.3,3.9,4.5,4.4,4.4,4.1,4.4,4.8,4.2,4.1
SYN-03485,4.3,4.0,3.7,4.4,3.5,4.0,4.2,4.2,3.6,3.5,3.9,4.1,3.5
SYN-03486,4.1,3.6,4.3,3.8,4.0,4.3,4.3,4.2,4.3,4.1,4.5,3.5,4.0
SYN-03487,4.7,4.7,4.9,4.8,5.0,4.4,5.0,4.6,4.8,4.7,4.8,4.6,4.8
SYN-03488,4.6,3.7,4.3,4.3,5.0,4.7,4.9,4.6,4.5,4.5,4.8,5.0,4.5
SYN-03489,3.7,4.2,3.6,4.0,4.1,3.8,3.6,3.7,3.8,3.6,3.8,3.4,4.1
SYN-03490,3.7,3.7,3.5,3.6,3.4,3.8,3.2,3.7,3.5,4.2,3.8,3.6,3.3
SYN-03491,3.7,4.2,4.6,4.2,4.1,4.1,4.1,4.1,3.9,3.8,4.1,4.5,4.3
SYN-03492,3.8,4.0,4.3,4.6,4.7,4.1,4.4,4.2,4.1,4.1,4.1,4.5,3.7
SYN-03493,4.5,4.8,4.8,4.5,4.1,4.6,4.8,4.2,4.5,4.3,4.2,4.3,4.4
SYN-03494,3.7,3.7,3.7,4.1,3.6,3.3,4.4,3.7,4.0,4.3,3.6,3.6,3.8
SYN-03495,4.7,4.4,4.4,4.3,4.5,4.8,5.0,4.3,4.8,4.7,4.5,3.7,4.3
SYN-03496,4.8,5.0,4.8,4.7,5.0,5.0,4.3,4.8,5.0,5.0,4.8,4.8,4.9
SYN-03497,4.7,4.0,3.9,4.9,4.2,5.0,4.2,4.4,4.6,3.8,5.0,4.4,4.2
SYN-03498,3.8,4.3,4.3,3.8,3.8,4.5,4.0,3.7,4.1,4.1,4.8,4.0,4.1
SYN-03499,4.2,4.0,4.3,3.8,4.1,4.3,4.5,4.0,4.0,4.6,4.0,4.1,4.6
SYN-03500,4.1,4.0,4.0,3.9,4.2,3.8,4.3,4.1,4.1,4.6,3.6,4.1,4.3
SYN-03501,4.4,4.9,4.4,4.7,4.6,4.7,4.6,4.6,4.5,4.4,4.7,4.6,4.4
SYN-03502,4.1,3.8,4.4,4.7,4.4,4.4,4.2,3.9,3.4,3.7,3.8,4.3,4.1
SYN-03503,4.0,3.7,4.9,4.4,4.5,4.1,4.2,4.1,4.2,4.8,3.9,4.2,4.3
SYN-03504,4.2,4.5,3.7,4.8,3.8,3.9,4.1,4.0,4.3,4.3,4.3,3.8,4.2
SYN-03505,4.0,4.4,4.1,4.1,4.6,3.7,3.9,3.7,4.5,4.5,4.5,4.2,4.1
SYN-03506,3.6,4.0,3.3,3.3,3.6,4.3,3.6,3.6,3.8,4.0,4.1,3.4,3.7
SYN-03507,4.4,4.4,4.6,4.6,4.3,4.7,4.6,4.6,4.2,4.5,4.7,4.2,4.4
SYN-03508,4.6,4.3,4.2,4.6,4.0,3.7,3.9,4.5,4.3,4.2,4.5,4.2,4.1
SYN-03509,4.6,4.3,4.5,4.1,4.1,4.1,4.4,4.2,4.2,4.3,4.4,3.9,3.6
SYN-03510,4.1,4.1,3.6,4.1,4.1,3.9,4.6,4.4,3.9,3.9,3.6,4.4,4.1
SYN-03511,4.9,4.0,4.9,4.5,4.8,4.8,4.6,4.4,4.7,4.4,4.9,4.4,4.6
SYN-03512,3.7,3.9,3.6,3.7,4.6,4.1,4.0,4.0,4.0,3.9,4.1,3.6,4.4
SYN-03513,4.8,5.0,5.0,4.9,4.6,5.0,5.0,4.2,4.8,4.9,4.7,4.4,4.5
SYN-03514,3.0,3.9,4.0,4.0,3.6,3.7,3.9,3.5,3.3,3.4,3.6,3.4,3.7
SYN-03515,3.9,4.3,4.5,4.4,4.1,4.6,4.4,3.7,4.5,4.2,4.2,4.1,4.1
SYN-03516,4.4,4.5,4.4,4.7,4.5,3.8,4.1,4.7,4.0,3.5,4.9,4.5,4.2
SYN-03517,3.7,4.1,4.1,4.0,3.9,3.5,3.9,4.2,3.8,4.1,3.8,4.2,3.6
SYN-03518,4.4,4.5,4.1,4.5,4.3,4.3,4.1,4.6,4.1,4.4,4.1,4.3,4.5
SYN-03519,4.6,3.7,4.2,4.0,4.7,4.6,4.5,4.5,4.7,4.2,4.9,4.7,4.4
SYN-03520,3.3,3.4,3.0,3.6,3.7,3.5,3.7,4.2,2.9,3.4,3.0,3.9,3.5
SYN-03521,4.2,4.3,4.8,4.5,4.5,4.8,4.7,4.7,4.3,3.7,4.4,4.2,4.6
SYN-03522,2.8,3.6,3.4,3.4,3.5,3.3,3.2,3.7,3.5,3.5,3.3,3.4,3.3
SYN-03523,3.3,3.4,3.8,3.3,3.8,3.6,3.8,3.9,3.3,4.0,3.7,3.2,3.7
SYN-03524,4.9,4.6,4.6,4.8,4.6,4.7,4.4,4.6,5.0,4.8,4.9,4.6,4.7
SYN-03525,3.9,4.3,4.4,3.9,4.0,3.9,4.2,4.1,4.0,4.3,4.2,3.8,4.0
SYN-03526,3.7,3.5,3.7,4.1,4.1,4.1,4.0,3.9,3.6,4.0,3.3,3.6,4.1
SYN-03527,4.0,4.3,4.0,4.3,3.7,4.5,3.8,3.7,4.5,4.1,4.0,4.6,4.4
SYN-03528,4.8,4.9,5.0,4.6,5.0,4.8,4.7,5.0,5.0,4.4,4.9,4.6,5.0
SYN-03529,4.1,3.7,3.3,3.8,3.5,3.5,3.4,3.6,3.5,2.8,3.6,3.5,3.7
SYN-03530,3.2,4.0,3.8,4.0,3.3,3.5,3.3,3.9,3.7,3.8,3.4,3.5,3.1
SYN-03531,4.3,4.5,4.5,4.7,5.0,4.5,4.9,5.0,5.0,4.9,4.7,4.4,4.8
SYN-03532,4.7,5.0,4.9,4.8,5.0,4.7,4.8,5.0,4.9,5.0,5.0,4.7,5.0
SYN-03533,4.1,4.8,4.6,4.4,4.5,4.0,4.7,3.9,4.3,3.9,4.4,4.7,4.3
SYN-03534,3.9,3.7,3.8,3.7,4.3,4.0,3.7,3.8,4.6,3.8,4.2,3.6,3.9
SYN-03535,4.7,4.8,5.0,4.7,4.6,5.0,4.8,4.8,4.4,4.6,5.0,4.9,5.0
SYN-03536,4.5,4.7,4.8,4.7,4.9,4.4,4.9,5.0,4.5,4.9,4.9,4.9,4.8
SYN-03537,4.9,5.0,4.6,4.5,4.4,4.0,4.0,4.1,4.5,4.4,4.9,3.7,4.4
SYN-03538,4.0,4.2,4.0,4.0,4.0,4.0,3.9,4.6,4.1,4.0,3.7,3.8,4.4
SYN-03539,3.4,4.2,4.2,4.3,4.3,4.6,4.2,4.2,4.5,4.6,4.4,4.5,4.1
SYN-03540,4.2,4.6,4.3,4.1,4.2,4.5,4.5,3.9,4.3,4.1,4.1,4.5,4.1
SYN-03541,4.1,4.1,4.3,4.1,4.1,4.0,4.1,4.1,4.4,3.7,4.1,4.3,4.7
SYN-03542,4.6,4.7,4.7,4.2,4.9,4.9,5.0,5.0,4.3,4.3,4.9,4.6,4.4
SYN-03543,4.4,4.3,5.0,5.0,4.0,4.1,4.3,4.3,4.3,4.4,4.4,4.1,4.2
SYN-03544,4.3,3.7,3.7,3.4,3.7,4.1,4.0,4.1,3.5,3.5,4.2,4.1,3.7
SYN-03545,4.9,4.3,4.3,4.2,4.8,4.7,4.5,4.4,5.0,4.6,5.0,4.6,4.5
SYN-03546,4.7,4.5,4.3,4.6,5.0,4.1,4.5,4.2,4.0,4.0,4.8,3.8,4.5
SYN-03547,4.2,5.0,4.4,4.3,4.9,4.7,4.6,4.7,4.1,4.7,4.4,4.5,4.6
SYN-03548,4.4,4.9,4.7,4.3,4.7,4.7,4.9,4.0,4.8,4.6,5.0,4.7,4.6
SYN-03549,3.8,3.9,4.1,3.5,3.7,4.3,3.7,3.9,3.4,3.3,3.5,3.6,4.1
SYN-03550,4.5,3.6,4.0,4.4,4.2,4.6,4.4,4.1,4.1,4.2,3.9,4.5,4.4
SYN-03551,4.2,4.1,3.7,4.2,4.1,4.6,3.6,3.8,3.5,3.9,3.5,4.4,4.3
SYN-03552,3.6,3.3,3.2,3.4,3.8,3.4,4.2,4.1,3.7,3.5,3.5,4.1,3.5
SYN-03553,4.6,4.3,4.5,4.1,4.2,4.3,4.1,4.7,4.1,4.1,4.7,4.7,4.8
SYN-03554,4.4,5.0,5.0,4.8,5.0,4.9,5.0,5.0,5.0,5.0,5.0,5.0,4.7
SYN-03555,3.1,3.5,3.5,3.0,4.0,3.6,4.0,2.9,4.0,3.4,3.9,3.6,3.7
SYN-03556,4.3,4.1,4.0,4.1,3.7,4.0,4.0,3.7,4.3,4.2,4.3,4.4,4.1
SYN-03557,4.1,4.5,3.5,4.4,4.7,4.7,4.3,3.8,3.6,4.6,4.3,5.0,4.0
SYN-03558,4.3,4.7,4.3,3.8,5.0,4.7,4.2,4.5,4.5,4.4,3.8,4.3,4.7
SYN-03559,4.3,4.3,4.0,3.9,3.7,4.4,4.1,3.8,4.5,4.0,3.9,4.0,4.1
SYN-03560,3.9,3.5,4.0,3.9,3.6,3.7,3.6,3.8,4.2,3.6,3.8,3.5,3.9
SYN-03561,4.4,4.7,4.0,4.5,4.7,4.2,4.2,4.3,4.2,4.3,4.5,4.2,4.2
SYN-03562,4.0,3.8,3.8,3.7,3.9,4.1,3.9,3.7,3.9,4.1,4.0,4.6,3.7
SYN-03563,3.4,3.7,3.2,4.0,3.4,3.6,3.4,3.7,3.1,3.9,3.5,3.6,3.2
SYN-03564,4.7,4.3,5.0,4.2,4.7,4.5,4.1,4.3,4.8,4.3,4.4,4.7,4.9
SYN-03565,4.7,4.5,4.6,4.6,4.2,4.6,4.2,4.7,4.6,3.9,4.8,4.4,4.4
SYN-03566,4.5,4.2,4.4,4.0,4.5,4.3,4.3,4.2,4.7,4.8,3.6,4.5,3.9
SYN-03567,4.4,3.7,4.4,4.0,4.1,4.2,4.1,4.1,4.2,4.2,4.4,4.8,4.0
SYN-03568,4.6,4.8,4.4,3.9,4.0,3.9,5.0,4.8,4.8,4.9,4.4,5.0,4.7
SYN-03569,4.3,4.6,4.5,4.7,4.7,4.2,4.3,4.0,3.8,4.5,4.6,3.7,4.1
SYN-03570,4.5,4.6,5.0,4.3,4.5,4.7,4.4,4.4,4.3,4.6,4.5,4.7,4.6
SYN-03571,3.2,3.6,3.9,4.4,3.9,4.2,4.3,4.3,3.9,3.8,3.7,5.0,4.2
SYN-03572,5.0,4.4,5.0,4.5,4.7,4.6,4.4,4.4,4.6,4.5,4.7,4.4,4.9
SYN-03573,4.2,4.8,4.3,4.3,4.8,4.2,4.2,4.1,4.4,4.1,4.5,4.3,4.6
SYN-03574,4.5,4.1,4.0,4.2,4.3,4.4,4.4,4.3,4.1,4.1,4.4,4.1,4.4
SYN-03575,3.9,4.2,3.6,3.7,3.1,3.5,3.5,3.9,4.3,3.9,4.1,3.5,3.4
SYN-03576,4.2,4.1,4.0,4.4,3.9,4.5,4.2,4.3,4.3,4.2,4.7,3.8,4.7
SYN-03577,3.8,4.2,4.0,4.2,3.9,4.0,4.2,3.9,4.3,4.0,3.7,3.8,4.2
SYN-03578,3.6,4.2,3.9,3.6,4.0,3.8,3.8,3.8,4.0,3.9,4.1,4.3,4.1
SYN-03579,4.5,4.5,3.8,3.6,3.8,4.0,4.6,3.8,4.0,3.7,3.8,3.6,3.5
SYN-03580,4.2,4.1,3.7,4.1,3.4,3.8,3.9,4.2,3.9,4.0,3.7,3.9,4.2
SYN-03581,4.5,5.0,4.9,4.5,4.9,5.0,4.8,5.0,4.5,4.4,4.6,5.0,4.9
SYN-03582,5.0,5.0,4.4,5.0,4.5,5.0,5.0,4.7,4.7,4.8,4.7,4.5,4.5
SYN-03583,4.8,5.0,4.4,4.7,4.8,4.8,5.0,4.5,5.0,5.0,5.0,4.8,4.7
SYN-03584,3.7,3.8,4.0,3.7,3.9,3.6,3.9,3.7,3.9,3.2,3.9,3.9,3.9
SYN-03585,3.9,4.0,4.0,4.3,4.4,4.0,4.6,4.6,4.3,4.3,3.7,4.1,3.8
SYN-03586,3.5,3.9,4.0,4.0,3.8,3.9,3.3,3.4,3.7,3.9,3.6,3.3,3.5
SYN-03587,3.7,3.4,4.6,4.3,3.4,3.4,3.7,3.5,4.7,3.7,4.1,3.8,3.6
SYN-03588,4.2,4.1,3.9,4.6,3.9,3.7,4.5,4.0,4.4,3.9,3.0,3.4,4.2
SYN-03589,4.5,4.7,5.0,4.7,4.4,4.6,4.7,4.5,4.2,4.5,4.6,4.2,4.4
SYN-03590,3.8,3.5,4.1,4.1,3.9,3.7,4.2,4.2,4.1,4.1,4.2,4.0,3.8
SYN-03591,4.6,4.5,4.6,4.8,4.2,4.6,4.2,4.3,5.0,4.7,4.6,4.1,4.5
SYN-03592,3.8,4.4,4.0,4.6,4.5,4.0,4.5,5.0,4.4,4.7,3.8,4.6,4.2
SYN-03593,4.9,5.0,4.9,4.5,5.0,4.6,4.7,5.0,5.0,5.0,5.0,5.0,5.0
SYN-03594,3.3,2.9,3.7,4.1,3.3,3.4,3.8,3.8,4.0,4.2,3.8,3.4,3.4
SYN-03595,4.5,5.0,4.5,4.9,4.2,4.7,4.4,4.8,4.6,4.9,4.5,4.6,4.9
SYN-03596,4.6,4.6,4.8,4.6,4.1,4.4,4.0,4.5,4.7,4.6,5.0,5.0,4.7
SYN-03597,3.1,4.1,3.6,4.1,4.0,4.1,4.0,4.6,4.0,3.5,4.2,3.7,4.3
SYN-03598,5.0,4.7,4.2,4.4,5.0,5.0,4.6,4.5,4.2,4.2,4.6,4.8,4.1
SYN-03599,4.6,4.7,4.5,4.8,4.4,4.4,4.4,4.7,4.5,4.2,4.4,4.4,4.3
SYN-03600,4.4,4.1,4.3,4.3,3.9,3.8,3.9,4.1,4.6,4.1,4.2,4.4,4.0
SYN-03601,3.8,4.2,4.1,3.7,3.8,3.9,4.0,4.3,4.1,3.6,3.7,4.0,4.0
SYN-03602,3.7,4.3,3.3,4.0,3.5,4.2,3.9,4.2,3.8,4.3,3.4,4.2,3.8
SYN-03603,5.0,5.0,4.5,5.0,5.0,5.0,5.0,5.0,5.0,4.8,5.0,5.0,4.9
SYN-03604,4.8,4.3,4.3,4.4,4.2,4.6,4.2,4.4,3.9,3.7,4.3,4.1,4.1
SYN-03605,3.8,5.0,4.5,4.9,4.1,4.5,4.6,4.5,4.5,4.1,4.6,4.2,4.3
SYN-03606,3.9,3.8,3.8,4.3,3.9,3.8,3.9,3.6,4.0,4.1,4.0,3.9,4.1
SYN-03607,3.8,3.9,4.3,3.8,4.1,4.1,3.7,4.1,3.7,4.1,3.7,4.0,4.0
SYN-03608,4.6,4.7,4.4,4.2,4.6,4.9,4.8,4.7,4.4,4.6,4.3,4.5,4.7
SYN-03609,3.2,4.2,3.3,4.3,3.5,3.5,3.6,3.6,3.5,3.6,3.8,3.5,4.0
SYN-03610,4.5,3.5,4.6,4.3,4.1,3.9,4.1,4.3,4.8,4.7,3.6,4.0,4.1
SYN-03611,4.6,4.2,4.0,4.2,4.1,4.5,4.9,4.5,4.5,4.6,4.3,4.1,4.1
SYN-03612,4.6,4.3,3.9,4.6,4.0,3.9,4.0,4.3,4.5,4.3,4.1,4.0,4.5
SYN-03613,4.1,4.2,4.1,4.2,4.3,4.9,4.3,4.0,4.2,3.9,3.8,4.5,4.2
SYN-03614,4.7,3.9,4.0,4.4,4.1,3.9,4.0,4.2,4.5,4.9,4.0,4.0,3.9
SYN-03615,4.6,4.5,4.2,4.2,4.4,4.4,4.1,4.5,4.0,4.5,4.4,4.6,4.8
SYN-03616,4.3,4.5,3.9,5.0,3.9,4.4,3.7,4.2,5.0,4.8,4.8,4.4,5.0
SYN-03617,3.9,4.1,4.6,4.2,3.8,4.0,4.3,4.0,4.1,4.2,4.6,3.6,4.1
SYN-03618,4.2,4.0,3.9,4.6,3.8,3.7,3.9,3.6,3.8,3.8,4.1,4.5,3.9
SYN-03619,4.9,4.8,4.0,4.5,4.5,4.7,4.8,4.7,4.3,4.4,4.2,4.6,4.5
SYN-03620,4.7,4.7,4.4,4.6,4.4,4.2,4.3,3.8,4.4,4.3,4.2,4.8,4.7
SYN-03621,3.9,3.9,3.7,3.7,4.0,3.9,4.0,3.7,3.4,3.8,3.5,3.9,3.8
SYN-03622,4.3,4.2,4.6,4.6,4.2,4.0,4.4,4.7,3.9,4.5,4.1,4.0,4.6
SYN-03623,3.7,3.5,3.7,3.7,3.1,3.5,3.9,3.6,2.7,3.2,3.8,3.3,3.8
SYN-03624,4.8,4.1,4.0,3.9,4.4,4.0,4.1,3.9,4.1,4.0,3.6,4.0,4.4
SYN-03625,5.0,4.8,4.9,5.0,5.0,4.6,4.5,4.8,5.0,4.9,4.5,5.0,4.8
SYN-03626,4.0,4.3,3.4,3.4,4.0,3.3,3.7,3.7,4.0,3.7,4.0,3.5,3.5
SYN-03627,3.9,3.9,4.0,4.4,4.3,4.0,4.2,4.0,4.3,4.0,3.7,3.7,4.3
SYN-03628,4.4,5.0,4.1,4.8,4.3,4.6,4.1,3.9,4.9,4.3,4.8,4.3,4.8
SYN-03629,3.5,3.3,3.9,3.9,3.9,3.6,3.1,3.3,3.4,3.6,4.0,3.6,3.0
SYN-03630,3.2,3.8,3.8,4.1,3.5,3.6,4.1,4.4,3.4,3.7,4.3,4.3,3.7
SYN-03631,4.8,4.4,4.6,4.2,4.5,4.1,4.2,4.3,4.5,5.0,5.0,4.3,4.9
SYN-03632,3.6,4.1,3.8,3.8,4.8,3.9,3.8,3.7,3.7,3.6,4.0,4.0,4.1
SYN-03633,4.1,3.9,3.9,4.2,4.1,3.9,4.0,4.6,4.7,4.1,3.9,4.1,4.5
SYN-03634,4.4,4.6,4.3,4.1,4.7,4.5,4.7,3.9,5.0,4.5,3.9,4.8,4.3
SYN-03635,4.4,4.2,4.3,4.3,3.8,4.6,4.4,4.5,4.6,4.4,4.4,3.9,4.1
SYN-03636,4.3,4.3,4.4,4.7,4.3,4.4,4.3,4.2,4.2,4.1,4.3,4.2,4.2
SYN-03637,3.6,4.1,3.8,4.1,3.8,4.1,4.0,3.9,4.2,4.2,4.1,4.3,4.0
SYN-03638,4.4,4.3,4.0,4.1,4.7,4.8,4.5,4.2,4.8,4.5,4.4,4.9,4.1
SYN-03639,4.4,3.9,4.0,4.9,4.3,4.7,4.3,4.3,4.0,4.5,4.2,4.2,4.1
SYN-03640,4.3,4.4,4.4,4.3,3.9,4.5,4.3,3.4,3.9,4.2,4.7,4.5,4.2
SYN-03641,4.0,4.4,3.8,3.7,4.3,4.4,3.8,4.2,4.0,3.8,4.4,3.8,4.3
SYN-03642,4.2,4.1,4.0,3.8,4.1,4.0,4.2,3.8,4.1,4.3,3.9,4.4,4.4
SYN-03643,3.5,3.6,3.5,4.0,3.9,3.4,3.7,3.9,3.9,4.2,3.5,3.9,3.6
SYN-03644,4.2,4.1,4.3,4.1,4.4,4.0,3.9,4.3,4.7,3.7,3.8,4.3,4.5
SYN-03645,4.0,3.7,4.0,4.1,3.7,4.2,3.9,3.4,3.9,3.7,4.3,3.5,3.8
SYN-03646,3.9,4.5,4.4,3.8,3.9,4.0,3.5,3.8,4.2,3.9,4.4,3.7,3.8
SYN-03647,4.3,3.9,4.6,4.2,4.4,4.1,4.8,4.7,4.3,3.9,4.5,4.6,4.0
SYN-03648,4.2,4.3,4.6,4.2,4.6,4.0,4.0,4.8,3.9,4.0,4.5,4.1,4.1
SYN-03649,4.4,3.8,4.8,4.5,4.2,4.0,4.1,4.0,4.5,4.5,4.7,4.7,4.7
SYN-03650,4.5,4.4,4.3,4.1,4.3,3.9,4.0,4.6,3.9,3.9,3.9,3.9,3.9
SYN-03651,4.4,4.4,4.6,5.0,4.2,4.3,3.8,4.0,4.3,4.5,4.5,4.5,4.7
SYN-03652,4.9,4.3,4.2,4.6,4.7,4.4,4.3,4.2,4.4,4.6,4.2,4.2,4.6
SYN-03653,4.1,4.4,4.4,4.4,4.2,4.9,4.5,4.2,4.5,4.9,4.4,4.8,4.0
SYN-03654,3.7,3.3,4.5,3.4,4.0,4.4,4.2,4.0,4.3,3.7,4.1,3.9,3.9
SYN-03655,4.3,4.6,4.7,4.2,3.9,4.0,4.8,4.7,3.9,4.8,4.0,4.5,4.0
SYN-03656,5.0,4.2,4.0,4.2,5.0,4.4,4.0,4.1,3.8,4.5,4.0,4.7,4.6
SYN-03657,4.2,4.6,4.5,4.2,4.0,4.3,4.3,4.3,4.2,4.3,4.3,4.6,3.8
SYN-03658,3.2,3.5,3.2,3.5,3.1,3.2,4.1,3.4,3.1,3.4,3.8,3.8,3.0
SYN-03659,4.0,4.3,4.2,3.8,3.8,3.9,3.7,4.1,4.6,4.1,4.6,4.3,4.2
SYN-03660,4.5,5.0,5.0,4.5,5.0,4.8,5.0,5.0,5.0,4.6,5.0,5.0,5.0
SYN-03661,4.4,4.2,4.2,4.5,4.0,4.3,4.7,4.0,3.5,3.8,4.2,3.8,4.0
SYN-03662,3.9,4.1,3.7,3.8,4.4,3.8,4.2,3.9,3.9,4.2,3.4,4.1,4.1
SYN-03663,4.6,4.2,4.3,3.6,4.1,4.4,4.8,4.9,4.2,4.6,4.3,3.8,4.5
SYN-03664,4.9,4.2,4.0,4.3,4.3,5.0,4.6,4.3,3.4,4.3,4.9,4.3,4.6
SYN-03665,4.7,4.5,5.0,4.7,4.4,4.6,5.0,4.2,4.7,4.6,4.2,4.8,4.7
SYN-03666,4.0,4.1,3.7,3.6,3.3,3.6,3.8,3.5,3.9,3.5,3.2,3.6,3.8
SYN-03667,4.1,4.2,4.3,4.3,4.5,4.6,4.3,4.1,4.5,4.6,4.9,4.8,4.1
SYN-03668,4.4,4.5,4.2,4.3,4.6,4.5,4.4,4.2,4.0,4.3,4.4,4.0,4.4
SYN-03669,4.3,3.9,4.3,4.2,4.1,4.0,4.1,3.9,4.3,3.9,3.9,4.3,4.1
SYN-03670,4.3,3.8,4.2,4.8,3.8,4.8,4.4,4.2,4.3,4.7,3.6,4.7,4.4
SYN-03671,4.9,4.0,4.5,3.9,4.9,4.3,4.3,4.0,4.7,4.6,4.3,4.6,4.3
SYN-03672,4.0,4.4,5.0,4.8,4.6,4.6,4.4,4.7,4.7,4.5,4.6,4.0,4.4
SYN-03673,3.4,3.4,3.9,3.4,4.0,4.1,3.8,3.6,4.1,4.0,4.2,3.5,3.7
SYN-03674,4.4,4.5,4.7,4.5,4.9,4.4,4.2,4.3,4.3,4.4,4.4,4.4,4.6
SYN-03675,4.0,4.5,3.6,3.5,4.5,4.5,4.5,4.4,4.2,4.1,3.7,4.2,3.7
SYN-03676,5.0,3.9,4.2,4.7,4.1,4.1,3.4,3.8,4.4,4.7,4.0,4.3,5.0
SYN-03677,4.4,4.5,4.0,4.7,4.0,4.0,4.7,4.0,4.2,4.7,4.0,4.2,4.0
SYN-03678,4.0,4.2,4.5,4.6,4.2,3.9,4.4,4.1,4.2,3.8,3.7,4.1,3.8
SYN-03679,4.5,5.0,4.6,4.9,4.7,4.8,4.5,5.0,4.7,4.5,4.7,4.4,4.5
SYN-03680,4.2,4.0,4.6,4.0,4.8,4.2,4.1,4.0,4.3,4.4,3.4,4.2,3.6
SYN-03681,4.1,4.1,3.8,3.9,3.4,3.6,3.6,3.7,4.1,4.2,4.0,3.7,3.6
SYN-03682,4.1,4.2,4.0,3.9,4.2,4.3,3.7,3.9,4.3,4.4,4.1,4.2,4.1
SYN-03683,4.5,3.9,4.3,4.0,4.6,3.9,4.4,4.0,4.5,4.4,4.3,4.9,4.1
SYN-03684,4.9,5.0,4.9,4.4,4.6,4.4,4.5,4.4,4.5,5.0,4.5,4.7,4.4
SYN-03685,4.4,4.7,4.6,4.8,4.0,4.2,4.3,4.9,4.5,4.0,4.7,4.4,4.7
SYN-03686,4.4,3.6,4.4,3.9,3.8,3.9,3.5,3.9,3.8,3.6,3.7,4.2,3.8
SYN-03687,4.7,5.0,5.0,5.0,4.6,4.2,4.7,5.0,5.0,4.8,4.9,5.0,5.0
SYN-03688,4.6,4.3,4.4,4.2,4.1,4.6,3.8,4.1,4.3,4.6,4.0,4.3,3.9
SYN-03689,4.8,5.0,4.1,4.4,4.9,5.0,4.8,4.4,4.6,4.3,4.9,5.0,5.0
SYN-03690,4.0,3.9,4.6,4.6,3.9,4.0,4.4,4.1,4.2,3.7,3.8,4.1,3.9
SYN-03691,4.0,4.3,4.1,4.4,4.7,4.3,4.3,4.7,4.6,4.6,3.6,4.3,4.2
SYN-03692,4.2,4.8,4.3,4.1,4.6,4.5,4.2,4.8,4.7,4.7,4.6,4.8,4.4
SYN-03693,4.3,4.6,4.1,4.3,5.0,4.3,4.3,4.8,4.9,4.1,4.7,4.5,4.7
SYN-03694,4.5,4.2,4.4,4.8,5.0,4.7,4.5,4.2,4.5,4.5,4.7,4.6,4.7
SYN-03695,4.4,5.0,4.7,4.3,4.8,4.2,4.2,4.3,4.9,4.5,4.3,4.6,4.7
SYN-03696,4.6,3.6,4.5,3.5,4.4,4.4,4.5,4.3,3.8,4.3,3.8,3.8,4.0
SYN-03697,3.9,4.1,3.8,4.1,3.6,4.0,3.9,4.3,4.3,3.9,3.4,3.6,4.3
SYN-03698,4.3,4.8,4.6,4.4,4.4,4.0,4.1,4.4,4.2,4.5,4.6,4.3,4.2
SYN-03699,4.3,4.8,4.8,5.0,4.6,4.5,4.7,4.4,4.3,4.6,4.7,4.7,4.7
SYN-03700,4.4,4.3,4.2,3.7,4.2,4.1,3.8,4.3,4.3,4.2,4.3,4.2,4.0
SYN-03701,5.0,4.6,3.8,3.8,4.9,4.0,4.4,4.2,4.5,4.7,4.4,4.3,4.8
SYN-03702,5.0,4.9,4.4,5.0,5.0,5.0,4.2,4.9,4.6,4.7,4.6,4.9,4.6
SYN-03703,4.3,3.9,3.8,4.1,4.0,4.1,3.8,4.3,4.2,3.9,4.1,3.8,4.1
SYN-03704,4.2,4.0,3.7,3.5,4.0,3.7,4.2,3.5,4.3,3.9,3.7,3.8,3.8
SYN-03705,4.3,3.8,3.9,4.1,4.1,4.4,4.2,4.0,4.2,4.2,4.1,4.2,3.5
SYN-03706,4.6,4.5,4.8,4.1,4.5,3.7,3.8,4.2,4.1,4.6,4.7,4.7,4.5
SYN-03707,4.2,3.6,4.4,4.4,3.6,4.2,3.9,4.6,3.7,4.0,4.1,4.0,4.7
SYN-03708,5.0,4.2,4.8,4.7,4.9,4.7,4.4,4.4,4.6,4.6,4.7,4.5,5.0
SYN-03709,4.5,4.6,4.3,4.0,4.6,4.1,3.7,4.5,4.1,4.2,4.6,4.1,3.9
SYN-03710,4.6,4.2,4.6,4.4,4.4,4.3,4.3,4.6,4.5,4.0,4.4,4.0,4.1
SYN-03711,3.9,3.5,3.7,3.8,3.6,3.9,3.6,4.0,3.7,3.7,3.4,3.6,3.8
SYN-03712,4.0,3.6,4.0,3.5,3.8,3.6,4.2,4.1,3.8,3.6,3.3,3.9,3.8
SYN-03713,4.6,3.9,4.3,4.4,4.0,4.3,4.1,4.1,4.1,4.2,4.7,4.2,4.0
SYN-03714,3.7,3.8,3.7,3.9,3.5,3.5,3.2,3.9,3.4,3.4,3.3,3.6,3.5
SYN-03715,4.6,4.5,4.5,4.5,5.0,4.0,4.7,4.9,4.0,4.5,4.8,4.3,4.6
SYN-03716,3.9,4.2,4.5,4.7,4.2,3.8,4.1,3.6,4.1,4.4,3.7,4.1,3.9
SYN-03717,5.0,5.0,5.0,5.0,5.0,5.0,5.0,4.8,4.7,5.0,5.0,4.3,4.9
SYN-03718,5.0,5.0,4.7,5.0,4.9,4.6,5.0,4.7,5.0,4.5,4.9,5.0,5.0
SYN-03719,4.3,4.4,4.0,4.6,4.2,4.4,4.2,4.3,3.8,3.9,4.0,4.3,4.0
SYN-03720,4.1,4.1,4.6,4.3,3.7,4.2,4.1,4.1,4.2,4.5,3.9,4.2,4.2
SYN-03721,4.5,4.4,4.3,4.4,4.8,4.4,4.5,4.2,4.4,4.6,4.0,4.9,4.4
SYN-03722,5.0,4.9,4.2,4.9,4.7,4.9,5.0,5.0,4.7,4.4,5.0,4.9,5.0
SYN-03723,3.6,3.7,3.6,3.7,3.2,3.7,3.7,3.5,3.8,3.9,4.0,3.3,3.8
SYN-03724,4.0,3.5,4.0,3.4,3.6,3.1,3.0,3.1,4.0,3.3,3.3,3.7,3.4
SYN-03725,4.3,4.5,3.3,4.1,3.4,3.6,4.1,3.7,4.1,4.0,3.5,4.2,4.1
SYN-03726,4.4,4.2,4.5,4.0,4.1,4.5,4.7,4.3,4.5,4.5,4.5,4.2,4.4
SYN-03727,4.4,4.8,4.0,4.0,5.0,4.5,4.5,4.6,4.6,4.6,4.6,4.7,4.4
SYN-03728,4.9,5.0,4.6,4.7,4.4,4.5,4.7,4.5,4.6,4.7,5.0,4.3,4.7
SYN-03729,3.6,4.0,4.0,4.3,3.7,3.8,4.0,4.0,3.0,3.6,4.0,3.7,4.0
SYN-03730,3.7,3.3,3.6,3.8,3.7,3.2,3.3,3.4,3.1,3.7,3.2,3.4,3.7
SYN-03731,4.4,4.4,4.6,4.4,5.0,4.2,3.8,4.8,4.4,4.3,4.6,4.6,4.3
SYN-03732,4.3,4.2,4.5,3.8,4.0,4.0,3.8,4.0,4.1,4.1,3.8,3.8,3.7
SYN-03733,3.3,3.5,3.9,4.1,3.9,3.4,3.6,2.9,3.4,3.4,4.1,3.6,3.5
SYN-03734,4.2,4.2,4.4,4.1,4.4,4.7,4.3,4.2,4.2,4.6,4.3,4.1,4.5
SYN-03735,4.3,4.4,4.5,4.2,3.9,4.6,3.8,4.2,4.7,4.6,4.4,4.2,4.3
SYN-03736,4.3,4.1,3.8,3.9,4.0,4.3,4.2,3.8,4.6,3.9,4.3,3.9,4.9
SYN-03737,4.4,3.8,4.1,3.7,3.9,4.2,4.3,3.7,3.8,4.3,4.4,3.8,4.3
SYN-03738,3.8,4.1,3.8,4.0,4.7,4.1,4.1,4.0,4.1,3.9,4.2,4.1,4.0
SYN-03739,3.9,4.1,3.9,4.0,3.9,3.4,4.3,3.5,3.5,4.3,3.7,3.4,4.5
SYN-03740,3.5,4.1,3.5,3.2,3.6,3.4,3.8,3.9,4.0,3.6,4.1,3.4,3.8
SYN-03741,3.9,4.5,4.3,4.0,4.0,4.4,3.7,3.3,3.7,3.8,4.4,4.3,3.9
SYN-03742,4.5,4.2,5.0,4.7,4.4,4.4,4.6,4.4,3.8,4.8,4.7,4.5,4.3
SYN-03743,4.3,3.5,4.0,4.8,4.5,3.7,4.1,3.7,4.1,4.3,4.8,4.5,4.2
SYN-03744,4.2,4.0,4.6,4.6,3.9,3.7,4.2,4.2,4.3,3.8,4.0,4.2,4.0
SYN-03745,4.1,4.4,3.7,4.1,3.7,3.6,3.6,4.1,3.7,3.7,3.5,4.0,4.0
SYN-03746,4.6,4.3,4.3,4.3,4.1,4.2,4.4,3.9,4.6,4.3,4.7,3.8,3.8
SYN-03747,3.5,3.5,3.3,3.1,3.4,3.5,3.0,3.3,3.6,3.7,3.4,3.2,3.5
SYN-03748,4.2,3.8,4.1,4.1,4.3,4.0,4.1,4.2,4.5,4.3,5.0,3.9,4.5
SYN-03749,4.7,4.3,4.6,4.2,4.7,4.6,4.5,4.4,5.0,4.7,4.8,4.8,4.7
SYN-03750,3.6,4.1,4.4,4.1,3.7,3.7,4.0,3.5,4.2,3.9,3.6,3.8,3.9
SYN-03751,3.9,4.3,4.4,3.9,3.9,4.0,3.6,3.5,3.9,3.7,4.5,3.9,4.1
SYN-03752,4.1,4.8,4.3,3.9,4.5,4.4,4.7,4.3,4.3,3.9,4.6,4.3,4.3
SYN-03753,4.6,4.6,4.9,4.4,4.9,4.2,4.1,5.0,4.3,4.7,4.6,4.7,4.7
SYN-03754,4.4,3.6,4.2,4.0,3.6,3.9,3.6,3.5,3.9,4.4,4.1,4.4,4.1
SYN-03755,4.4,4.4,3.7,4.0,3.7,3.9,4.5,3.8,3.6,3.6,3.8,5.0,4.4
SYN-03756,2.6,3.5,3.3,3.8,3.2,3.2,3.3,3.3,3.7,3.4,3.8,3.3,3.8
SYN-03757,3.9,4.4,4.1,4.5,3.5,4.0,4.6,4.2,3.7,4.0,4.4,4.0,4.6
SYN-03758,5.0,5.0,5.0,4.8,5.0,5.0,4.9,4.4,4.2,5.0,4.4,4.6,5.0
SYN-03759,3.9,5.0,4.4,4.7,4.6,3.5,4.5,4.3,4.3,4.3,4.6,4.8,3.9
SYN-03760,4.2,4.6,4.1,4.3,4.3,4.8,4.4,4.8,4.7,4.1,4.3,4.8,3.8
SYN-03761,4.5,4.5,4.2,4.2,4.2,4.5,4.8,4.5,3.9,4.8,4.7,4.2,4.1
SYN-03762,3.9,4.5,3.6,4.5,4.1,4.3,3.2,3.7,4.0,3.9,4.4,4.3,4.8
SYN-03763,4.1,3.7,4.3,3.8,3.8,3.9,4.4,4.2,4.2,4.5,4.2,3.5,4.1
SYN-03764,5.0,4.0,4.5,4.2,4.5,4.8,4.9,4.4,4.7,4.0,4.0,4.8,3.6
SYN-03765,4.1,4.5,4.3,3.4,4.4,4.0,4.3,4.1,4.1,3.7,4.2,4.6,4.2
SYN-03766,4.1,4.0,3.8,3.9,4.3,4.9,4.5,4.4,4.8,4.3,4.5,4.3,4.3
SYN-03767,3.4,3.8,3.7,3.7,3.7,4.3,3.7,3.8,4.5,4.1,3.9,4.2,3.7
SYN-03768,4.5,4.5,4.7,4.8,4.4,4.8,4.8,4.5,4.6,4.3,4.2,4.3,4.9
SYN-03769,4.6,5.0,4.4,4.4,4.5,4.1,4.7,4.5,4.1,4.5,4.7,4.0,4.7
SYN-03770,3.9,3.1,4.3,4.4,3.7,3.5,4.4,3.8,4.4,3.5,4.4,4.3,4.2
SYN-03771,3.9,4.4,4.9,4.0,4.4,4.7,4.2,4.9,4.9,4.6,4.7,4.4,4.7
SYN-03772,3.8,4.0,3.9,4.5,4.4,3.7,4.4,3.8,4.6,4.5,4.7,4.1,3.9
SYN-03773,3.8,4.0,3.6,3.2,3.8,3.9,4.1,4.0,4.0,4.3,3.7,3.7,4.6
SYN-03774,3.0,4.3,4.1,3.9,4.2,4.1,3.5,3.6,3.8,3.3,3.9,4.1,4.3
SYN-03775,3.6,3.4,3.6,3.6,3.8,3.6,3.8,3.5,4.0,3.6,3.4,3.5,3.8
SYN-03776,4.0,4.3,4.7,4.5,4.0,4.5,4.0,4.4,4.8,4.4,4.0,4.3,4.4
SYN-03777,3.9,3.9,3.2,3.5,3.7,3.4,3.7,3.2,3.6,3.9,3.6,3.6,3.8
SYN-03778,3.6,4.0,3.8,3.5,4.0,4.2,4.1,4.0,3.9,3.9,3.7,3.6,3.2
SYN-03779,3.0,3.5,3.1,3.6,4.0,2.5,3.2,4.1,3.7,3.4,3.3,3.6,3.8
SYN-03780,3.8,4.6,4.3,4.5,4.5,4.3,4.3,4.3,4.1,4.4,4.1,4.2,4.6
SYN-03781,4.1,4.3,4.1,4.0,4.7,3.7,4.2,3.8,4.5,4.1,4.0,3.6,4.6
SYN-03782,3.7,4.2,4.4,4.7,3.9,3.8,4.0,3.9,3.5,4.6,4.0,4.0,4.3
SYN-03783,4.3,3.5,3.9,3.5,3.9,3.9,3.7,3.9,3.9,3.8,3.8,3.4,3.5
SYN-03784,3.6,3.5,3.6,3.8,3.8,4.0,3.8,3.8,4.0,3.5,3.5,3.7,3.6
SYN-03785,3.8,4.5,4.1,4.9,4.4,3.9,4.6,4.4,4.4,4.2,4.1,3.9,4.0
SYN-03786,3.6,3.9,4.0,3.5,4.3,4.0,4.7,3.9,4.7,4.2,3.4,3.7,4.1
SYN-03787,3.8,4.0,3.8,5.0,4.6,4.2,4.8,4.7,4.7,4.1,4.2,4.0,4.3
SYN-03788,3.6,3.6,4.2,4.1,3.6,4.2,4.0,3.8,4.4,4.0,4.4,4.1,4.1
SYN-03789,3.9,4.1,4.7,4.6,4.2,3.9,4.8,4.6,3.9,3.9,4.8,4.1,4.1
SYN-03790,4.5,4.8,4.2,4.7,4.2,4.2,4.2,4.3,4.9,4.9,4.6,4.5,5.0
SYN-03791,4.6,4.1,4.5,4.5,4.6,5.0,4.2,4.6,4.9,4.9,4.5,4.0,3.9
SYN-03792,4.3,4.2,4.1,4.1,4.3,4.2,4.2,3.9,4.4,3.9,4.3,3.9,4.2
SYN-03793,4.8,4.5,4.7,4.2,4.3,4.2,3.8,4.6,4.5,4.4,4.7,3.9,3.9
SYN-03794,4.5,4.1,4.2,3.7,4.6,4.3,3.9,4.7,3.7,4.0,4.4,4.5,3.7
SYN-03795,4.1,4.4,4.6,4.6,4.4,4.2,4.1,4.4,4.6,4.1,4.1,4.5,4.5
SYN-03796,3.9,3.7,3.6,4.1,3.8,4.4,3.6,4.6,4.0,3.8,3.9,3.8,4.5
SYN-03797,4.3,4.2,3.8,4.1,3.9,3.4,3.9,4.3,4.0,4.1,4.5,4.4,4.7
SYN-03798,3.6,4.0,4.5,4.4,4.3,4.1,4.3,4.3,3.7,4.3,4.1,4.5,4.4
SYN-03799,4.4,3.9,3.5,3.1,3.6,4.0,4.0,3.7,3.7,3.9,4.0,4.2,3.7
SYN-03800,3.6,4.5,4.4,3.7,4.2,4.5,4.2,3.6,3.9,3.3,3.6,3.8,3.9
SYN-03801,3.5,2.9,3.8,3.9,3.9,3.7,3.7,3.8,3.8,3.7,3.0,4.1,3.6
SYN-03802,3.3,3.5,3.7,3.5,3.5,3.5,3.7,3.4,3.7,3.2,4.2,4.0,3.6
SYN-03803,3.9,3.4,3.9,4.0,3.9,4.0,3.8,3.7,3.6,3.9,3.5,3.9,3.9
SYN-03804,4.7,4.4,3.7,4.1,4.0,4.0,4.5,3.6,4.7,4.6,4.3,4.4,4.3
SYN-03805,3.9,4.2,3.8,4.1,3.6,4.0,3.8,4.0,3.6,4.0,3.9,4.4,4.0
SYN-03806,4.5,4.2,4.5,4.5,4.3,4.3,4.1,4.4,4.2,4.5,4.1,4.3,4.1
SYN-03807,4.6,4.2,4.2,4.4,4.7,4.2,3.8,4.6,3.8,4.1,4.6,4.1,4.0
SYN-03808,3.6,3.5,3.3,3.8,3.9,3.9,3.7,3.3,3.1,2.8,3.8,3.6,3.4
SYN-03809,3.8,4.1,3.9,4.9,4.6,4.0,4.9,4.2,4.5,4.5,4.4,4.3,4.4
SYN-03810,4.4,4.6,4.6,4.3,4.8,4.2,4.6,4.4,4.2,4.4,4.3,4.7,4.5
SYN-03811,4.3,3.6,3.2,4.0,4.4,4.0,3.6,3.5,4.5,3.7,3.5,4.2,3.8
SYN-03812,3.7,5.0,4.5,3.9,4.8,4.0,4.0,4.1,4.9,5.0,4.2,4.9,3.7
SYN-03813,4.2,4.3,4.4,3.9,4.1,3.7,3.9,3.9,3.8,4.2,4.0,4.4,4.0
SYN-03814,4.9,4.6,4.2,4.3,4.0,4.3,3.9,4.6,4.1,4.3,3.5,4.2,4.1
SYN-03815,4.0,3.9,4.1,3.9,4.1,3.9,3.3,3.7,3.7,2.8,3.5,4.4,3.7
SYN-03816,3.5,2.9,3.2,3.7,3.4,3.2,4.0,3.4,3.2,3.6,3.3,3.3,3.6
SYN-03817,3.9,3.6,4.2,4.3,4.0,4.3,4.0,3.5,4.3,4.0,4.1,4.0,4.0
SYN-03818,4.2,4.2,4.5,4.3,4.5,4.6,3.7,4.5,4.4,4.3,4.5,4.1,4.3
SYN-03819,3.7,3.6,4.2,4.0,4.1,3.8,4.2,3.9,4.0,3.9,3.8,4.0,4.4
SYN-03820,3.6,3.7,3.7,3.6,4.2,3.4,3.8,3.5,4.0,3.8,4.1,4.0,3.8
SYN-03821,4.3,4.3,3.8,4.3,4.1,4.2,3.9,3.8,3.7,3.0,3.8,4.8,4.3
SYN-03822,4.4,4.6,4.2,4.2,4.2,4.1,4.1,4.3,4.3,4.7,4.6,3.8,4.2
SYN-03823,3.9,3.4,4.2,4.4,4.2,4.3,4.1,3.9,4.1,4.6,4.3,3.7,4.2
SYN-03824,4.6,4.5,4.6,3.8,4.3,4.2,4.4,4.0,4.0,4.3,4.0,4.3,3.7
SYN-03825,4.3,3.1,4.2,3.8,3.5,4.0,4.2,4.3,4.3,3.7,4.0,3.4,4.0
SYN-03826,4.7,4.5,4.1,4.4,5.0,4.7,4.5,4.6,4.7,4.1,4.2,4.4,4.5
SYN-03827,4.3,3.8,3.6,3.8,3.2,3.5,3.6,3.5,4.2,4.0,3.4,3.4,3.4
SYN-03828,4.3,4.4,4.5,4.1,4.3,4.4,4.7,4.6,3.9,3.8,4.3,4.2,4.1
SYN-03829,4.4,4.8,4.2,5.0,4.4,4.8,4.4,4.2,4.6,4.2,4.7,4.6,4.4
SYN-03830,4.4,4.7,4.3,4.1,4.5,4.5,4.3,4.8,4.3,4.8,4.2,4.6,4.3
SYN-03831,4.2,3.5,4.8,4.2,4.4,3.7,4.2,4.1,3.8,4.5,4.2,4.1,4.3
SYN-03832,3.8,4.1,4.0,4.1,4.3,3.9,3.9,3.8,3.8,4.3,4.0,4.3,4.1
SYN-03833,4.3,4.1,4.1,4.3,4.9,5.0,4.6,4.8,4.4,4.4,4.8,4.6,4.8
SYN-03834,3.7,3.6,3.6,3.8,3.8,3.4,3.7,3.2,3.6,3.4,2.8,4.4,3.5
SYN-03835,3.6,4.3,3.5,3.4,3.8,3.7,3.7,3.6,3.8,4.4,3.4,4.1,4.3
SYN-03836,3.9,4.2,4.0,3.5,4.4,4.1,3.9,3.6,4.2,4.1,4.2,4.2,3.8
SYN-03837,3.6,4.6,4.6,4.7,5.0,4.6,4.8,4.7,4.2,4.2,5.0,4.4,4.7
SYN-03838,4.0,4.6,4.4,4.2,4.5,4.4,4.1,4.3,4.5,4.7,4.3,4.9,4.1
SYN-03839,3.4,3.4,3.9,3.9,3.9,3.7,4.5,4.3,3.5,3.8,3.9,4.1,3.4
SYN-03840,3.6,3.7,4.5,3.9,4.3,4.3,4.0,4.3,3.7,3.9,3.4,4.1,3.9
SYN-03841,4.6,4.0,4.2,4.2,4.0,4.3,4.0,4.1,4.7,4.0,3.8,3.8,4.0
SYN-03842,4.0,4.0,3.5,3.3,3.7,4.0,4.0,4.1,4.1,3.8,3.6,4.1,4.0
SYN-03843,4.2,4.7,4.8,4.8,4.8,4.3,4.8,4.5,5.0,4.8,4.7,5.0,4.4
SYN-03844,3.9,4.4,4.0,3.8,3.6,3.4,3.6,3.5,3.7,3.7,4.0,3.6,3.5
SYN-03845,5.0,5.0,4.7,4.9,4.7,4.7,5.0,4.7,4.6,4.8,4.2,4.7,4.8
SYN-03846,5.0,4.5,4.6,4.6,5.0,4.8,4.1,4.9,4.2,4.3,4.1,5.0,4.8
SYN-03847,5.0,4.9,4.8,4.5,4.6,4.4,4.3,4.4,5.0,4.5,4.9,5.0,4.8
SYN-03848,3.8,3.8,4.1,4.7,4.5,4.2,4.0,4.2,4.1,4.1,3.8,3.8,4.1
SYN-03849,3.8,4.0,4.2,4.2,4.5,3.8,3.8,4.5,4.7,3.8,3.9,4.3,4.2
SYN-03850,3.7,3.5,3.9,3.6,3.6,3.4,3.9,3.6,3.7,4.1,3.4,3.7,3.2
SYN-03851,3.9,4.4,3.6,4.1,4.5,4.2,3.8,3.7,3.4,4.5,3.9,3.5,3.7
SYN-03852,4.0,4.2,5.0,4.6,4.5,4.7,4.9,4.5,4.8,4.2,4.1,4.1,4.5
SYN-03853,3.9,5.0,4.5,4.9,4.2,5.0,5.0,4.7,4.8,4.3,4.7,4.9,4.6
SYN-03854,4.3,3.3,3.7,3.2,3.9,3.7,3.8,4.0,3.7,4.7,4.1,3.8,3.6
SYN-03855,3.8,4.2,3.9,4.4,4.0,4.0,4.1,4.0,4.2,4.7,4.2,4.2,4.3
SYN-03856,4.1,3.9,3.2,3.5,4.4,4.3,4.1,4.9,4.1,3.4,4.4,4.5,4.4
SYN-03857,4.1,3.2,3.7,3.5,3.9,4.2,3.6,3.9,3.4,3.7,3.6,4.3,3.4
SYN-03858,4.4,4.8,3.8,4.5,4.4,4.2,4.8,4.9,4.6,4.3,4.0,4.5,4.4
SYN-03859,3.9,3.8,3.8,4.0,3.6,4.3,3.7,4.0,3.8,4.1,4.1,4.1,3.6
SYN-03860,4.1,4.6,4.0,4.4,4.1,4.0,4.2,3.9,4.4,3.9,4.3,4.5,4.3
SYN-03861,3.9,4.1,3.8,4.0,3.9,3.8,4.2,4.3,4.4,4.1,4.5,3.8,4.4
SYN-03862,4.2,3.9,4.0,4.2,4.1,4.0,3.8,3.6,4.0,3.6,4.1,3.4,4.0
SYN-03863,4.1,4.1,4.1,3.3,4.1,3.9,3.9,5.0,3.8,4.3,4.0,3.9,3.8
SYN-03864,4.5,4.5,3.9,4.4,3.8,4.0,4.3,3.8,3.9,4.1,4.1,3.8,4.8
SYN-03865,3.8,4.4,4.2,3.8,4.2,3.8,4.1,4.3,3.9,4.2,3.9,4.1,4.1
SYN-03866,3.8,3.4,4.2,4.5,4.0,3.8,4.0,4.3,4.3,4.2,4.1,4.1,4.0
SYN-03867,4.0,4.2,4.2,4.4,3.8,4.5,3.7,4.4,4.7,4.6,4.0,4.5,4.5
SYN-03868,5.0,4.9,5.0,4.6,4.5,5.0,5.0,4.6,4.4,4.8,4.8,4.8,5.0
SYN-03869,4.6,4.3,4.0,4.0,4.1,4.2,4.1,4.2,4.3,4.1,4.3,4.8,4.2
SYN-03870,4.3,4.6,4.3,4.5,4.3,4.2,4.3,4.4,4.2,4.9,4.7,4.8,4.1
SYN-03871,3.6,3.8,4.2,3.5,3.3,3.8,3.5,4.2,3.9,3.6,3.6,3.7,3.2
SYN-03872,4.3,4.1,4.4,4.0,4.5,4.4,4.3,4.6,3.7,4.4,4.2,4.2,4.0
SYN-03873,3.4,4.1,4.1,4.4,4.4,3.4,3.8,3.9,4.1,4.2,3.5,3.7,4.2
SYN-03874,3.2,3.4,3.8,4.3,3.2,3.7,3.8,4.1,3.8,3.1,3.3,4.1,3.8
SYN-03875,3.6,4.1,4.0,3.2,3.3,4.0,4.6,4.0,3.2,3.5,4.1,4.2,3.9
SYN-03876,4.5,4.9,4.9,4.8,4.3,4.9,4.5,4.4,4.4,4.6,4.8,4.0,4.4
SYN-03877,4.4,4.8,4.3,4.4,4.8,4.5,5.0,4.5,5.0,5.0,4.7,4.7,4.7
SYN-03878,4.5,4.3,4.6,4.4,4.7,3.8,4.3,4.6,3.9,4.4,4.5,4.8,4.2
SYN-03879,3.7,3.5,3.6,4.1,3.7,3.5,3.6,3.5,3.5,3.5,3.5,3.3,3.7
SYN-03880,3.8,4.5,4.0,4.3,4.3,3.6,4.1,4.6,3.9,4.8,4.3,4.3,4.2
SYN-03881,4.6,4.6,4.3,4.2,3.9,4.5,4.3,4.1,4.1,4.3,4.0,4.3,3.8
SYN-03882,4.1,3.9,4.3,4.0,4.1,4.9,4.5,4.4,4.7,4.4,3.8,3.9,3.4
SYN-03883,3.6,3.2,3.4,3.5,3.4,3.5,3.5,3.4,3.1,3.6,4.2,3.6,4.2
SYN-03884,3.7,3.8,3.9,3.8,4.2,3.2,3.8,4.4,3.7,4.2,4.1,3.9,4.0
SYN-03885,4.2,3.5,4.3,4.0,3.8,4.3,4.3,4.5,4.1,4.4,4.2,4.3,4.3
SYN-03886,4.0,4.5,4.4,4.3,4.4,5.0,3.8,4.3,4.6,4.0,4.5,4.5,3.9
SYN-03887,3.3,4.0,3.0,3.3,3.4,3.4,3.3,3.5,3.4,3.6,3.7,3.6,3.5
SYN-03888,3.7,4.2,4.5,3.7,3.7,4.6,3.7,4.1,4.0,4.6,4.2,4.4,4.2
SYN-03889,4.8,4.0,4.4,4.6,4.7,4.2,3.6,4.1,4.8,4.0,4.3,4.2,4.2
SYN-03890,4.9,4.6,5.0,4.8,4.5,4.5,4.6,4.1,4.2,4.7,4.8,4.1,4.8
SYN-03891,4.4,4.2,4.3,4.7,4.6,4.5,4.6,4.1,4.6,4.3,5.0,4.3,5.0
SYN-03892,4.4,4.4,4.3,4.0,4.8,4.4,4.6,4.9,4.4,4.4,4.4,4.0,3.9
SYN-03893,3.5,4.3,3.8,4.2,3.8,3.4,4.2,3.7,4.1,4.2,3.9,4.1,3.5
SYN-03894,4.4,3.7,3.8,3.8,3.5,3.6,3.9,3.4,3.6,3.7,3.3,3.7,3.0
SYN-03895,4.3,4.5,4.3,4.5,3.8,4.0,4.1,4.1,3.9,3.8,4.6,3.8,4.6
SYN-03896,4.7,4.6,4.7,5.0,3.8,4.7,4.6,4.6,4.8,4.4,4.2,4.1,4.3
SYN-03897,4.9,4.8,5.0,4.5,4.6,5.0,5.0,4.9,4.1,5.0,4.7,4.7,4.8
SYN-03898,4.5,4.4,4.5,4.6,4.7,4.8,4.1,4.3,4.7,4.0,4.5,4.2,4.6
SYN-03899,4.1,4.2,4.3,4.4,4.6,4.7,4.4,4.0,5.0,4.3,4.4,4.4,4.5
SYN-03900,4.1,4.5,4.9,3.7,4.3,4.0,4.6,4.7,4.3,4.4,4.1,3.6,4.3
SYN-03901,3.9,4.0,3.0,3.5,3.6,4.0,4.2,3.7,3.9,3.8,4.6,3.9,3.9
SYN-03902,3.9,3.6,4.3,4.1,4.0,4.2,3.7,4.7,3.6,4.7,4.2,4.0,4.4
SYN-03903,4.7,5.0,4.9,5.0,5.0,4.7,5.0,4.9,5.0,4.7,5.0,4.6,4.2
SYN-03904,3.5,3.8,3.9,3.9,4.1,3.5,4.4,4.3,4.2,4.2,3.4,4.1,4.1
SYN-03905,5.0,5.0,4.9,4.9,5.0,4.6,4.9,4.6,4.7,4.0,4.5,4.6,4.6
SYN-03906,4.0,3.7,4.0,4.4,4.0,4.5,4.5,3.9,4.3,3.7,3.8,4.1,4.2
SYN-03907,5.0,4.6,4.7,4.7,5.0,5.0,4.8,4.9,4.8,5.0,4.9,4.6,4.7
SYN-03908,3.8,3.8,3.6,3.8,3.6,3.5,3.7,3.8,4.1,3.9,4.0,4.2,3.5
SYN-03909,4.6,4.6,4.5,4.7,4.4,4.6,4.0,4.4,4.6,4.7,4.1,4.4,4.1
SYN-03910,3.8,4.0,4.3,4.2,4.0,3.7,3.9,4.7,3.5,3.6,4.0,4.2,4.2
SYN-03911,3.8,3.2,3.6,3.2,3.8,3.8,3.7,3.3,3.5,3.2,3.7,4.7,3.7
SYN-03912,4.2,4.3,3.9,3.9,4.1,4.5,4.4,4.2,4.5,4.8,4.5,4.0,3.7
SYN-03913,4.0,4.8,4.3,4.8,4.4,4.7,4.8,4.3,4.8,4.4,4.3,4.8,4.7
SYN-03914,4.0,3.6,3.8,4.1,4.6,4.4,3.8,3.7,4.4,4.1,3.8,3.9,3.5
SYN-03915,4.0,4.1,4.1,4.0,3.6,3.9,4.1,4.0,3.9,3.7,3.4,4.2,3.7
SYN-03916,4.5,4.9,4.4,4.5,3.9,3.9,4.5,4.0,3.8,3.7,4.1,4.1,4.5
SYN-03917,3.9,4.6,3.8,3.8,4.2,4.2,4.3,3.8,4.3,3.7,3.5,4.7,4.5
SYN-03918,4.4,3.8,4.3,4.5,4.3,4.9,4.6,4.1,3.9,4.7,4.6,4.6,4.9
SYN-03919,4.7,4.6,4.8,4.9,4.7,4.5,4.8,4.6,4.4,4.6,4.4,4.5,4.3
SYN-03920,4.5,4.2,4.4,4.3,3.9,4.6,4.1,4.1,4.2,4.2,5.0,4.4,4.0
SYN-03921,5.0,4.4,4.7,4.7,4.8,5.0,5.0,5.0,5.0,4.8,5.0,4.4,4.1
SYN-03922,4.5,4.2,4.8,4.6,4.5,4.1,4.5,4.2,4.3,4.2,4.4,4.2,4.6
SYN-03923,4.2,3.9,3.9,3.7,3.5,4.4,4.0,3.7,4.2,3.9,4.1,3.7,4.3
SYN-03924,3.7,3.8,3.5,3.7,3.2,4.3,3.8,4.1,3.6,3.3,3.5,3.6,3.6
SYN-03925,4.7,3.9,3.9,4.3,3.6,4.1,4.2,4.2,4.2,4.7,3.8,3.9,4.3
SYN-03926,4.2,4.2,3.7,4.7,4.2,3.6,4.3,3.8,4.4,3.7,4.4,3.7,3.8
SYN-03927,4.6,4.4,4.4,4.1,4.4,4.8,5.0,4.8,4.7,4.0,4.5,4.3,4.1
SYN-03928,4.0,4.6,4.2,3.9,4.2,4.4,4.2,4.0,4.1,4.6,3.7,4.3,4.3
SYN-03929,3.6,3.5,4.1,4.1,3.8,3.6,3.8,3.9,3.8,3.9,3.7,2.8,3.7
SYN-03930,4.5,4.3,4.4,4.2,4.2,4.3,4.8,4.5,4.5,4.3,3.9,4.6,4.5
SYN-03931,4.5,4.4,4.6,4.4,4.7,4.2,3.9,4.1,4.5,4.3,4.4,4.0,4.5
SYN-03932,4.4,4.9,4.3,4.5,4.4,4.9,4.6,4.9,5.0,5.0,4.8,4.4,5.0
SYN-03933,5.0,4.5,4.9,4.6,4.0,4.3,4.4,4.4,4.2,4.2,4.9,4.0,4.3
SYN-03934,4.7,4.3,4.6,4.3,4.6,4.2,3.9,4.3,3.9,4.4,4.1,4.1,4.9
SYN-03935,4.3,3.8,4.2,4.2,3.6,4.3,4.5,4.1,4.1,4.1,4.3,4.1,4.2
SYN-03936,4.1,4.9,4.3,4.5,4.4,3.6,4.2,4.0,4.6,4.0,4.5,4.6,4.4
SYN-03937,4.6,4.5,4.6,4.2,4.7,5.0,4.4,4.6,4.6,4.7,4.5,4.2,4.3
SYN-03938,3.0,4.0,3.9,3.7,3.5,3.7,3.7,3.6,3.6,4.1,3.4,4.0,3.2
SYN-03939,4.6,3.4,4.2,3.9,4.0,4.0,4.3,3.5,4.1,4.1,3.9,4.0,3.9
SYN-03940,4.1,4.0,4.0,4.1,4.3,3.6,4.6,4.0,3.8,4.6,3.8,3.6,3.8
SYN-03941,4.2,4.7,4.3,4.4,4.4,4.7,4.2,4.3,4.1,4.2,4.5,4.6,4.8
SYN-03942,4.6,4.6,4.7,4.5,4.4,4.7,4.5,4.5,4.8,4.7,5.0,4.9,4.4
SYN-03943,3.9,3.6,3.7,4.4,3.9,3.6,3.4,3.5,3.8,4.0,3.9,4.2,3.7
SYN-03944,3.7,3.3,3.5,3.2,3.7,3.0,3.0,3.1,3.7,3.3,3.1,3.3,3.4
SYN-03945,3.7,4.1,4.0,3.9,3.7,4.3,3.9,3.2,4.2,4.2,4.3,4.2,4.1
SYN-03946,4.4,4.4,4.7,4.5,4.1,4.4,4.5,3.9,4.7,4.5,4.1,4.4,4.5
SYN-03947,4.7,4.7,4.7,4.5,4.2,4.1,4.2,4.4,4.4,4.7,4.3,3.8,4.0
SYN-03948,4.1,4.1,3.5,4.8,3.7,4.2,4.5,4.5,3.9,4.7,4.7,4.3,4.4
SYN-03949,3.8,4.2,4.2,4.0,4.3,4.2,5.0,3.8,4.5,3.8,4.3,3.3,3.9
SYN-03950,3.9,3.8,3.2,3.6,4.2,4.1,4.0,4.5,3.2,3.6,3.8,3.5,3.8
SYN-03951,4.8,4.4,3.7,4.6,4.4,3.7,4.2,3.9,4.3,4.2,3.9,4.5,4.1
SYN-03952,4.3,4.0,3.8,4.3,4.0,4.0,3.9,3.8,4.0,4.4,2.9,4.5,3.6
SYN-03953,5.0,4.4,5.0,4.5,5.0,4.9,4.9,4.6,5.0,4.9,5.0,4.3,4.7
SYN-03954,4.5,3.9,4.5,4.2,4.2,4.6,4.5,4.1,4.7,4.6,3.8,4.3,4.5
SYN-03955,4.0,3.0,4.0,4.2,4.0,4.0,4.3,3.5,4.2,4.1,3.5,4.2,4.5
SYN-03956,4.1,4.2,3.7,3.8,3.7,4.1,3.8,3.8,4.2,4.5,4.0,3.5,4.0
SYN-03957,4.2,4.4,4.1,4.4,4.4,4.1,4.4,4.4,3.8,4.5,4.1,4.1,4.1
SYN-03958,4.5,4.5,4.3,4.2,4.1,4.9,3.9,4.0,4.2,3.8,4.4,3.7,3.9
SYN-03959,4.5,4.3,4.9,4.2,4.3,4.4,4.8,5.0,4.7,4.2,4.4,5.0,4.6
SYN-03960,3.8,4.9,4.1,4.2,4.1,4.0,4.7,4.3,4.4,3.9,4.2,4.1,4.0
SYN-03961,4.1,3.8,4.2,4.2,3.8,4.1,3.8,3.7,3.6,4.0,3.7,4.4,4.4
SYN-03962,5.0,4.9,4.9,5.0,5.0,4.8,4.8,5.0,4.5,4.3,4.5,4.8,4.6
SYN-03963,4.7,3.8,3.8,3.7,4.0,4.1,4.2,4.2,4.0,3.9,4.3,3.9,4.5
SYN-03964,4.0,4.2,5.0,5.0,4.1,4.8,5.0,4.8,4.4,3.9,4.5,4.6,4.5
SYN-03965,4.1,3.7,3.8,3.3,4.3,3.7,3.9,4.1,3.8,3.7,4.1,3.5,4.2
SYN-03966,4.5,4.2,4.2,4.0,4.2,4.3,4.2,4.8,3.8,4.1,4.5,4.9,4.1
SYN-03967,4.6,4.0,4.2,4.3,4.1,4.2,3.9,4.5,4.0,4.1,4.1,4.1,4.4
SYN-03968,3.6,4.3,3.5,3.5,3.9,3.6,3.5,3.5,3.6,3.8,3.9,3.8,3.7
SYN-03969,5.0,5.0,4.8,5.0,5.0,5.0,4.7,5.0,5.0,5.0,4.6,5.0,4.2
SYN-03970,4.6,4.7,4.5,5.0,4.7,4.4,4.9,4.8,4.1,5.0,4.7,4.9,4.8
SYN-03971,4.0,4.2,4.0,4.1,4.2,4.1,4.2,3.9,3.9,4.3,4.5,3.9,4.2
SYN-03972,3.4,4.4,4.2,3.6,3.7,4.2,3.9,4.0,3.5,4.0,3.8,3.9,3.7
SYN-03973,4.3,4.4,4.1,5.0,4.0,4.5,4.4,4.5,3.6,3.8,4.2,4.6,4.2
SYN-03974,4.1,4.2,4.0,4.4,4.3,4.4,4.7,4.2,4.3,3.9,3.9,4.2,4.3
SYN-03975,4.5,4.5,4.4,4.8,4.2,4.3,4.4,4.0,4.5,4.3,4.4,4.5,4.4
SYN-03976,4.4,4.2,4.7,3.8,4.1,4.1,4.1,3.7,4.8,4.5,4.1,4.5,4.2
SYN-03977,4.3,4.1,4.4,4.2,4.1,4.7,4.1,4.8,4.2,3.9,4.5,4.2,3.9
SYN-03978,4.8,4.3,4.1,4.9,5.0,4.6,5.0,4.9,4.9,4.7,4.5,4.8,4.9
SYN-03979,4.0,4.3,4.3,4.3,4.2,4.0,4.3,4.3,4.3,4.6,4.0,4.5,3.9
SYN-03980,3.8,3.2,3.6,3.8,3.4,3.4,4.1,3.4,3.8,4.3,3.9,3.8,3.6
SYN-03981,4.5,4.6,4.1,5.0,4.7,4.2,5.0,4.9,4.8,5.0,4.7,5.0,4.7
SYN-03982,4.9,4.6,4.2,4.2,4.7,4.7,4.4,4.7,4.9,5.0,4.6,4.9,5.0
SYN-03983,5.0,4.8,5.0,5.0,5.0,5.0,5.0,5.0,4.7,4.6,5.0,5.0,5.0
SYN-03984,4.1,3.3,3.6,3.8,3.5,3.7,3.4,3.7,3.5,3.9,4.1,3.9,4.6
SYN-03985,4.6,4.6,4.3,4.2,4.7,4.2,4.3,4.2,4.4,4.6,4.6,4.2,4.3
SYN-03986,3.6,3.9,2.9,3.5,3.3,3.3,3.2,3.6,2.7,3.4,2.9,3.3,3.4
SYN-03987,4.3,4.6,4.8,5.0,4.4,4.7,4.8,4.3,4.8,3.7,4.5,4.9,4.4
SYN-03988,4.0,3.9,4.4,3.5,3.9,4.3,4.1,4.4,4.2,3.9,4.2,3.6,3.4
SYN-03989,4.7,4.9,4.6,4.9,4.9,4.3,4.7,5.0,5.0,4.7,5.0,5.0,4.7
SYN-03990,4.2,4.1,3.8,3.6,4.4,4.3,3.8,4.3,4.1,4.3,3.4,3.8,4.4
SYN-03991,4.4,3.5,3.5,3.8,3.7,3.8,3.0,3.5,3.9,2.9,3.1,3.1,3.8
SYN-03992,3.8,3.7,4.1,3.7,4.2,4.8,3.9,3.5,3.9,4.2,4.2,4.3,3.9
SYN-03993,3.4,2.8,3.7,3.1,3.6,3.2,3.5,3.8,3.4,3.3,3.5,3.3,3.2
SYN-03994,5.0,3.9,4.7,4.4,4.2,4.6,4.5,4.9,4.1,4.3,4.8,4.4,4.6
SYN-03995,3.8,3.6,3.3,3.4,3.8,3.5,3.4,3.6,3.1,3.4,3.5,3.4,3.4
SYN-03996,4.1,4.2,4.6,3.5,4.4,4.2,4.2,4.1,4.4,4.5,3.6,4.8,4.3
SYN-03997,3.5,3.1,3.3,3.9,3.5,3.6,3.3,4.1,3.4,3.8,3.4,3.6,3.6
SYN-03998,4.4,4.3,3.9,4.4,3.8,3.7,4.0,4.2,3.8,4.1,3.7,4.0,4.4
SYN-03999,4.5,4.4,4.9,4.5,5.0,4.8,5.0,4.4,4.9,4.5,4.7,4.5,5.0
SYN-04000,4.4,4.4,4.7,4.3,4.6,4.9,4.4,4.4,4.6,4.8,4.4,4.1,4.6
SYN-04001,3.8,4.0,3.9,3.4,3.8,4.0,3.9,3.6,3.9,4.1,3.5,3.2,4.3
SYN-04002,4.1,3.8,3.8,4.0,4.3,3.5,3.9,4.5,4.2,4.2,4.1,4.1,3.8
SYN-04003,3.7,4.1,3.7,4.0,3.9,4.5,3.8,4.2,4.1,3.8,3.5,3.9,4.2
SYN-04004,3.2,3.9,4.0,3.6,3.9,3.7,3.8,4.1,3.1,3.4,4.0,4.0,3.2
SYN-04005,4.1,2.9,3.8,3.7,3.4,3.4,3.5,3.6,4.2,3.9,4.1,3.5,3.7
SYN-04006,3.6,3.8,3.7,4.0,3.7,3.6,4.0,3.9,3.7,3.6,3.7,4.1,4.0
SYN-04007,2.5,2.5,2.4,2.6,2.7,2.4,3.4,2.9,2.7,2.7,2.3,2.3,3.1
SYN-04008,4.7,3.6,4.4,4.6,4.1,4.7,4.5,4.4,4.2,4.3,4.1,4.3,4.3
SYN-04009,3.6,3.2,3.7,3.4,3.4,3.5,4.0,3.4,3.5,4.0,3.5,3.4,4.0
SYN-04010,3.0,3.1,3.0,3.2,3.2,3.0,2.6,3.1,2.9,3.3,2.8,2.9,2.6
SYN-04011,3.8,4.0,3.5,3.5,3.4,3.4,3.8,3.5,3.7,3.6,3.8,3.5,3.9
SYN-04012,4.8,3.7,4.2,4.2,4.0,4.3,4.6,3.6,3.6,4.7,4.2,4.3,3.9
SYN-04013,3.7,4.1,3.8,3.7,3.1,3.9,3.7,3.5,3.9,3.4,3.8,4.0,3.7
SYN-04014,3.0,2.9,3.2,3.0,3.8,2.7,3.1,3.2,3.1,2.9,3.5,3.3,3.3
SYN-04015,2.6,2.7,2.9,2.5,3.0,2.8,3.1,2.7,3.3,2.9,3.0,2.6,2.9
SYN-04016,4.7,4.4,4.8,5.0,4.8,4.8,4.8,5.0,5.0,4.4,4.7,4.7,4.6
SYN-04017,2.6,2.4,2.4,2.6,2.1,1.9,2.9,2.8,2.7,2.6,2.5,3.4,2.6
SYN-04018,4.5,4.3,3.8,3.6,3.7,3.6,3.8,3.9,3.3,4.5,3.5,2.9,3.7
SYN-04019,2.8,3.2,3.2,3.3,3.5,2.9,3.1,3.4,3.0,2.6,3.4,3.0,3.0
SYN-04020,4.1,4.1,4.4,3.7,4.8,3.6,4.0,3.8,4.1,4.1,4.1,4.2,4.5
SYN-04021,2.9,3.2,2.3,2.2,2.9,2.9,2.7,2.8,3.2,3.0,2.7,2.9,3.1
SYN-04022,4.0,4.1,4.7,3.9,4.1,4.0,4.7,4.1,4.6,4.3,4.9,4.4,4.7
SYN-04023,3.6,3.3,3.4,3.4,3.3,3.7,4.2,3.5,3.6,3.6,2.6,3.6,3.6
SYN-04024,3.0,2.8,3.5,3.9,3.3,3.3,4.1,3.6,3.0,3.2,4.0,3.2,3.2
SYN-04025,3.5,3.2,3.5,3.4,3.3,3.7,2.9,3.4,3.2,3.8,3.3,3.9,3.2
SYN-04026,3.2,3.5,2.9,3.6,3.2,3.3,3.3,3.2,2.9,3.2,2.6,2.8,3.1
SYN-04027,3.8,3.8,3.6,2.8,3.4,3.0,3.3,3.6,3.5,3.7,2.9,3.0,3.7
SYN-04028,4.4,3.9,3.9,4.2,4.1,4.1,3.6,4.2,3.8,3.5,3.7,3.7,4.3
SYN-04029,2.3,2.7,1.9,2.8,2.3,2.7,2.7,2.7,2.7,3.1,2.6,3.2,2.7
SYN-04030,3.2,3.4,3.1,3.2,3.2,3.2,3.7,3.8,3.2,3.5,3.4,3.4,3.3
SYN-04031,4.5,4.5,4.1,4.3,4.0,4.5,4.5,4.5,4.1,4.6,4.5,5.0,4.6
SYN-04032,3.3,3.0,3.5,3.1,3.2,3.2,3.3,3.9,3.2,3.3,3.0,2.9,3.4
SYN-04033,3.2,2.8,2.7,2.6,3.2,3.5,2.8,3.0,3.5,3.1,3.2,3.3,3.1
SYN-04034,2.6,2.9,2.4,2.3,2.6,3.0,3.1,2.7,3.0,3.2,2.8,3.0,3.4
SYN-04035,2.6,2.8,3.3,2.6,2.9,2.7,3.3,2.5,2.8,2.5,2.4,2.3,2.8
SYN-04036,4.2,4.0,4.1,3.9,4.3,4.3,4.1,4.1,3.9,4.6,4.3,4.0,4.0
SYN-04037,2.9,3.0,3.1,2.5,3.0,3.0,3.0,3.1,3.1,3.2,3.0,3.3,3.2
SYN-04038,4.6,4.2,3.7,3.9,3.8,3.9,4.3,3.8,3.8,4.1,3.7,3.7,4.1
SYN-04039,2.4,2.8,3.2,2.4,2.4,2.5,2.1,3.5,3.0,2.8,2.6,3.6,3.2
SYN-04040,3.4,3.8,3.5,3.3,3.2,3.3,3.1,3.8,3.3,3.8,3.2,3.3,3.3
SYN-04041,3.2,3.3,3.6,3.8,3.6,3.1,3.3,3.3,4.0,3.8,3.8,3.2,3.1
SYN-04042,3.3,2.9,3.2,3.2,3.0,3.4,2.6,3.1,3.3,3.6,3.1,3.5,3.4
SYN-04043,4.2,3.6,4.2,3.8,3.1,3.6,3.3,4.0,3.6,3.1,3.8,3.9,3.4
SYN-04044,2.2,2.4,1.8,2.5,2.8,2.1,2.9,2.6,2.3,2.5,2.8,2.4,2.5
SYN-04045,3.3,3.4,3.7,3.4,3.3,3.8,3.6,3.3,4.0,4.1,3.8,3.1,3.6
SYN-04046,3.9,3.3,4.1,3.8,4.1,3.7,3.9,3.9,3.8,3.9,3.7,3.4,3.1
SYN-04047,2.9,3.3,2.7,3.4,3.5,3.2,3.0,3.3,3.4,3.0,3.1,2.8,3.1
SYN-04048,3.0,3.5,3.4,3.6,3.4,3.0,3.4,3.5,3.9,3.4,3.4,3.3,4.0
SYN-04049,3.5,3.7,3.1,3.1,3.3,4.1,3.3,3.4,3.6,3.4,3.7,3.3,3.3
SYN-04050,4.4,3.3,3.8,3.3,3.1,3.6,3.2,3.5,3.4,4.0,3.1,3.8,3.7
SYN-04051,2.7,2.5,2.8,2.8,2.9,2.7,2.4,3.0,2.8,2.6,2.5,3.0,3.2
SYN-04052,3.7,3.7,3.9,3.4,4.2,3.2,3.5,3.3,3.6,4.1,3.5,3.7,2.7
SYN-04053,2.7,2.9,2.6,2.2,2.2,2.4,2.2,3.0,2.7,3.0,2.5,2.3,2.3
SYN-04054,3.0,3.0,3.5,3.4,3.2,2.7,3.2,3.1,3.6,3.4,3.2,2.5,3.1
SYN-04055,3.3,3.6,3.2,3.6,2.8,3.1,3.2,3.3,3.6,3.0,3.3,3.3,3.7
SYN-04056,3.6,3.3,3.3,3.4,3.1,4.1,3.6,3.3,3.3,3.3,3.7,3.1,3.6
SYN-04057,3.0,2.7,2.5,3.1,2.5,2.8,2.9,2.7,2.5,2.7,2.9,2.6,3.0
SYN-04058,3.3,3.2,3.1,3.4,3.7,3.4,3.1,3.7,3.1,3.9,3.3,3.1,3.5
SYN-04059,3.8,4.1,4.0,3.5,3.9,4.1,4.0,4.3,4.0,3.9,4.0,3.8,4.0
SYN-04060,3.1,2.6,3.2,3.6,3.1,2.4,2.8,2.6,2.9,3.2,2.7,3.5,2.1
SYN-04061,2.2,2.4,1.9,2.0,2.5,2.9,2.9,2.2,2.7,2.3,2.6,2.3,2.0
SYN-04062,4.3,4.4,3.7,4.1,3.7,4.4,3.3,3.7,3.4,3.3,3.8,3.7,3.5
SYN-04063,3.2,3.4,3.1,2.4,3.1,3.1,2.7,3.1,2.8,2.7,2.6,3.2,3.4
SYN-04064,3.1,3.4,3.6,3.2,3.1,3.3,2.9,3.3,3.2,2.8,2.8,2.9,3.3
SYN-04065,3.5,3.6,4.0,3.7,3.4,3.3,3.7,3.3,3.9,3.6,3.6,3.3,3.8
SYN-04066,3.9,3.5,3.8,3.4,3.5,4.2,3.4,3.7,3.4,3.6,3.8,3.3,3.3
SYN-04067,4.2,4.1,4.4,4.1,4.6,4.3,4.6,4.6,3.9,4.5,4.3,4.3,4.4
SYN-04068,3.3,3.5,3.2,4.1,3.1,3.0,3.1,3.4,3.3,3.6,3.4,3.2,3.5
SYN-04069,3.9,3.6,3.8,3.6,3.5,3.7,3.6,3.8,4.0,3.5,3.7,3.9,3.7
SYN-04070,2.7,2.6,2.6,2.7,2.4,2.1,2.5,2.5,3.1,2.7,2.7,2.4,2.4
SYN-04071,3.6,3.5,4.1,3.9,4.3,4.0,3.9,3.3,4.4,3.9,3.2,3.9,3.6
SYN-04072,2.9,3.2,2.9,3.4,3.1,3.2,3.3,3.2,3.2,3.2,3.6,3.4,2.9
SYN-04073,4.7,4.8,5.0,4.7,4.8,4.6,5.0,5.0,5.0,4.9,4.5,4.7,4.6
SYN-04074,3.0,3.7,3.3,3.5,3.7,3.1,3.6,2.9,3.5,3.7,3.0,3.6,3.4
SYN-04075,3.6,3.4,3.8,3.9,3.6,3.4,4.0,4.1,4.0,4.2,3.5,3.3,3.9
SYN-04076,3.7,4.1,3.5,3.6,3.9,3.9,4.1,3.8,3.3,4.9,3.9,4.7,3.8
SYN-04077,3.1,3.4,3.8,3.6,3.5,3.4,3.5,3.4,3.8,3.7,3.2,3.0,3.1
SYN-04078,3.6,3.8,3.7,3.9,3.7,4.2,3.9,3.7,3.3,3.8,3.9,3.5,3.4
SYN-04079,5.0,4.4,4.8,4.7,4.9,4.5,4.7,4.5,4.8,4.9,5.0,5.0,4.7
SYN-04080,3.0,3.5,3.3,3.5,3.7,2.8,3.3,2.9,3.6,2.7,3.4,2.9,3.3
SYN-04081,2.6,2.1,1.8,2.2,2.1,1.9,1.7,2.6,2.7,2.1,2.2,2.5,2.5
SYN-04082,3.3,3.0,2.5,3.0,2.6,2.8,3.1,2.5,2.8,2.4,2.5,2.6,3.3
SYN-04083,4.1,4.8,4.3,4.3,3.7,4.0,3.7,4.0,3.9,4.0,4.3,4.0,4.3
SYN-04084,2.8,3.4,3.1,3.3,3.5,2.8,3.7,3.2,3.8,3.3,3.6,3.3,3.3
SYN-04085,4.8,4.7,4.7,4.9,4.9,4.9,4.9,4.3,5.0,4.6,4.3,5.0,5.0
SYN-04086,3.9,4.2,3.8,3.8,3.7,3.7,3.8,3.7,3.0,3.8,3.6,4.0,3.8
SYN-04087,3.3,3.1,2.8,2.8,2.8,2.9,2.9,3.4,3.2,2.6,2.9,3.1,2.8
SYN-04088,3.1,2.8,3.0,2.9,3.1,3.5,3.3,2.7,3.8,3.4,2.9,2.8,3.2
SYN-04089,3.5,3.8,3.4,3.1,3.1,3.4,2.9,3.7,3.1,3.5,3.6,4.2,3.2
SYN-04090,2.3,2.3,2.4,2.2,2.7,2.7,2.3,2.2,2.2,2.2,2.5,2.4,2.6
SYN-04091,4.1,3.7,3.8,4.4,3.8,3.5,3.6,3.2,3.8,3.5,3.4,3.4,4.0
SYN-04092,3.8,4.1,4.0,3.9,3.8,4.0,3.8,3.9,4.2,4.3,3.8,4.0,4.1
SYN-04093,3.0,3.2,3.2,3.5,3.6,2.9,3.5,3.1,2.9,3.2,2.9,3.0,2.6
SYN-04094,2.7,2.9,2.9,2.8,3.2,3.3,2.8,3.1,2.8,2.7,2.9,2.6,1.9
SYN-04095,2.9,2.5,2.9,2.8,2.8,2.7,2.6,2.8,2.9,2.9,3.1,3.2,2.7
SYN-04096,3.8,4.5,4.3,3.8,3.7,3.9,4.0,4.3,3.4,3.8,4.6,4.1,4.1
SYN-04097,3.8,4.2,3.4,3.8,3.3,3.9,3.8,3.5,4.2,4.1,4.3,3.5,3.6
SYN-04098,4.0,3.9,4.0,3.5,3.6,3.8,3.2,3.7,4.4,3.5,3.1,3.7,3.3
SYN-04099,4.4,4.7,4.6,4.3,4.7,3.9,4.5,4.3,3.7,4.0,4.4,4.6,4.4
SYN-04100,2.5,2.8,2.7,2.9,2.7,2.4,2.8,2.9,3.0,2.4,2.5,2.8,2.8
SYN-04101,3.2,3.2,3.3,3.4,3.1,3.5,2.9,3.1,3.4,3.1,3.3,3.3,4.0
SYN-04102,3.4,3.9,3.5,3.5,3.5,3.8,4.2,4.2,3.7,3.7,4.0,3.8,3.6
SYN-04103,4.1,4.4,4.3,4.3,3.9,3.6,3.3,3.3,3.9,4.1,4.2,4.0,3.7
SYN-04104,4.1,3.6,3.6,4.1,3.6,3.7,3.6,4.0,4.1,4.1,3.8,3.9,4.2
SYN-04105,3.7,3.6,3.7,3.7,3.9,3.9,3.8,3.7,3.6,4.1,4.0,3.8,3.9
SYN-04106,4.6,4.2,4.2,4.7,4.5,4.0,4.5,4.2,3.9,4.6,4.0,4.1,4.1
SYN-04107,4.5,3.6,3.7,3.8,4.1,3.9,3.7,4.1,4.3,3.4,3.7,4.1,3.5
SYN-04108,2.8,3.2,3.1,3.0,3.1,3.0,2.8,3.2,2.7,2.8,2.4,2.7,2.9
SYN-04109,3.3,3.5,3.1,3.1,3.1,3.3,3.7,2.6,3.1,3.1,2.6,3.2,3.1
SYN-04110,2.4,2.2,2.5,2.2,2.3,2.5,2.9,2.7,2.8,3.2,2.7,2.3,2.4
SYN-04111,3.8,4.0,3.9,3.8,4.3,4.3,4.1,3.7,4.1,3.9,4.4,3.7,4.2
SYN-04112,4.3,4.4,4.2,4.1,4.9,3.9,4.4,4.2,4.3,4.3,3.8,3.8,3.8
SYN-04113,2.7,2.9,2.6,2.4,3.1,2.4,3.0,2.6,3.2,2.7,2.3,2.8,2.6
SYN-04114,3.5,3.4,3.1,3.0,3.0,3.1,3.7,3.2,3.6,2.8,2.7,3.0,3.5
SYN-04115,2.4,2.8,2.9,2.2,2.8,3.0,2.8,2.1,2.0,2.4,2.4,2.8,2.2
SYN-04116,3.6,3.1,3.5,3.3,3.5,3.3,2.8,3.6,3.8,3.2,3.7,3.2,3.0
SYN-04117,2.9,3.0,2.6,3.5,2.6,2.9,2.8,3.5,2.6,3.3,3.1,2.7,2.9
SYN-04118,2.8,3.0,2.7,3.0,2.9,3.0,2.6,2.8,2.9,2.9,2.8,3.5,3.0
SYN-04119,3.7,3.6,3.6,3.5,4.0,3.5,3.7,4.1,3.7,3.4,3.3,3.3,3.6
SYN-04120,5.0,4.7,4.4,4.4,4.5,4.1,4.4,4.4,5.0,4.8,4.2,4.1,4.1
SYN-04121,4.4,3.5,4.4,4.0,3.9,3.6,4.3,4.1,4.2,3.9,4.1,4.4,4.1
SYN-04122,3.0,3.5,3.6,3.9,3.5,3.7,3.5,3.0,3.6,3.4,4.0,2.9,3.0
SYN-04123,3.7,3.9,3.4,3.4,3.5,3.3,3.8,3.3,3.7,3.1,4.0,2.8,3.2
SYN-04124,5.0,4.6,4.3,4.1,4.4,4.6,4.7,4.6,4.0,4.6,4.6,4.6,4.5
SYN-04125,3.8,3.9,4.6,4.0,4.0,4.1,3.8,4.4,3.8,4.5,3.8,4.1,4.3
SYN-04126,3.6,3.3,3.1,3.8,3.4,3.3,2.8,3.4,3.3,2.9,3.1,3.4,3.5
SYN-04127,3.5,3.5,3.8,3.5,3.7,4.3,3.8,4.1,3.4,3.5,3.5,3.4,3.2
SYN-04128,3.0,3.1,2.7,2.7,3.0,3.0,3.3,3.3,2.8,2.9,2.7,3.4,3.0
SYN-04129,3.8,3.4,3.8,3.7,3.9,3.1,3.5,3.8,3.2,3.7,3.7,3.7,3.6
SYN-04130,4.1,4.1,4.3,3.7,4.0,4.3,3.7,3.7,4.1,4.3,3.9,3.9,4.0
SYN-04131,3.9,4.7,3.8,4.1,4.1,3.4,3.8,3.7,4.3,3.6,4.3,3.7,4.3
SYN-04132,2.7,3.3,3.4,3.3,2.8,3.5,3.3,2.4,3.2,4.0,3.5,3.0,3.3
SYN-04133,3.9,4.4,3.8,4.4,4.3,4.2,4.7,4.4,4.4,4.4,4.3,4.2,3.8
SYN-04134,3.4,3.7,3.8,3.6,3.4,3.5,3.6,3.7,3.5,3.9,3.5,3.4,3.6
SYN-04135,3.0,3.9,3.5,3.3,3.8,3.3,3.3,3.1,3.1,3.4,3.7,3.1,3.3
SYN-04136,4.5,4.8,4.4,4.8,4.8,4.4,4.5,4.6,4.4,4.3,5.0,4.0,4.6
SYN-04137,3.7,3.1,3.3,3.6,2.4,3.3,2.8,3.6,3.1,3.8,3.0,3.4,3.0
SYN-04138,2.8,2.9,2.9,3.4,3.3,2.7,2.9,2.5,2.5,2.7,3.4,2.4,3.1
SYN-04139,3.3,2.9,3.3,3.3,3.1,3.1,3.1,2.9,3.2,3.0,3.2,2.9,2.9
SYN-04140,3.7,4.3,3.5,4.4,4.1,3.4,3.7,3.4,4.1,4.3,4.0,4.3,4.0
SYN-04141,3.2,3.0,3.0,3.2,2.9,3.4,2.9,3.1,2.7,2.5,3.1,2.4,3.6
SYN-04142,3.8,3.9,3.9,4.0,4.1,3.7,3.2,3.6,3.8,4.0,4.0,4.2,3.5
SYN-04143,2.8,2.9,3.5,3.8,2.6,3.4,3.1,3.2,2.6,3.4,2.4,2.6,2.9
SYN-04144,3.3,3.5,3.3,3.4,3.4,3.4,3.5,3.7,3.2,3.9,3.5,3.8,3.4
SYN-04145,4.5,4.7,5.0,4.3,4.9,4.8,4.8,4.4,4.9,4.8,4.3,4.8,4.6
SYN-04146,2.9,3.0,3.3,3.2,2.7,3.2,3.0,2.8,2.6,3.3,2.8,3.3,2.7
SYN-04147,3.0,3.2,2.6,2.8,2.3,2.2,2.7,2.4,2.0,2.4,2.0,2.3,2.7
SYN-04148,4.7,4.3,4.7,4.1,4.8,4.0,4.0,4.1,4.0,4.4,4.6,4.3,4.3
SYN-04149,2.3,2.8,3.3,3.2,2.4,2.6,3.8,2.9,3.2,3.2,2.4,2.9,2.8
SYN-04150,3.6,3.6,2.8,4.1,3.1,3.2,2.3,3.4,2.4,3.0,2.9,3.2,3.1
SYN-04151,4.1,4.3,3.6,3.8,3.6,3.6,4.5,3.5,3.7,4.6,3.9,3.9,4.0
SYN-04152,3.5,3.6,3.7,4.2,4.1,3.7,3.8,4.1,3.2,4.0,4.1,3.6,4.1
SYN-04153,2.2,2.7,2.0,2.4,1.8,2.2,2.4,2.0,2.5,2.5,2.2,2.1,1.3
SYN-04154,3.1,3.6,3.2,3.4,3.2,2.9,3.5,2.9,3.2,3.4,3.1,3.8,3.9
SYN-04155,3.7,3.7,3.8,4.3,4.1,4.2,4.4,3.7,4.1,4.0,4.1,4.3,3.9
SYN-04156,4.4,4.3,5.0,4.6,4.2,5.0,4.1,4.2,4.5,4.5,4.7,4.0,4.7
SYN-04157,3.2,2.5,2.7,2.6,2.9,2.5,2.5,2.8,2.9,2.9,2.7,3.0,2.9
SYN-04158,3.7,3.3,4.2,4.0,3.8,4.6,4.6,4.5,4.2,3.1,4.4,3.8,3.9
SYN-04159,3.4,3.7,3.6,3.2,3.4,2.8,2.6,3.5,3.2,2.7,3.1,3.3,3.4
SYN-04160,4.3,4.0,3.8,4.1,4.3,4.3,4.5,4.1,3.7,4.4,4.1,3.7,4.3
SYN-04161,3.4,3.0,3.4,2.8,2.7,3.2,2.8,3.3,3.0,3.3,3.1,2.7,2.3
SYN-04162,3.6,3.5,3.1,3.6,3.8,3.2,2.8,3.7,3.8,3.2,3.6,3.5,3.3
SYN-04163,3.9,3.6,3.4,3.8,3.8,2.9,3.4,3.5,3.9,3.3,3.6,4.3,3.7
SYN-04164,4.1,4.0,4.3,4.0,4.0,4.1,4.4,4.1,4.0,4.4,3.9,3.1,4.2
SYN-04165,3.9,3.6,3.7,4.2,3.9,4.3,3.9,3.8,4.0,3.9,3.9,3.7,3.6
SYN-04166,3.1,3.4,3.5,2.5,3.0,2.8,3.1,3.1,3.3,3.3,3.9,3.4,3.5
SYN-04167,2.8,3.1,2.9,3.4,3.2,3.1,3.5,3.1,3.6,3.6,3.0,3.6,3.3
SYN-04168,4.4,4.6,4.0,4.3,4.6,4.4,4.8,4.4,4.5,4.4,4.0,4.6,4.6
SYN-04169,3.1,2.9,3.5,4.0,4.5,3.1,4.1,4.0,3.5,4.2,3.8,3.6,3.1
SYN-04170,3.3,3.3,3.9,3.0,3.0,3.1,4.0,2.9,3.6,2.8,3.4,3.3,3.0
SYN-04171,4.0,3.6,3.3,3.7,3.5,3.9,3.7,4.3,3.7,3.9,3.4,3.7,3.5
SYN-04172,4.2,3.6,3.6,3.9,3.6,4.3,4.4,3.6,4.1,3.6,3.7,4.0,3.9
SYN-04173,2.8,3.1,3.1,2.8,2.6,2.8,2.5,3.0,2.7,2.4,3.2,2.8,2.5
SYN-04174,4.1,4.1,3.2,4.1,3.8,4.1,3.7,3.9,3.7,4.1,3.6,4.1,3.8
SYN-04175,2.9,2.4,2.8,2.8,3.2,2.9,2.5,2.5,2.9,2.5,2.5,2.4,2.7
SYN-04176,3.2,3.0,3.7,3.3,3.7,3.2,2.9,2.8,3.1,3.4,3.1,3.4,3.6
SYN-04177,2.7,2.6,3.2,3.0,3.1,3.2,2.5,3.1,3.0,3.1,2.7,3.0,2.8
SYN-04178,3.7,3.4,3.2,3.1,3.7,3.7,4.0,3.3,3.1,3.4,3.2,3.2,3.6
SYN-04179,3.6,3.4,3.3,3.5,3.2,3.7,4.2,3.1,3.6,3.6,3.4,3.6,3.4
SYN-04180,3.6,3.4,3.4,3.6,3.5,3.1,3.5,3.3,3.2,3.7,3.1,3.3,3.1
SYN-04181,2.3,3.2,2.2,2.4,2.9,2.6,2.4,2.2,2.7,2.4,3.1,2.4,3.0
SYN-04182,3.7,3.7,3.4,3.3,3.4,3.8,3.6,2.9,3.1,3.4,3.6,3.4,3.3
SYN-04183,2.6,3.2,2.9,3.4,2.5,3.1,3.1,3.1,3.1,2.7,2.8,2.9,2.6
SYN-04184,5.0,4.0,4.4,4.3,5.0,4.8,4.6,4.8,4.8,4.4,4.8,5.0,5.0
SYN-04185,3.5,3.4,3.6,3.5,2.9,3.0,3.5,3.1,3.0,3.7,3.3,3.3,2.9
SYN-04186,3.2,3.3,3.1,3.0,3.9,3.8,3.3,3.0,2.8,3.2,2.7,3.2,2.8
SYN-04187,3.9,3.9,3.8,4.5,3.8,4.4,4.0,4.5,3.4,3.6,3.8,4.4,3.8
SYN-04188,4.0,4.4,4.5,4.0,4.0,4.7,4.6,4.7,4.5,4.0,4.2,3.9,4.5
SYN-04189,2.7,2.3,2.9,3.2,2.4,2.8,2.7,3.1,2.2,3.2,2.6,2.8,3.1
SYN-04190,4.3,3.8,3.6,3.7,4.2,3.5,3.9,3.8,4.0,3.8,3.7,3.7,3.7
SYN-04191,3.6,4.2,4.1,3.6,3.9,3.9,3.9,4.0,4.0,4.3,4.0,4.2,3.6
SYN-04192,3.3,3.2,3.5,3.6,4.1,3.4,3.9,3.4,3.6,3.6,3.3,3.3,4.1
SYN-04193,3.4,3.9,3.8,3.4,3.6,3.6,3.7,3.5,3.1,3.4,3.9,3.6,3.5
SYN-04194,2.8,3.6,3.2,3.5,3.4,3.5,3.7,3.3,3.2,3.7,3.5,3.0,3.5
SYN-04195,3.8,2.6,2.9,3.1,3.5,3.6,3.5,3.6,3.0,3.0,3.7,3.4,3.7
SYN-04196,3.2,3.1,3.1,3.7,3.8,3.6,3.3,3.6,3.6,2.8,3.3,3.5,3.8
SYN-04197,3.2,3.3,3.2,3.3,2.9,3.1,2.6,3.1,3.4,3.0,3.2,3.4,4.1
SYN-04198,4.0,4.2,3.9,4.1,4.0,3.9,3.9,4.4,4.1,3.6,3.9,3.7,4.3
SYN-04199,2.8,3.3,3.3,3.1,3.2,2.9,3.3,2.6,2.9,2.9,3.3,3.5,2.9
SYN-04200,3.9,3.6,3.9,4.3,3.4,4.0,4.2,4.0,3.9,4.2,3.7,3.7,3.4
SYN-04201,4.3,4.3,4.1,4.0,4.2,4.3,3.9,3.6,3.7,3.8,3.9,4.2,4.3
SYN-04202,3.7,3.8,3.8,3.8,3.7,3.4,3.3,3.5,4.0,4.4,3.9,3.8,4.0
SYN-04203,3.0,2.2,3.4,3.0,2.1,2.2,3.4,2.8,2.3,2.5,2.7,2.8,2.9
SYN-04204,3.9,3.9,3.7,3.6,3.5,3.8,3.9,3.4,4.5,3.6,3.6,3.8,3.1
SYN-04205,3.3,2.8,2.6,3.2,3.2,3.7,3.2,3.2,3.2,2.4,3.2,3.1,3.1
SYN-04206,3.0,3.4,2.9,3.4,3.3,3.6,3.1,3.6,3.3,3.2,3.0,3.3,3.1
SYN-04207,3.7,3.9,3.7,3.8,4.2,3.9,3.5,3.6,3.7,4.3,3.3,3.8,4.1
SYN-04208,4.3,4.1,3.6,4.6,4.0,3.8,4.2,4.5,4.2,4.0,4.2,4.1,4.0
SYN-04209,2.6,2.3,2.3,2.8,2.5,2.6,2.4,2.4,2.4,2.4,2.5,2.6,3.0
SYN-04210,3.8,3.4,3.3,3.0,3.3,3.2,3.5,4.0,3.4,3.1,3.5,3.4,3.9
SYN-04211,4.0,4.3,4.8,4.1,4.8,4.4,4.9,4.6,4.5,4.8,4.6,4.2,4.4
SYN-04212,2.4,2.6,2.3,3.6,2.9,3.1,2.6,3.1,3.1,3.2,2.9,3.2,2.7
SYN-04213,3.5,3.4,3.0,2.8,3.3,3.3,3.3,3.7,3.8,3.6,3.6,3.4,3.4
SYN-04214,3.3,3.2,3.3,3.2,3.0,3.2,3.1,3.6,3.0,4.0,3.7,2.8,3.5
SYN-04215,3.8,4.1,4.4,3.7,3.7,4.1,3.8,3.2,4.2,4.0,3.9,3.9,4.6
SYN-04216,3.1,2.6,2.8,3.2,3.2,2.4,2.7,2.5,3.0,2.5,3.3,3.2,2.7
SYN-04217,2.3,2.4,2.8,2.9,2.6,1.9,2.8,2.0,2.0,2.9,2.3,2.7,2.7
SYN-04218,3.7,4.0,3.8,4.0,3.8,3.8,3.8,3.7,4.2,3.8,3.6,3.8,3.8
SYN-04219,3.5,3.8,3.4,3.5,3.8,3.8,3.4,3.9,3.9,3.9,3.7,3.6,3.3
SYN-04220,2.4,2.8,2.9,2.8,2.8,3.3,3.3,2.5,2.9,2.9,3.1,3.4,3.5
SYN-04221,3.7,3.5,3.4,4.2,3.2,3.7,3.4,3.1,4.0,2.9,2.8,3.7,3.4
SYN-04222,2.9,2.8,3.0,2.7,3.1,3.1,3.3,3.2,2.8,3.0,2.9,2.9,2.4
SYN-04223,4.2,4.2,4.6,4.4,4.1,4.0,3.7,4.6,3.7,3.4,4.3,4.0,4.1
SYN-04224,3.7,3.3,3.8,3.6,3.5,4.1,3.9,3.0,3.7,4.0,3.3,3.4,4.0
SYN-04225,3.0,2.5,3.5,3.1,3.2,3.1,3.4,2.8,3.3,3.5,2.7,2.9,3.6
SYN-04226,3.5,2.9,2.8,3.3,3.3,3.2,3.9,3.4,2.9,3.5,3.2,3.0,3.5
SYN-04227,3.7,3.3,3.0,3.3,3.0,3.3,3.5,2.7,3.5,3.1,3.1,2.8,2.9
SYN-04228,3.4,3.2,3.3,2.7,3.4,2.9,2.7,2.6,2.6,2.7,2.6,3.2,3.7
SYN-04229,4.2,4.2,3.7,4.0,3.8,4.5,4.8,3.9,4.2,4.2,4.4,4.3,4.9
SYN-04230,3.9,4.4,4.0,3.7,4.6,4.7,4.3,4.0,3.8,4.3,3.5,4.4,4.0
SYN-04231,3.1,3.0,2.8,3.3,3.3,3.3,3.6,3.3,3.5,2.8,3.1,3.7,3.6
SYN-04232,3.4,3.2,3.0,3.2,3.5,2.7,3.9,3.7,3.7,3.5,3.4,3.4,3.2
SYN-04233,3.5,2.8,2.7,2.8,2.7,3.1,2.7,2.8,3.3,3.2,2.6,3.2,2.5
SYN-04234,3.0,3.3,3.5,3.3,3.5,3.3,2.8,3.4,3.0,3.4,3.0,3.6,3.8
SYN-04235,3.3,3.2,3.7,4.1,3.8,3.6,3.4,4.0,4.2,3.2,3.9,4.5,3.6
SYN-04236,4.1,4.1,4.0,4.5,4.7,3.6,3.9,4.5,4.3,4.3,4.4,4.2,4.3
SYN-04237,2.9,2.9,3.0,2.9,3.1,3.1,2.4,2.9,3.0,3.5,2.9,3.0,3.0
SYN-04238,3.0,2.2,2.3,2.3,2.6,2.1,3.0,2.7,2.7,3.2,2.5,2.8,2.7
SYN-04239,3.4,3.2,2.8,3.1,2.8,2.8,2.9,2.9,2.7,2.3,3.0,3.1,3.1
SYN-04240,4.4,3.3,4.3,4.6,4.3,3.7,3.9,3.6,3.6,4.3,4.0,4.0,3.5
SYN-04241,3.0,3.8,3.6,3.4,4.0,3.7,3.2,2.9,3.7,3.3,3.4,3.4,3.9
SYN-04242,4.3,4.0,4.0,4.1,4.4,4.1,3.9,3.7,4.0,3.7,4.1,4.2,4.4
SYN-04243,3.5,3.8,4.0,3.5,4.2,4.0,3.4,4.4,3.5,3.9,3.7,3.6,3.9
SYN-04244,4.4,4.4,4.4,4.0,4.7,4.2,4.5,4.4,4.6,4.4,4.3,4.5,4.5
SYN-04245,2.3,2.6,3.0,3.4,2.1,2.9,2.7,2.5,2.5,2.3,2.2,2.7,3.2
SYN-04246,2.2,2.2,1.9,1.9,2.1,1.8,2.5,2.0,1.9,2.8,2.5,1.8,1.9
SYN-04247,4.2,4.2,4.1,4.6,4.3,4.2,4.1,3.9,4.1,4.0,3.9,4.6,4.5
SYN-04248,2.9,3.5,3.2,2.7,2.6,3.2,3.2,2.7,2.9,3.3,3.5,3.1,3.1
SYN-04249,3.4,4.0,3.7,3.3,3.8,3.4,3.3,3.4,3.3,3.3,3.2,3.4,3.4
SYN-04250,3.2,3.7,3.0,3.5,3.8,3.9,3.4,3.9,3.5,4.3,3.1,3.3,3.6
SYN-04251,3.3,3.5,3.8,3.7,3.7,3.7,2.9,3.7,3.5,3.6,3.2,3.9,3.8
SYN-04252,2.9,3.3,3.7,3.3,2.6,3.1,3.3,3.9,2.9,3.2,2.9,3.5,3.1
SYN-04253,2.2,2.9,2.9,3.1,3.0,3.2,2.9,3.0,3.0,2.9,3.1,3.2,3.0
SYN-04254,2.8,2.6,3.0,2.6,3.0,3.0,3.3,3.3,2.0,2.9,2.3,3.3,2.9
SYN-04255,4.2,3.9,3.4,3.5,3.8,4.0,3.8,3.9,3.7,4.2,3.9,3.8,3.9
SYN-04256,3.8,3.8,4.1,4.2,4.2,3.9,4.0,3.7,4.2,3.6,4.0,4.2,4.0
SYN-04257,3.5,3.3,2.8,3.2,3.4,3.2,3.5,2.9,2.8,3.6,3.3,3.5,3.2
SYN-04258,3.3,3.6,3.6,3.0,3.0,3.2,3.7,2.8,2.8,3.4,3.0,3.4,3.0
SYN-04259,3.9,3.7,3.5,3.9,3.4,3.9,3.7,3.4,3.9,3.9,3.1,3.8,3.8
SYN-04260,2.7,2.1,2.8,2.8,2.4,2.3,2.4,2.7,2.3,2.3,3.3,2.7,2.6
SYN-04261,4.4,4.4,5.0,4.8,5.0,4.7,4.3,4.7,4.7,4.8,4.4,5.0,4.2
SYN-04262,3.9,3.7,3.5,3.8,4.1,3.9,3.8,3.1,4.0,3.6,3.9,4.0,3.8
SYN-04263,2.8,3.8,4.0,3.7,3.2,3.8,3.3,3.4,3.8,3.6,2.7,3.5,3.8
SYN-04264,3.5,4.2,3.5,3.9,4.1,3.9,4.3,3.5,4.2,4.0,3.7,4.1,3.9
SYN-04265,4.3,4.0,4.0,3.6,3.9,3.7,3.8,4.2,3.8,3.4,4.0,4.1,4.3
SYN-04266,3.9,3.5,3.7,3.7,3.8,2.9,3.5,3.8,4.0,3.4,3.5,3.6,3.6
SYN-04267,2.7,2.2,2.7,2.9,2.3,2.3,2.5,2.3,2.4,2.0,2.7,3.0,2.3
SYN-04268,3.2,4.0,3.6,3.5,3.7,3.4,3.9,3.3,3.4,3.4,3.8,3.2,4.4
SYN-04269,4.2,3.7,4.0,4.5,4.7,4.3,4.3,3.8,4.7,4.5,4.4,4.3,4.5
SYN-04270,3.0,3.5,3.4,3.2,3.1,2.5,2.7,3.4,3.5,3.5,2.8,3.9,3.5
SYN-04271,3.9,4.1,3.5,3.8,4.2,4.0,4.6,3.6,4.0,3.7,4.5,4.1,4.0
SYN-04272,3.9,3.7,4.3,4.0,4.0,4.1,3.7,4.6,4.4,4.0,3.9,4.2,4.3
SYN-04273,4.2,3.9,3.7,3.7,3.1,3.5,3.8,3.0,3.7,3.4,4.1,3.6,3.6
SYN-04274,3.6,3.6,3.8,3.5,3.6,3.8,3.6,3.8,3.5,3.7,4.0,3.8,3.0
SYN-04275,4.0,3.5,3.5,4.0,3.5,3.5,3.8,3.6,3.3,4.0,4.1,4.1,3.5
SYN-04276,3.9,3.6,3.3,3.5,2.9,3.4,3.3,3.8,3.8,3.2,4.0,3.5,3.4
SYN-04277,4.0,4.3,4.5,4.8,4.5,4.4,4.7,4.6,4.1,4.4,4.4,4.5,4.4
SYN-04278,3.8,4.5,4.0,4.2,4.0,4.3,4.0,4.3,3.2,4.1,4.1,4.1,3.7
SYN-04279,3.7,3.6,4.0,4.2,3.4,4.0,3.6,4.4,4.1,3.8,3.8,4.3,3.9
SYN-04280,3.5,4.5,4.3,3.9,4.3,3.9,3.9,4.0,4.3,4.2,4.4,4.2,4.5
SYN-04281,4.4,4.0,3.8,3.8,3.3,3.9,3.7,3.7,3.9,3.3,3.8,4.0,3.4
SYN-04282,2.8,2.5,2.7,2.5,2.5,2.8,2.8,2.9,2.3,2.1,2.0,2.1,2.6
SYN-04283,4.3,3.9,3.4,3.7,3.3,3.3,3.1,3.1,3.6,3.9,3.7,3.9,3.7
SYN-04284,3.1,3.0,3.3,2.7,3.0,2.9,3.5,2.7,3.4,3.3,3.3,3.0,2.7
SYN-04285,3.8,3.9,3.8,3.6,3.3,3.5,3.8,3.4,3.4,3.2,3.8,3.8,4.0
SYN-04286,2.6,3.5,3.5,3.6,3.2,3.3,3.3,2.9,2.9,3.3,3.1,3.4,3.1
SYN-04287,3.4,3.4,3.6,4.0,3.7,3.9,3.3,3.9,3.8,4.2,3.9,4.1,4.4
SYN-04288,3.3,3.7,3.3,3.1,3.2,3.1,3.1,3.1,3.2,3.5,2.8,3.4,3.3
SYN-04289,4.8,4.3,4.8,4.2,4.3,4.6,4.6,4.4,4.5,4.4,4.7,4.4,4.4
SYN-04290,4.7,4.5,4.6,5.0,3.8,4.1,4.1,4.2,4.8,3.6,4.6,3.9,4.4
SYN-04291,2.8,3.0,2.6,2.7,2.1,3.4,2.8,2.8,3.0,2.7,2.8,2.9,2.3
SYN-04292,3.8,4.3,4.2,4.1,4.3,3.3,3.5,3.4,4.7,3.8,3.3,3.3,3.7
SYN-04293,2.8,3.8,3.5,3.3,2.9,2.8,3.4,3.3,2.9,3.2,3.2,3.5,3.9
SYN-04294,3.0,3.9,3.4,3.8,3.7,3.8,3.3,3.9,3.7,4.1,4.1,3.7,3.9
SYN-04295,4.1,4.2,4.2,3.5,3.9,3.4,3.7,3.7,4.0,3.8,3.8,4.1,4.1
SYN-04296,2.9,3.0,3.0,3.4,2.7,2.6,2.9,2.5,2.7,2.9,2.6,2.7,2.7
SYN-04297,2.8,2.6,3.3,3.4,3.3,3.2,2.8,3.0,2.7,2.9,3.0,2.5,3.0
SYN-04298,2.9,3.1,3.0,3.1,3.2,2.7,2.9,2.8,3.4,3.5,3.0,3.2,2.6
SYN-04299,3.3,3.1,3.6,3.1,3.0,2.8,3.3,3.0,3.6,3.4,3.2,3.4,3.7
SYN-04300,2.9,3.0,3.8,3.0,3.4,3.6,3.2,3.4,3.1,3.8,3.1,2.9,3.5
SYN-04301,4.2,4.0,3.9,3.8,3.7,3.8,4.0,3.9,3.5,3.8,3.9,4.1,4.0
SYN-04302,4.1,3.3,3.8,3.8,3.7,3.5,3.4,3.6,3.1,3.3,3.3,3.8,3.8
SYN-04303,2.7,2.6,2.6,3.3,3.3,3.2,3.5,3.6,2.7,2.9,3.3,2.2,2.9
SYN-04304,3.6,3.2,3.5,2.7,3.4,3.2,3.3,3.0,3.8,3.3,3.4,3.9,3.0
SYN-04305,2.2,2.0,2.0,2.3,2.1,2.8,2.7,2.1,1.7,2.1,2.5,1.9,2.7
SYN-04306,4.8,4.3,4.4,4.5,4.4,4.3,4.4,4.5,5.0,4.7,4.8,4.7,4.4
SYN-04307,3.9,3.4,3.4,3.6,4.3,3.3,3.0,3.6,3.7,3.4,3.3,3.1,3.6
SYN-04308,4.6,4.6,4.1,3.9,4.2,3.9,3.9,4.1,4.4,4.0,4.0,4.0,4.3
SYN-04309,4.2,3.6,3.9,4.3,3.8,4.4,4.1,4.5,3.8,4.1,4.2,4.3,4.0
SYN-04310,3.8,3.3,3.5,3.0,3.4,3.2,3.6,3.8,3.6,3.7,3.5,3.4,3.1
SYN-04311,1.6,1.7,2.0,2.5,1.8,1.9,2.0,2.6,2.2,2.2,2.3,2.6,2.2
SYN-04312,2.7,3.2,3.6,3.4,3.3,3.3,2.6,2.6,3.5,3.6,3.0,3.3,3.4
SYN-04313,4.2,3.7,3.9,4.3,3.6,3.7,3.4,3.4,4.0,4.1,4.0,3.4,3.6
SYN-04314,3.7,2.9,3.7,4.1,3.9,2.8,3.7,3.6,3.6,3.6,3.4,2.8,3.6
SYN-04315,4.3,3.9,4.4,3.6,3.6,4.1,3.9,4.4,3.9,4.5,3.9,4.1,3.5
SYN-04316,3.5,3.5,3.9,3.0,3.4,3.9,4.0,3.2,3.3,3.0,2.9,3.4,3.3
SYN-04317,5.0,4.6,4.5,4.7,4.8,4.9,4.6,4.5,4.6,4.5,4.4,4.8,4.5
SYN-04318,2.6,2.9,3.1,2.5,2.8,2.7,3.6,2.9,3.4,3.0,3.0,2.9,2.9
SYN-04319,3.8,3.6,3.8,3.3,3.8,3.4,3.8,3.9,4.2,3.9,3.7,3.6,4.0
SYN-04320,2.9,2.7,3.0,2.4,3.0,2.7,2.8,3.5,2.8,3.2,3.2,3.2,3.0
SYN-04321,3.7,3.8,3.7,3.9,3.9,3.7,4.2,3.9,3.9,3.5,4.0,4.0,3.8
SYN-04322,3.2,3.1,3.3,3.3,3.3,3.6,3.1,2.8,3.0,3.0,2.8,2.3,3.2
SYN-04323,2.5,3.1,3.1,2.7,2.7,2.3,2.6,2.5,2.6,2.3,2.7,2.1,3.4
SYN-04324,3.1,3.1,2.3,2.2,2.8,2.6,3.2,2.9,2.7,3.1,2.7,2.8,3.0
SYN-04325,3.0,3.5,3.4,3.0,3.8,3.1,2.8,3.0,2.9,3.3,3.7,3.3,3.7
SYN-04326,4.7,3.6,4.6,4.2,4.5,4.3,5.0,4.5,4.5,4.7,3.9,4.7,4.3
SYN-04327,3.7,4.2,3.5,4.2,3.9,3.9,3.2,4.2,4.0,3.8,3.6,4.1,4.0
SYN-04328,3.7,3.4,3.8,3.8,4.1,3.4,3.5,4.3,3.8,3.8,4.0,4.3,3.4
SYN-04329,4.1,3.5,3.5,3.5,3.9,3.8,3.4,3.1,3.4,3.1,3.7,3.3,3.4
SYN-04330,3.2,3.1,3.0,2.6,3.0,2.6,3.0,2.5,3.2,2.9,2.9,3.0,2.8
SYN-04331,3.0,3.4,3.3,3.2,3.1,2.9,3.3,2.7,3.5,3.2,3.3,3.1,3.0
SYN-04332,3.5,2.8,3.0,3.1,2.8,3.4,3.6,2.7,3.1,3.1,3.3,3.5,3.1
SYN-04333,3.4,3.2,3.0,3.2,2.8,3.1,3.1,3.0,3.9,3.5,3.2,3.3,3.3
SYN-04334,3.3,3.6,3.4,2.5,3.4,2.9,3.0,3.4,2.6,3.7,3.4,3.2,3.4
SYN-04335,3.3,3.0,3.2,2.7,3.2,3.2,3.4,3.0,3.1,2.7,3.0,3.2,3.2
SYN-04336,4.0,3.6,3.5,3.7,3.3,3.9,3.3,3.4,3.2,3.5,3.7,4.0,3.5
SYN-04337,3.0,2.3,3.2,3.1,3.1,3.5,3.3,3.0,2.8,2.7,3.0,3.2,2.5
SYN-04338,4.1,4.4,3.8,4.1,3.8,3.3,3.9,3.8,4.4,4.3,3.8,4.5,4.3
SYN-04339,4.0,4.2,3.8,3.4,4.1,3.7,4.0,4.2,3.5,4.2,4.4,3.5,4.3
SYN-04340,4.4,3.8,4.1,3.5,4.1,4.0,3.9,3.9,3.9,3.8,3.5,3.8,3.8
SYN-04341,3.4,3.7,3.7,3.6,3.9,3.9,3.6,3.8,4.0,3.5,3.3,3.5,3.9
SYN-04342,2.5,2.3,3.0,2.3,2.6,2.9,2.8,2.8,2.4,2.8,2.7,2.8,3.1
SYN-04343,4.4,4.9,4.8,5.0,5.0,5.0,5.0,4.6,4.6,5.0,4.4,4.7,4.5
SYN-04344,3.0,3.4,3.6,3.5,3.4,3.2,3.2,3.6,3.2,3.2,3.5,3.1,3.4
SYN-04345,3.8,3.7,3.9,4.2,4.0,4.0,4.2,4.1,3.9,4.1,3.9,4.1,4.2
SYN-04346,4.1,3.6,3.8,4.2,3.3,4.1,4.0,4.8,4.1,3.9,4.3,3.9,4.0
SYN-04347,3.0,3.1,2.7,3.2,2.8,3.5,2.5,2.7,2.3,3.8,2.6,3.2,3.1
SYN-04348,2.9,3.4,2.8,2.9,2.7,3.4,2.6,3.3,3.1,3.7,3.2,3.4,3.3
SYN-04349,3.7,4.1,3.8,4.0,3.4,3.9,4.0,3.4,3.7,3.2,3.2,3.7,4.3
SYN-04350,3.2,2.6,2.4,2.9,2.0,2.5,2.4,2.6,3.1,1.9,2.7,2.8,2.6
SYN-04351,3.5,3.6,3.5,2.8,3.2,3.9,3.1,3.5,3.2,3.6,3.4,3.6,3.6
SYN-04352,2.1,1.5,1.9,1.8,1.8,2.3,2.8,1.4,1.7,2.3,2.1,2.3,2.2
SYN-04353,3.9,3.7,3.8,3.8,3.1,3.7,3.7,3.4,3.4,3.4,3.2,3.1,4.1
SYN-04354,4.6,4.3,3.8,4.4,4.1,4.2,4.9,4.8,3.5,4.4,4.3,4.4,4.1
SYN-04355,3.5,3.2,3.8,3.8,4.0,3.3,3.6,4.1,3.3,3.2,3.6,3.8,3.3
SYN-04356,3.3,2.4,2.9,2.5,2.6,2.9,2.6,2.2,2.5,2.9,2.8,2.9,2.5
SYN-04357,2.9,3.0,3.0,3.2,2.8,3.5,3.4,2.9,3.1,2.9,3.2,2.9,3.8
SYN-04358,3.4,3.5,3.8,3.9,3.9,4.1,4.0,3.6,4.2,4.0,4.3,3.9,4.2
SYN-04359,2.8,3.4,3.3,3.8,3.4,3.9,3.8,3.4,3.7,3.5,3.6,3.8,3.5
SYN-04360,3.3,3.9,4.1,3.2,3.7,3.5,4.1,4.1,3.5,3.4,3.8,3.4,4.0
SYN-04361,3.4,3.9,3.9,3.9,3.5,3.1,3.0,3.6,3.6,3.5,3.0,3.2,3.4
SYN-04362,2.9,2.8,2.8,3.0,3.0,2.8,3.1,3.2,3.2,2.8,3.0,3.1,3.1
SYN-04363,3.2,3.5,3.7,3.4,3.7,3.6,3.4,3.9,3.5,3.5,3.4,4.0,4.0
SYN-04364,3.9,3.8,3.3,3.4,3.3,3.8,4.2,3.7,4.0,3.7,3.6,3.4,3.7
SYN-04365,4.3,4.4,4.1,4.1,4.0,3.9,4.3,3.5,3.6,3.9,3.7,4.4,3.9
SYN-04366,3.5,3.6,3.3,3.3,3.6,3.5,2.6,3.1,3.4,3.3,2.9,2.7,3.4
SYN-04367,3.3,3.5,3.6,3.5,3.2,3.5,3.4,4.0,3.6,4.3,3.1,3.4,3.4
SYN-04368,3.2,3.3,3.3,3.1,4.0,3.4,3.7,3.7,3.8,3.1,3.8,3.4,4.0
SYN-04369,4.9,4.4,5.0,5.0,4.4,5.0,5.0,4.9,4.5,5.0,5.0,4.7,4.6
SYN-04370,3.3,2.8,3.1,3.4,3.5,2.9,2.6,2.9,3.3,2.9,3.4,2.9,2.9
SYN-04371,3.2,3.6,2.8,3.4,3.4,3.0,3.4,3.2,2.9,3.3,3.0,3.1,3.6
SYN-04372,2.9,3.2,2.9,2.7,3.1,3.1,2.6,3.3,3.4,3.2,3.0,3.6,3.1
SYN-04373,4.3,4.7,4.7,3.8,4.1,4.4,4.6,3.9,4.5,4.1,4.4,4.0,3.5
SYN-04374,3.7,3.9,4.1,4.3,4.1,4.2,4.1,4.3,4.5,4.3,4.4,4.5,4.2
SYN-04375,2.8,3.5,3.2,3.6,3.8,3.3,3.4,3.6,3.1,3.4,2.9,3.7,3.9
SYN-04376,4.2,3.9,4.2,3.8,4.0,4.0,4.0,4.2,4.3,4.2,4.4,4.3,4.0
SYN-04377,3.6,3.7,3.6,3.8,3.0,3.7,3.8,3.9,4.0,3.6,3.9,3.9,3.8
SYN-04378,3.5,4.2,3.9,3.8,3.5,3.2,4.5,4.0,3.6,3.5,3.8,4.1,4.1
SYN-04379,3.2,2.7,2.9,3.0,2.9,3.1,3.4,3.0,2.8,2.5,3.0,2.8,3.1
SYN-04380,3.7,4.1,3.7,3.7,3.4,3.2,3.9,4.0,3.5,3.0,4.0,3.9,3.6
SYN-04381,4.9,4.5,4.6,4.0,4.9,4.0,5.0,5.0,3.8,5.0,4.5,4.7,4.1
SYN-04382,4.2,4.0,4.1,4.7,4.6,4.6,4.2,4.1,3.8,4.5,4.9,4.7,4.3
SYN-04383,4.1,4.0,4.2,4.5,3.8,3.8,3.9,3.9,4.2,3.9,3.7,3.7,3.6
SYN-04384,4.0,4.3,4.1,4.2,3.7,3.7,4.1,4.4,4.3,3.8,4.7,3.4,4.0
SYN-04385,4.9,4.8,5.0,4.8,4.4,4.8,4.9,5.0,5.0,4.6,5.0,4.7,4.7
SYN-04386,3.8,3.3,3.8,4.3,4.1,4.0,4.0,4.3,3.7,4.2,4.0,3.7,4.1
SYN-04387,3.2,2.9,2.8,3.0,3.0,3.5,3.1,3.0,3.5,3.5,2.9,2.8,3.3
SYN-04388,4.1,4.0,4.5,4.1,4.7,4.2,4.2,4.8,4.3,4.0,3.9,4.0,4.2
SYN-04389,3.7,3.0,3.5,3.8,3.5,3.9,3.0,3.4,3.5,3.6,3.2,3.6,3.6
SYN-04390,3.7,3.9,3.9,3.6,3.7,3.4,3.3,3.8,3.2,3.7,3.9,3.8,4.4
SYN-04391,3.7,3.5,3.7,3.2,3.9,3.4,3.9,3.7,3.8,3.4,3.2,3.2,3.1
SYN-04392,3.0,2.9,3.4,2.8,3.8,2.8,2.8,2.7,3.1,3.0,3.1,3.2,3.4
SYN-04393,3.3,3.7,3.9,3.3,4.5,4.4,3.6,3.3,3.4,3.7,3.9,3.1,3.4
SYN-04394,4.1,3.6,3.9,4.2,4.0,3.8,4.1,4.2,3.8,4.1,4.1,4.2,4.1
SYN-04395,3.9,3.9,3.8,4.1,3.9,4.1,4.1,3.6,3.8,3.9,3.9,4.0,4.0
SYN-04396,3.8,3.6,4.1,3.9,3.7,3.6,3.8,3.8,3.3,3.5,4.2,3.9,3.6
SYN-04397,3.3,3.1,3.2,3.7,3.3,3.6,3.9,3.3,3.0,3.5,3.1,3.4,3.4
SYN-04398,3.1,2.7,2.5,2.8,2.8,2.9,2.3,3.0,3.3,3.0,3.0,2.5,3.1
SYN-04399,3.3,3.5,3.3,3.3,3.5,3.1,3.3,3.2,3.9,4.0,4.2,3.5,3.5
SYN-04400,4.0,3.4,3.5,3.3,4.1,3.5,4.1,3.7,3.8,3.8,3.9,3.7,4.1
SYN-04401,2.3,2.4,2.3,2.0,2.7,2.1,2.6,2.5,1.9,2.3,2.5,2.2,2.3
SYN-04402,3.5,3.4,3.6,3.5,3.4,3.2,3.6,2.7,3.5,3.5,3.2,3.0,3.6
SYN-04403,3.4,3.5,2.9,3.6,3.7,3.4,3.2,3.6,3.4,3.7,3.5,2.8,2.7
SYN-04404,2.8,3.1,2.8,3.1,2.8,3.6,2.9,3.1,2.7,2.9,3.1,3.0,2.2
SYN-04405,4.1,4.1,4.1,4.2,4.0,4.6,4.0,3.2,4.0,4.3,3.5,3.8,4.3
SYN-04406,3.8,3.9,4.3,3.6,4.0,3.7,3.9,4.1,4.3,4.1,3.8,4.4,4.2
SYN-04407,3.9,4.7,4.5,4.5,4.9,4.4,4.8,4.9,4.5,4.6,4.7,4.6,4.8
SYN-04408,3.2,3.3,3.1,4.0,3.0,3.9,3.6,3.2,3.1,3.5,3.4,3.6,2.8
SYN-04409,4.2,3.9,4.6,4.3,4.1,4.6,4.1,4.2,4.3,4.5,4.2,4.6,4.1
SYN-04410,2.8,3.5,3.0,3.2,3.3,3.7,3.0,3.2,2.8,2.9,2.8,3.3,3.3
SYN-04411,3.4,3.1,3.1,3.1,3.4,2.8,3.2,2.9,3.4,3.0,3.9,3.6,3.3
SYN-04412,4.0,4.0,3.6,4.2,3.8,3.6,4.0,3.5,4.1,4.0,3.7,4.2,4.1
SYN-04413,3.0,3.3,2.7,3.3,2.7,3.2,3.3,3.2,3.6,2.9,3.3,2.5,3.0
SYN-04414,3.3,3.9,3.4,3.7,3.1,3.3,3.2,3.1,3.1,3.2,4.0,3.4,3.0
SYN-04415,3.8,4.3,3.8,4.4,4.3,3.9,3.8,3.7,4.0,4.1,4.4,4.1,3.9
SYN-04416,3.9,3.7,3.3,3.5,3.7,3.6,3.2,3.5,3.3,3.5,3.1,3.2,4.1
SYN-04417,2.9,3.3,3.0,2.6,2.7,2.8,3.6,2.9,3.0,3.2,3.1,3.3,2.8
SYN-04418,2.8,2.9,2.7,3.0,2.1,3.4,3.3,2.9,2.8,3.6,3.5,3.1,3.0
SYN-04419,3.4,2.9,3.4,3.0,2.6,3.1,3.0,3.9,3.9,3.0,3.3,3.2,3.9
SYN-04420,3.3,4.0,4.2,3.7,3.8,4.1,3.5,4.0,3.4,3.3,4.1,3.5,3.9
SYN-04421,3.0,3.4,2.8,3.7,3.6,3.1,2.8,3.3,3.2,3.2,3.6,3.7,3.4
SYN-04422,2.6,1.3,2.1,2.0,2.4,2.1,2.3,2.0,2.0,2.4,2.2,2.2,1.8
SYN-04423,4.1,3.6,4.4,3.9,3.8,4.2,3.9,4.1,3.8,4.1,3.9,4.2,4.3
SYN-04424,3.4,4.0,4.4,4.0,4.6,3.6,3.9,4.0,3.7,3.5,4.5,4.2,4.0
SYN-04425,2.9,3.0,3.1,3.3,2.7,2.9,2.8,2.6,2.7,3.0,2.8,2.9,3.1
SYN-04426,3.2,3.7,3.1,2.7,3.2,2.8,2.7,3.1,3.3,2.7,3.0,3.0,2.6
SYN-04427,3.8,3.8,4.6,4.1,4.1,4.3,4.6,3.9,3.7,4.7,4.4,3.9,4.1
SYN-04428,3.1,3.6,3.7,3.6,3.4,3.5,3.1,3.2,3.4,3.3,3.4,2.9,3.6
SYN-04429,3.6,3.3,3.7,3.8,4.5,3.8,4.0,4.0,3.5,3.9,3.8,3.9,4.0
SYN-04430,3.4,2.9,3.3,2.9,2.8,3.6,2.6,3.0,3.2,2.9,3.2,2.7,2.6
SYN-04431,3.6,3.9,3.8,4.1,3.4,3.7,3.8,3.6,3.9,3.8,4.0,3.9,3.3
SYN-04432,3.4,2.3,2.5,3.0,3.1,2.9,2.8,3.0,3.2,2.6,2.7,2.7,3.4
SYN-04433,3.8,3.9,4.2,4.0,3.8,4.2,3.4,3.7,4.1,3.1,3.5,4.0,3.8
SYN-04434,3.9,3.1,3.4,3.9,3.4,3.9,3.8,3.3,3.8,3.9,3.8,3.9,3.2
SYN-04435,3.0,3.2,2.8,2.4,2.2,2.2,2.6,2.7,2.2,2.4,2.7,2.3,2.4
SYN-04436,4.0,3.9,3.8,3.2,3.3,3.3,3.4,3.6,3.5,3.5,3.5,3.3,3.4
SYN-04437,3.8,3.3,3.1,2.7,2.8,3.1,3.5,3.2,3.2,3.4,2.8,3.5,3.0
SYN-04438,4.4,4.6,3.8,4.1,4.3,4.0,4.0,4.0,3.5,4.4,3.8,3.4,4.4
SYN-04439,3.8,3.2,4.0,3.8,3.6,3.5,3.6,3.7,3.4,4.0,3.8,3.6,4.2
SYN-04440,3.3,3.8,3.5,3.6,3.3,2.8,3.5,3.0,3.2,3.4,3.2,3.4,3.4
SYN-04441,3.9,4.4,4.1,4.0,3.7,3.9,4.3,4.3,4.5,4.9,4.7,4.6,4.7
SYN-04442,2.5,2.5,2.9,2.5,2.5,2.8,2.4,2.4,2.0,2.3,2.4,2.4,2.7
SYN-04443,4.3,5.0,3.9,4.7,4.8,4.8,4.9,4.5,4.9,4.4,4.4,5.0,4.6
SYN-04444,4.8,4.7,4.7,3.9,4.6,4.5,4.8,4.3,4.9,4.2,4.4,4.1,4.2
SYN-04445,3.3,3.7,3.3,2.9,2.7,3.5,3.1,3.1,3.6,3.2,3.2,3.3,3.7
SYN-04446,4.1,3.3,3.7,3.9,4.2,3.6,4.0,4.0,4.3,3.7,4.0,4.4,4.3
SYN-04447,3.9,3.7,3.8,3.7,4.0,3.9,3.6,4.3,4.1,3.5,3.7,3.7,4.0
SYN-04448,1.9,1.9,2.4,2.3,1.5,2.3,1.7,1.9,2.0,2.0,1.9,1.8,2.3
SYN-04449,3.0,3.3,3.7,3.6,3.0,2.9,3.1,2.8,3.5,3.3,3.3,3.6,3.7
SYN-04450,2.9,2.7,2.6,2.7,2.9,3.1,2.4,2.5,2.8,2.2,2.9,3.1,3.5
SYN-04451,2.8,3.0,2.8,3.2,2.6,2.9,2.9,2.9,2.5,2.3,3.1,2.8,2.8
SYN-04452,3.6,3.6,3.4,3.5,3.2,3.5,2.9,3.3,3.6,3.1,3.4,3.4,3.1
SYN-04453,3.7,3.5,2.9,3.4,3.8,3.4,3.2,3.2,3.3,3.0,3.8,3.6,3.7
SYN-04454,3.7,4.2,4.5,3.9,4.1,3.8,4.4,4.1,4.1,3.8,4.6,4.2,4.4
SYN-04455,3.2,2.8,2.6,3.0,3.4,2.5,3.7,3.3,3.1,3.1,3.3,2.7,3.2
SYN-04456,3.4,3.8,3.2,3.3,3.3,3.1,3.7,3.0,2.8,3.4,3.1,3.4,3.5
SYN-04457,4.3,4.3,3.6,4.4,4.3,4.8,4.6,3.8,4.6,3.9,4.5,4.7,4.8
SYN-04458,3.3,3.6,3.7,3.5,2.9,3.4,3.6,3.4,3.1,3.3,3.7,3.5,3.5
SYN-04459,3.1,3.3,2.6,3.2,3.1,3.2,2.9,3.3,3.8,3.2,3.2,4.0,2.9
SYN-04460,4.1,4.4,3.9,4.2,4.0,3.6,3.9,4.0,3.8,3.5,3.8,3.5,4.1
SYN-04461,4.0,3.4,3.8,3.4,3.7,3.6,3.9,3.3,4.1,4.2,3.7,3.4,3.2
SYN-04462,3.9,4.2,3.6,3.2,3.2,3.9,3.6,3.3,4.2,3.9,3.7,3.4,3.9
SYN-04463,4.3,4.0,4.3,4.3,4.1,3.7,3.7,3.5,4.4,3.6,4.0,3.5,4.5
SYN-04464,2.5,2.9,2.3,3.1,3.1,2.8,2.8,3.1,2.6,3.1,2.9,2.3,3.4
SYN-04465,3.2,3.1,3.2,3.0,3.1,3.4,3.4,3.4,3.0,2.9,3.3,3.4,3.0
SYN-04466,4.5,4.7,4.6,4.9,4.2,4.2,4.9,4.8,4.6,4.5,4.7,4.7,4.7
SYN-04467,1.8,2.0,2.1,2.1,2.0,1.8,2.0,2.2,1.8,1.7,2.0,2.1,1.8
SYN-04468,3.3,2.9,3.1,3.6,3.3,2.9,3.0,2.8,3.6,2.8,2.4,2.7,3.1
SYN-04469,2.6,2.9,3.0,2.7,2.6,3.1,2.9,2.0,2.4,2.3,2.8,2.9,2.8
SYN-04470,3.4,3.8,3.6,3.3,3.3,3.3,3.4,3.5,3.7,3.3,3.1,3.7,3.8
SYN-04471,4.3,4.0,3.6,4.0,3.8,3.4,3.8,3.9,4.3,3.9,3.6,3.3,3.5
SYN-04472,3.8,4.6,4.1,4.1,4.4,4.3,4.0,4.5,3.9,4.2,3.7,4.2,4.4
SYN-04473,3.5,3.5,4.1,3.2,3.0,3.4,3.0,2.9,3.2,3.9,3.5,3.4,2.8
SYN-04474,2.8,3.4,2.9,3.7,3.1,2.9,2.9,3.0,2.6,3.3,3.1,2.9,3.0
SYN-04475,2.9,3.3,3.2,2.8,2.5,2.2,2.7,2.5,2.7,2.8,2.9,2.4,2.4
SYN-04476,3.4,3.6,3.6,4.3,2.8,3.9,3.8,3.3,3.4,4.1,3.3,3.3,3.6
SYN-04477,4.8,5.0,5.0,4.9,4.1,4.7,4.9,4.9,4.5,4.4,4.3,4.8,5.0
SYN-04478,3.2,2.9,3.2,2.9,3.0,3.1,2.9,2.8,3.6,2.6,3.0,3.1,3.5
SYN-04479,3.5,3.4,3.2,3.8,3.2,3.5,3.4,3.6,3.9,3.7,3.4,4.0,3.9
SYN-04480,3.9,3.7,3.3,2.9,3.6,3.8,3.2,3.7,3.4,3.7,3.4,3.4,3.6
SYN-04481,2.9,3.6,3.3,2.9,3.1,3.4,3.2,3.5,3.0,3.2,3.2,3.9,3.0
SYN-04482,4.5,4.4,4.8,4.7,4.1,4.0,3.9,4.4,4.6,4.6,4.2,4.3,4.7
SYN-04483,3.9,3.4,4.5,3.8,4.1,4.3,4.0,4.5,5.0,3.9,4.2,4.2,4.3
SYN-04484,3.8,3.8,3.8,3.8,3.8,3.2,4.0,3.9,3.7,4.0,3.9,3.8,4.0
SYN-04485,3.9,3.7,4.6,3.9,4.1,4.8,3.9,4.2,4.7,3.5,4.4,4.1,3.9
SYN-04486,3.1,3.0,3.6,3.1,3.3,3.0,3.2,3.0,2.7,3.5,3.2,3.4,2.9
SYN-04487,3.2,3.0,2.9,3.2,2.8,3.3,2.7,2.9,2.6,2.5,2.7,2.8,3.0
SYN-04488,2.9,3.3,3.0,3.0,3.3,3.0,3.7,3.3,2.7,3.1,2.9,2.6,3.4
SYN-04489,4.0,3.4,3.9,3.9,3.7,3.9,3.7,4.0,3.3,3.7,3.7,3.3,3.3
SYN-04490,2.8,3.3,3.2,2.9,3.7,3.4,3.1,3.4,3.3,2.9,3.4,3.8,3.7
SYN-04491,3.8,3.7,4.0,3.9,3.8,4.4,3.7,4.1,3.9,3.9,3.3,4.1,4.1
SYN-04492,3.6,3.9,3.7,3.2,3.3,3.5,3.1,3.9,3.5,3.6,3.3,3.8,3.5
SYN-04493,2.7,3.2,3.2,3.0,2.8,2.6,2.7,2.7,2.9,2.8,2.8,3.2,3.1
SYN-04494,3.9,4.3,3.9,4.4,4.8,4.1,4.4,4.7,4.1,4.3,4.7,3.9,3.9
SYN-04495,2.8,3.4,2.9,3.4,3.6,3.0,3.0,3.4,3.2,2.5,3.7,3.4,3.1
SYN-04496,3.8,4.1,3.9,3.9,4.0,3.7,3.8,3.9,3.7,4.0,4.1,4.4,3.7
SYN-04497,3.3,3.5,3.3,2.9,2.9,3.5,3.0,3.0,2.9,3.3,2.3,2.8,2.7
SYN-04498,3.5,3.1,3.0,3.0,2.6,3.4,2.9,3.2,2.8,3.0,2.7,2.9,3.3
SYN-04499,3.0,3.1,3.0,3.5,2.7,2.9,3.0,2.7,3.0,3.0,3.0,3.0,2.8
SYN-04500,2.2,2.8,2.4,2.7,2.5,2.3,2.8,2.9,3.0,2.6,2.7,2.8,3.0
SYN-04501,2.2,2.3,3.1,2.2,3.0,3.1,3.0,2.4,2.5,2.7,3.3,3.2,2.8
SYN-04502,3.2,3.8,3.6,3.7,3.2,3.8,3.3,3.0,3.8,4.3,3.5,3.6,4.0
SYN-04503,3.3,3.0,2.8,3.4,2.6,2.8,3.2,2.5,3.1,3.3,3.5,2.9,2.9
SYN-04504,3.9,3.5,3.6,3.8,3.8,3.1,3.3,3.1,3.2,3.4,3.6,3.7,3.0
SYN-04505,3.3,3.1,3.5,3.4,3.9,3.5,3.4,3.5,3.4,4.0,3.5,3.7,3.8
SYN-04506,3.8,3.4,3.8,4.2,3.5,4.1,4.2,4.4,4.2,4.1,4.0,3.6,3.7
SYN-04507,2.4,3.0,3.1,3.0,3.0,3.2,2.5,3.0,3.0,2.8,2.3,2.6,2.8
SYN-04508,4.1,4.1,4.7,4.4,4.1,4.1,4.5,4.5,4.2,4.6,3.8,4.1,5.0
SYN-04509,3.2,3.0,3.0,3.1,3.5,3.2,3.0,2.5,2.8,3.0,3.0,3.3,2.9
SYN-04510,2.2,1.6,1.8,2.2,2.6,1.9,2.2,2.4,2.3,2.2,1.9,2.4,1.6
SYN-04511,3.2,4.2,3.7,3.2,3.2,3.2,4.2,3.6,3.4,4.1,3.7,3.5,3.9
SYN-04512,3.2,3.2,2.9,2.8,2.7,3.0,3.0,3.2,2.9,3.4,2.6,3.1,2.7
SYN-04513,4.3,4.0,4.2,4.0,4.0,4.6,3.9,4.5,4.6,4.5,4.3,4.0,3.9
SYN-04514,3.3,3.3,3.7,3.2,3.6,3.7,3.6,3.6,4.0,3.8,3.9,3.6,3.9
SYN-04515,3.5,3.5,3.3,3.5,4.1,3.6,4.0,2.9,3.5,3.7,3.6,3.6,3.3
SYN-04516,4.0,3.1,3.6,3.6,3.4,3.6,3.0,3.2,4.0,3.7,3.5,3.9,4.0
SYN-04517,3.8,2.7,3.6,2.9,3.3,3.4,3.7,3.4,3.3,3.0,2.7,3.0,3.6
SYN-04518,4.4,4.9,4.2,4.7,4.5,4.8,4.4,4.4,4.8,3.8,4.4,3.9,4.4
SYN-04519,3.1,3.4,3.3,3.1,2.9,3.2,3.6,2.9,2.7,2.6,2.7,3.2,2.8
SYN-04520,3.6,3.9,3.1,4.1,4.2,4.3,4.2,4.5,3.8,4.0,3.7,4.0,3.8
SYN-04521,2.6,2.6,3.6,3.1,3.5,2.9,2.8,3.0,3.3,3.5,3.1,3.2,3.0
SYN-04522,3.9,3.9,3.3,3.6,3.2,3.7,3.4,3.3,2.9,3.8,3.6,3.6,3.8
SYN-04523,2.6,2.5,3.0,3.2,3.0,3.3,3.0,3.0,3.1,2.8,2.4,2.8,3.0
SYN-04524,3.4,3.2,3.4,4.0,3.8,3.6,3.3,3.7,3.7,3.8,4.4,3.8,3.4
SYN-04525,3.1,3.4,3.4,3.8,3.4,3.2,3.7,3.3,3.7,3.3,3.4,3.4,3.7
SYN-04526,3.8,3.4,3.4,3.7,3.4,3.7,3.9,3.4,4.1,4.2,4.1,4.0,3.9
SYN-04527,3.8,3.9,3.6,3.7,3.8,3.9,3.3,3.8,4.1,3.6,3.7,3.2,3.8
SYN-04528,3.1,3.4,3.5,3.3,3.5,3.6,3.5,3.6,3.0,3.5,2.8,3.4,4.1
SYN-04529,4.9,4.2,4.5,4.6,4.8,4.9,5.0,4.3,4.7,4.1,4.7,4.8,4.6
SYN-04530,3.7,3.2,3.1,3.2,3.6,3.9,3.2,3.3,3.5,4.5,3.4,3.8,3.4
SYN-04531,3.4,3.1,3.4,3.8,3.3,3.6,3.3,3.4,3.1,4.2,3.6,3.4,3.9
SYN-04532,3.4,3.6,3.9,3.9,3.1,3.5,3.8,3.1,3.4,3.4,3.6,3.7,3.8
SYN-04533,3.6,3.3,3.5,3.3,3.4,3.8,3.2,3.4,3.9,3.8,3.4,3.3,4.1
SYN-04534,3.5,3.1,3.3,3.7,3.1,3.1,3.4,2.9,3.1,3.2,2.5,3.4,3.5
SYN-04535,3.9,3.5,3.0,3.2,3.9,3.4,3.6,3.1,3.2,3.3,3.6,3.2,3.5
SYN-04536,3.9,3.5,3.9,4.2,3.9,3.8,4.3,4.0,3.5,3.8,4.0,4.0,4.1
SYN-04537,3.4,3.4,3.5,3.7,3.3,3.5,3.5,3.3,3.6,3.6,2.9,3.5,3.9
SYN-04538,4.5,4.3,4.5,4.0,4.3,4.1,4.3,4.6,4.4,4.0,4.6,4.2,4.3
SYN-04539,2.4,2.7,2.6,2.8,2.3,2.7,1.7,2.3,2.1,2.6,2.7,2.5,2.9
SYN-04540,4.1,3.9,4.6,4.7,4.4,4.9,4.5,4.5,4.2,3.9,4.3,4.8,4.4
SYN-04541,3.9,3.7,4.2,3.7,4.1,3.9,3.9,4.2,3.7,4.0,3.5,4.0,4.1
SYN-04542,3.7,3.8,3.7,3.3,2.9,3.8,3.3,3.0,4.0,3.5,3.6,3.5,3.5
SYN-04543,3.3,3.3,4.1,3.0,3.3,3.2,3.6,3.3,3.3,3.6,4.0,3.2,3.0
SYN-04544,3.9,4.1,3.8,4.0,3.7,4.6,4.0,3.7,3.6,3.9,4.1,3.5,3.9
SYN-04545,3.2,3.0,3.1,3.4,2.0,3.0,2.2,2.9,3.3,2.9,2.7,3.2,3.0
SYN-04546,3.6,4.2,3.1,3.3,3.6,3.9,3.2,3.4,3.5,3.5,3.7,3.5,3.7
SYN-04547,3.2,3.6,3.6,3.8,4.3,3.9,3.4,3.8,3.6,3.5,3.4,3.4,3.2
SYN-04548,2.0,2.6,2.3,2.4,2.1,2.5,2.2,2.0,2.8,2.4,2.3,2.3,2.3
SYN-04549,3.8,3.2,3.1,3.7,3.2,3.1,4.0,3.7,3.7,3.4,4.1,4.0,3.3
SYN-04550,2.7,2.6,2.7,3.1,2.6,3.1,2.2,2.6,2.6,2.6,2.8,2.8,2.8
SYN-04551,4.4,4.3,3.6,4.1,3.9,4.3,4.5,4.3,4.7,4.3,4.4,3.9,4.1
SYN-04552,4.4,4.3,4.0,4.0,3.7,4.3,3.9,4.4,4.5,4.3,4.4,4.5,4.6
SYN-04553,3.7,4.5,4.5,4.4,4.5,4.2,3.6,4.1,3.8,3.8,4.7,4.2,4.4
SYN-04554,3.3,3.7,3.3,3.1,3.8,3.2,3.4,3.5,3.0,3.6,3.7,3.0,3.3
SYN-04555,3.7,2.8,3.5,2.9,3.2,3.3,3.0,3.0,3.3,3.7,3.5,2.8,3.5
SYN-04556,2.4,2.2,2.3,2.6,1.9,2.2,2.1,2.2,2.5,2.4,2.6,1.7,2.3
SYN-04557,3.8,3.4,3.7,3.9,4.0,4.0,3.3,3.7,3.4,3.9,3.7,3.7,4.8
SYN-04558,2.4,2.7,2.8,2.8,2.8,2.8,2.6,2.7,2.5,2.4,2.3,2.9,3.0
SYN-04559,2.5,2.7,3.2,3.0,3.0,2.8,2.5,2.5,2.8,2.8,2.4,3.1,3.1
SYN-04560,3.6,3.8,3.5,3.4,3.3,3.2,3.3,3.0,3.3,3.0,3.1,3.7,3.7
SYN-04561,2.6,3.2,2.7,2.7,3.3,2.6,2.4,2.7,2.7,2.8,2.4,3.0,3.5
SYN-04562,3.1,2.9,3.2,3.0,3.0,2.9,3.0,2.8,2.5,3.5,3.1,2.8,3.1
SYN-04563,3.2,3.6,3.7,3.8,3.7,3.5,3.8,3.4,3.6,3.3,3.6,4.0,3.8
SYN-04564,4.3,4.3,4.0,3.7,3.4,3.7,4.0,3.4,4.0,4.1,3.5,4.2,3.9
SYN-04565,3.3,3.3,3.8,3.8,3.8,4.1,3.8,3.6,3.7,4.1,3.5,3.8,3.9
SYN-04566,3.9,3.6,3.3,3.7,3.8,3.6,3.9,3.2,3.6,3.6,3.8,3.9,3.6
SYN-04567,4.0,4.2,3.8,4.0,4.3,4.2,3.9,3.9,3.9,3.9,4.2,4.5,4.5
SYN-04568,3.3,3.7,3.7,3.6,3.3,3.3,3.7,3.5,3.6,3.3,3.4,3.2,3.6
SYN-04569,3.1,3.3,3.1,3.3,3.8,3.1,3.4,3.0,3.2,3.4,3.3,3.4,3.5
SYN-04570,3.3,3.4,3.1,2.9,3.3,3.0,3.3,2.7,3.0,2.9,3.2,2.9,3.1
SYN-04571,3.8,4.1,3.9,3.9,3.8,3.6,3.5,3.9,3.4,3.8,3.8,3.4,3.8
SYN-04572,2.9,3.5,2.9,3.2,3.0,3.0,3.1,2.5,2.9,3.0,2.6,2.9,2.9
SYN-04573,3.6,3.4,3.5,3.6,3.8,3.7,3.8,3.6,3.4,3.6,3.4,2.8,3.7
SYN-04574,3.2,3.6,3.5,3.4,3.0,3.6,3.3,3.2,3.0,3.1,3.2,3.0,3.3
SYN-04575,3.0,3.2,3.0,2.5,2.9,2.7,2.9,2.8,3.7,2.9,3.3,2.9,3.0
SYN-04576,2.9,2.8,2.8,3.1,3.0,3.4,3.0,2.9,3.0,3.2,3.1,3.4,3.8
SYN-04577,4.3,4.1,3.4,4.4,4.4,4.5,4.3,3.7,3.7,3.7,4.1,3.8,4.3
SYN-04578,2.9,2.9,3.1,2.9,2.8,2.5,3.3,2.8,2.9,2.9,2.4,3.1,3.4
SYN-04579,3.6,3.2,3.7,2.8,3.6,3.1,3.6,3.4,3.0,3.4,3.3,3.4,3.1
SYN-04580,2.9,3.4,3.2,3.4,3.4,3.5,3.7,3.3,2.9,3.0,3.2,3.3,3.7
SYN-04581,4.0,4.6,4.6,4.2,4.3,3.9,4.6,3.9,4.4,3.8,4.3,4.4,4.4
SYN-04582,4.2,4.3,4.8,4.2,4.2,4.8,4.3,4.3,4.9,4.2,4.1,4.4,4.4
SYN-04583,3.8,4.2,4.0,4.0,4.0,3.7,3.8,3.5,4.3,4.0,4.3,3.9,4.3
SYN-04584,2.8,3.6,3.3,2.9,2.4,3.4,3.6,3.3,3.5,3.4,3.3,3.6,2.9
SYN-04585,3.7,3.9,3.6,3.8,3.3,3.7,3.5,3.5,3.9,3.2,3.4,3.9,3.6
SYN-04586,2.8,3.1,2.7,2.7,2.9,3.0,2.8,2.9,3.4,3.0,2.7,3.0,2.4
SYN-04587,4.1,3.3,3.7,3.7,3.4,4.0,4.2,3.4,3.8,3.3,4.0,4.0,3.9
SYN-04588,2.0,2.4,2.4,2.4,2.9,2.0,2.7,2.8,2.3,2.7,2.7,2.5,2.9
SYN-04589,3.5,4.0,3.7,3.5,3.6,3.2,3.5,3.3,3.7,3.9,3.8,3.4,3.5
SYN-04590,3.6,3.6,4.0,3.7,3.5,3.5,3.4,3.5,3.7,3.3,3.6,3.4,4.0
SYN-04591,3.8,3.8,3.5,4.2,3.9,4.2,3.7,3.7,3.3,4.3,3.9,4.3,3.6
SYN-04592,3.6,3.8,3.6,3.4,3.4,3.4,4.3,3.3,2.9,3.5,3.5,3.4,3.3
SYN-04593,3.9,3.6,4.5,4.0,4.0,4.3,4.8,3.8,4.1,4.2,4.2,4.2,4.2
SYN-04594,3.0,3.4,3.0,3.2,3.3,2.9,3.2,3.3,2.5,3.5,2.8,3.2,3.5
SYN-04595,4.1,4.2,4.2,3.8,3.6,4.0,4.1,4.2,4.2,3.8,4.2,3.3,4.3
SYN-04596,3.5,3.5,4.5,3.8,3.7,3.4,3.9,4.0,3.7,3.1,4.2,3.7,3.7
SYN-04597,4.1,3.9,4.5,4.3,4.2,4.8,3.9,4.5,3.4,4.3,4.8,3.8,4.6
SYN-04598,3.7,4.8,4.0,3.9,4.0,4.1,4.1,4.1,4.2,4.2,4.1,4.0,4.3
SYN-04599,3.1,3.1,3.0,2.8,3.0,2.9,2.4,3.3,3.1,3.0,3.1,2.7,3.4
SYN-04600,4.1,3.4,3.6,4.0,3.9,3.8,3.9,3.2,3.5,3.6,4.0,3.1,3.8
SYN-04601,2.7,3.1,3.1,3.4,2.5,2.6,2.9,3.3,3.0,2.9,3.2,2.7,3.2
SYN-04602,4.7,4.1,3.7,4.2,4.6,4.3,3.7,4.5,4.4,4.4,4.5,4.0,4.5
SYN-04603,2.8,2.7,2.8,3.2,2.9,3.5,3.4,3.2,3.4,2.7,3.3,3.2,2.6
SYN-04604,3.1,3.2,3.2,3.3,3.1,3.7,2.9,2.9,3.0,3.1,3.1,3.8,3.1
SYN-04605,3.6,3.2,3.5,3.8,3.8,3.9,3.3,3.4,3.9,3.6,3.6,3.8,3.9
SYN-04606,3.7,3.9,3.9,3.6,4.0,3.7,3.9,4.1,4.0,3.6,4.0,3.9,3.7
SYN-04607,3.4,3.8,3.3,3.4,3.3,3.3,3.6,4.0,3.9,4.0,3.5,3.1,3.5
SYN-04608,4.3,3.8,3.9,3.9,4.1,4.2,3.5,3.2,4.1,3.9,4.1,3.8,4.1
SYN-04609,3.5,3.3,3.4,3.5,3.7,3.5,3.2,4.0,3.6,3.9,3.2,3.4,3.6
SYN-04610,3.8,3.1,3.1,3.4,3.8,3.4,3.6,3.6,3.4,4.1,3.4,3.0,3.3
SYN-04611,2.3,2.6,2.6,2.7,3.1,2.5,2.8,2.4,2.6,2.4,2.5,2.6,2.8
SYN-04612,4.0,4.0,4.2,4.3,3.6,4.1,3.7,4.5,4.2,4.4,3.6,4.0,4.3
SYN-04613,3.8,3.4,3.2,3.3,3.0,3.8,3.5,3.3,3.5,3.3,3.2,3.1,3.1
SYN-04614,3.4,3.6,3.2,3.0,3.5,3.3,2.6,3.1,3.4,3.0,3.3,2.9,3.1
SYN-04615,4.2,4.2,4.3,4.8,4.7,5.0,4.4,4.9,5.0,4.9,4.9,4.6,4.6
SYN-04616,1.7,1.2,2.1,1.7,1.9,1.8,2.1,2.0,2.4,1.8,2.1,2.0,1.9
SYN-04617,3.5,4.0,3.8,3.4,3.4,3.3,3.6,3.1,3.5,3.7,3.3,3.6,3.6
SYN-04618,1.7,2.3,2.1,2.8,2.3,2.0,1.7,2.3,2.7,2.1,2.4,2.5,2.5
SYN-04619,3.7,3.5,3.6,3.4,3.4,4.0,3.8,3.8,3.5,4.0,3.6,3.7,4.0
SYN-04620,2.9,2.9,3.4,3.4,3.2,2.5,3.5,2.9,2.9,3.1,2.8,3.5,3.2
SYN-04621,2.1,1.7,2.2,2.3,1.5,1.5,1.6,2.2,1.9,1.9,2.0,2.5,1.4
SYN-04622,4.0,3.2,4.3,4.4,4.0,4.3,3.6,4.2,4.8,4.0,4.2,3.9,4.2
SYN-04623,3.1,3.0,2.8,2.8,2.4,3.1,3.0,2.4,2.8,2.5,2.7,3.0,3.1
SYN-04624,4.2,3.9,4.2,3.8,4.2,4.0,3.9,3.8,4.2,4.0,3.9,3.9,3.6
SYN-04625,3.0,3.1,2.5,2.6,2.5,3.3,3.1,3.3,3.5,3.1,2.9,3.0,2.8
SYN-04626,3.0,3.1,3.2,2.7,2.9,2.9,2.9,3.4,3.1,3.2,3.4,3.5,3.4
SYN-04627,2.7,2.3,2.3,2.1,1.7,2.3,2.5,2.0,2.1,2.5,2.2,2.0,2.0
SYN-04628,3.9,3.7,3.7,3.3,3.9,4.0,3.6,3.9,3.6,3.9,3.9,3.6,3.1
SYN-04629,2.9,3.3,3.4,3.0,3.6,3.6,3.4,2.8,3.4,3.0,3.0,3.3,3.3
SYN-04630,3.4,3.5,3.3,2.9,3.9,3.2,3.1,2.9,3.3,3.3,3.3,3.7,3.5
SYN-04631,3.1,4.1,3.0,3.4,3.2,3.6,3.6,3.3,3.8,3.5,3.9,3.7,3.3
SYN-04632,2.9,2.4,2.8,2.8,2.4,2.0,3.0,2.7,2.6,2.6,2.9,3.2,2.9
SYN-04633,4.0,4.0,4.0,3.6,4.1,3.5,4.0,3.7,4.1,4.0,3.8,3.6,4.3
SYN-04634,3.2,3.7,2.8,3.1,2.5,3.4,3.4,3.0,3.0,3.1,3.1,3.0,3.5
SYN-04635,4.6,4.2,4.7,4.6,4.4,4.8,4.2,4.9,4.8,4.6,4.4,4.3,5.0
SYN-04636,3.1,2.7,3.2,3.2,3.7,3.1,3.5,3.2,2.9,3.4,3.6,3.5,3.3
SYN-04637,3.6,3.3,3.3,2.8,3.3,3.7,2.8,2.9,3.2,2.9,3.5,2.8,3.5
SYN-04638,3.1,3.0,2.8,2.9,2.4,2.8,2.6,3.0,3.0,2.5,2.9,2.9,2.6
SYN-04639,2.6,2.8,2.5,2.3,2.7,3.1,2.6,2.5,2.4,3.0,2.9,2.6,2.4
SYN-04640,3.7,3.7,3.8,3.8,3.8,4.3,4.5,3.7,3.8,3.7,4.1,3.9,3.7
SYN-04641,4.6,4.2,3.8,4.5,3.7,4.3,4.8,4.0,4.0,4.1,4.8,4.5,4.0
SYN-04642,3.3,3.5,3.1,2.8,3.5,3.3,3.3,3.5,2.8,3.1,4.0,3.4,3.4
SYN-04643,3.6,3.0,3.3,3.8,3.4,3.5,3.7,3.3,3.2,3.6,3.5,3.6,3.1
SYN-04644,4.0,4.4,5.0,4.2,4.4,4.3,4.3,4.4,3.9,4.1,4.3,3.9,4.3
SYN-04645,3.1,3.9,3.6,3.9,4.0,4.1,3.7,3.1,3.1,3.3,3.9,3.2,3.6
SYN-04646,3.6,3.9,4.0,3.8,4.0,3.4,4.1,3.8,4.0,3.6,3.2,4.0,3.7
SYN-04647,3.9,3.7,4.4,3.9,3.5,3.1,3.3,3.3,3.4,3.5,3.6,4.0,3.3
SYN-04648,2.7,3.4,3.5,3.0,3.5,3.4,2.6,3.0,3.0,3.7,3.3,3.0,2.9
SYN-04649,3.2,4.0,3.8,3.9,3.3,3.9,3.6,3.5,3.9,3.4,3.8,3.6,4.0
SYN-04650,4.8,4.6,4.6,4.7,4.5,4.3,4.4,4.2,4.8,4.6,4.4,4.3,4.6
SYN-04651,2.8,2.9,3.2,3.9,3.3,3.3,2.9,2.9,3.6,3.1,3.2,3.4,3.1
SYN-04652,3.8,3.5,3.6,4.2,3.8,4.2,3.5,4.2,4.0,3.5,4.3,3.6,4.3
SYN-04653,3.6,3.3,4.2,3.7,4.0,3.7,3.5,3.3,3.5,3.6,3.8,3.5,3.8
SYN-04654,3.7,3.2,2.6,3.2,3.1,3.1,2.7,3.3,3.0,3.1,3.5,2.9,3.1
SYN-04655,3.9,3.9,3.9,3.9,4.5,3.9,4.1,4.0,4.0,4.1,3.8,4.4,3.7
SYN-04656,3.9,3.6,4.2,3.7,4.2,4.0,4.0,4.3,3.7,4.4,3.8,4.1,3.9
SYN-04657,4.0,3.5,3.9,3.8,4.0,3.9,3.6,4.2,3.8,4.0,3.4,3.7,4.1
SYN-04658,5.0,4.6,4.4,4.1,4.7,4.6,3.8,3.9,4.6,4.2,4.1,4.4,4.6
SYN-04659,4.9,4.3,4.6,4.2,4.4,4.6,4.5,4.1,4.7,4.7,5.0,4.6,4.6
SYN-04660,3.6,3.1,3.1,3.5,2.8,3.2,3.4,3.8,3.6,3.1,3.5,3.7,3.7
SYN-04661,3.8,3.8,3.6,3.6,3.5,3.7,3.2,3.4,3.2,3.6,3.4,3.7,3.5
SYN-04662,3.0,2.1,2.5,3.0,2.7,3.0,2.8,2.4,3.3,2.5,2.5,3.0,2.4
SYN-04663,4.0,4.1,4.6,5.0,4.3,4.1,4.7,4.2,4.2,4.5,4.7,4.4,4.2
SYN-04664,4.2,3.3,3.3,3.3,3.6,3.3,3.7,3.4,3.4,3.3,3.5,3.6,3.4
SYN-04665,3.2,2.9,3.0,3.2,3.2,3.2,3.0,3.2,3.2,3.1,3.0,3.3,3.2
SYN-04666,2.8,2.9,2.8,3.0,3.4,3.0,3.0,3.4,3.1,3.1,3.0,2.9,3.1
SYN-04667,3.5,2.6,2.8,2.7,2.8,3.3,2.9,3.2,2.8,2.8,2.7,3.4,3.2
SYN-04668,4.2,4.8,4.4,4.6,4.5,4.0,4.2,4.9,4.7,4.2,4.5,4.4,4.8
SYN-04669,3.9,3.8,4.2,4.4,4.1,4.2,3.6,3.6,3.6,4.3,3.9,4.2,3.8
SYN-04670,2.7,2.4,2.6,2.2,2.6,2.6,2.2,2.8,2.9,2.5,2.3,3.2,2.8
SYN-04671,2.0,2.6,2.5,2.5,3.0,2.8,2.9,2.7,3.0,2.6,2.8,2.9,2.5
SYN-04672,2.9,3.1,4.3,3.8,3.8,4.0,3.2,3.3,3.2,4.3,3.3,3.9,3.4
SYN-04673,3.0,3.3,3.0,2.9,3.6,2.4,2.7,2.8,3.3,2.8,3.2,2.4,3.3
SYN-04674,3.6,3.0,3.4,3.3,3.5,3.7,3.2,3.5,3.4,3.4,3.8,3.4,3.0
SYN-04675,4.6,4.8,4.4,4.8,4.2,4.5,3.9,4.2,4.4,4.6,4.5,4.7,3.9
SYN-04676,4.5,3.9,3.7,4.4,3.8,4.5,3.4,3.9,4.4,4.3,3.3,3.9,3.6
SYN-04677,2.6,2.6,2.5,2.5,2.2,2.3,2.9,2.4,2.4,2.9,2.2,3.0,3.0
SYN-04678,2.6,3.2,2.3,3.0,2.6,3.1,3.0,2.9,2.6,3.2,2.9,2.7,2.8
SYN-04679,3.6,3.6,3.7,3.9,3.9,3.6,3.8,3.6,4.0,3.6,3.7,3.6,3.8
SYN-04680,4.3,4.5,4.5,4.1,4.1,4.1,4.4,4.2,4.9,4.1,4.6,4.6,4.6
SYN-04681,2.9,3.0,3.0,3.5,2.9,2.9,3.3,2.6,3.3,2.7,2.9,3.4,2.9
SYN-04682,3.8,4.1,3.4,3.8,3.9,3.3,3.4,4.2,3.4,3.6,3.1,3.5,3.9
SYN-04683,3.5,3.5,3.2,2.9,3.4,3.1,2.8,3.3,3.6,3.6,3.6,3.3,3.0
SYN-04684,4.6,4.5,4.4,4.7,4.6,4.3,4.3,4.1,4.5,4.7,4.3,4.1,4.6
SYN-04685,4.3,4.4,4.3,3.8,3.6,4.0,3.8,3.8,4.4,4.3,4.0,3.8,3.8
SYN-04686,2.9,3.7,3.8,3.2,3.2,3.7,3.3,3.7,3.2,3.3,3.5,3.3,3.3
SYN-04687,2.6,2.9,3.0,2.8,2.5,3.1,2.8,3.0,2.3,3.0,2.6,2.5,2.8
SYN-04688,2.3,3.0,2.8,3.3,3.0,2.6,2.7,2.2,3.6,2.2,2.8,3.1,3.4
SYN-04689,2.7,2.1,2.3,2.0,1.6,1.8,1.6,2.2,2.0,2.1,2.3,2.2,2.3
SYN-04690,4.2,3.4,3.1,3.5,3.6,3.8,3.9,3.3,3.3,4.1,3.7,3.8,3.7
SYN-04691,3.9,3.8,3.7,3.7,4.5,4.4,4.1,3.8,4.0,3.4,4.2,3.8,3.9
SYN-04692,3.9,3.8,4.1,4.4,4.2,3.9,3.6,3.9,3.9,4.1,3.7,3.6,4.0
SYN-04693,3.4,3.2,3.5,2.8,3.3,2.8,4.0,3.6,3.3,2.7,2.7,3.7,2.8
SYN-04694,4.4,4.8,4.2,3.8,3.7,4.3,3.9,4.2,3.9,4.0,4.0,4.1,4.0
SYN-04695,4.5,4.7,4.3,4.4,4.1,3.9,4.5,4.6,3.8,4.3,4.5,4.5,4.2
SYN-04696,3.1,3.4,2.9,3.6,2.7,3.4,3.2,3.0,2.6,3.5,2.9,3.1,3.3
SYN-04697,4.9,4.0,4.2,4.3,4.2,3.9,4.6,4.0,4.3,4.1,4.0,4.5,4.2
SYN-04698,2.9,3.7,3.4,3.1,3.9,3.3,3.7,3.9,3.5,3.7,3.4,3.9,3.5
SYN-04699,3.4,3.7,2.7,3.0,3.2,3.2,3.4,3.6,3.0,3.1,3.5,3.3,2.7
SYN-04700,3.6,4.0,4.3,4.3,3.9,4.4,4.3,3.9,4.0,3.6,3.8,3.6,3.7
SYN-04701,3.3,2.7,2.3,3.0,2.9,2.9,2.6,3.0,2.5,3.1,3.1,2.8,2.4
SYN-04702,2.9,2.5,2.8,2.9,2.4,3.3,2.7,2.5,3.0,3.1,2.1,2.3,2.5
SYN-04703,3.9,3.1,3.7,3.3,2.8,3.5,3.4,3.0,3.1,3.0,3.1,3.5,3.0
SYN-04704,3.4,3.5,3.4,2.9,3.6,3.0,3.2,3.2,3.4,3.4,3.6,3.3,3.0
SYN-04705,2.9,2.5,2.5,2.3,2.3,3.0,2.2,2.2,2.5,2.7,2.3,2.1,2.2
SYN-04706,3.6,3.5,4.4,4.4,4.1,3.9,3.9,4.2,3.8,3.5,4.4,3.9,4.2
SYN-04707,3.6,2.5,2.8,3.0,3.2,3.3,3.1,3.5,3.3,3.2,3.0,3.2,3.2
SYN-04708,3.1,2.4,3.0,2.3,2.5,3.0,2.5,2.8,2.5,3.0,2.8,2.8,3.1
SYN-04709,4.0,4.0,4.2,4.2,3.6,4.1,4.0,4.3,3.5,3.7,3.8,4.3,3.8
SYN-04710,3.3,3.1,3.5,3.5,3.1,3.0,3.5,3.4,3.1,3.5,3.5,3.6,3.5
SYN-04711,4.0,3.9,4.7,3.9,3.5,3.7,3.5,4.4,4.6,4.2,3.6,4.4,4.2
SYN-04712,4.1,3.9,3.3,4.0,3.3,3.5,4.1,4.0,3.5,3.4,3.8,4.4,3.9
SYN-04713,4.1,3.3,3.7,3.3,3.2,3.1,3.5,3.8,3.3,3.8,3.9,3.7,3.5
SYN-04714,3.9,4.5,3.8,4.3,3.7,3.8,4.1,4.3,4.4,4.1,4.0,3.9,4.3
SYN-04715,3.9,3.8,3.8,4.2,4.0,3.3,4.0,4.1,3.5,4.0,4.6,3.9,3.7
SYN-04716,3.5,3.5,3.0,3.0,3.6,3.5,3.7,3.4,3.5,3.8,2.8,3.2,3.3
SYN-04717,3.7,3.4,3.5,4.0,3.9,2.9,3.7,3.7,3.5,3.7,3.9,4.0,3.8
SYN-04718,4.0,3.8,3.1,3.8,3.4,3.8,3.7,3.7,3.5,3.7,3.9,3.5,3.6
SYN-04719,2.4,3.0,2.5,2.9,3.1,3.3,2.8,3.1,2.9,2.3,2.5,3.2,3.2
SYN-04720,4.2,4.9,4.9,4.6,4.6,4.5,4.2,4.5,5.0,4.7,5.0,4.2,4.9
SYN-04721,3.8,2.8,3.4,3.6,3.9,3.1,4.0,3.7,3.2,3.8,4.2,3.4,3.4
SYN-04722,3.3,4.1,3.3,3.3,3.4,3.4,3.4,3.3,3.3,3.6,4.0,3.3,3.2
SYN-04723,2.6,2.7,3.0,3.0,2.1,1.9,2.7,2.7,3.0,2.7,2.4,2.8,2.2
SYN-04724,4.2,3.7,3.3,3.3,3.6,3.5,3.5,3.2,3.5,3.8,3.3,3.6,3.9
SYN-04725,3.8,3.2,3.7,4.0,3.7,3.9,3.9,3.3,4.1,4.0,3.5,4.0,3.6
SYN-04726,2.8,2.6,2.6,2.9,2.8,2.4,3.0,3.0,3.0,3.0,3.0,2.9,3.0
SYN-04727,3.1,2.8,2.5,3.0,3.0,3.1,3.3,2.9,2.9,3.1,2.6,2.9,2.9
SYN-04728,3.3,2.9,3.0,3.0,2.3,2.8,3.0,2.7,3.0,3.4,3.3,2.4,3.2
SYN-04729,3.5,3.3,2.6,3.6,3.2,3.4,3.0,3.1,3.6,3.8,3.2,3.8,3.2
SYN-04730,3.5,3.2,3.8,3.6,3.6,3.5,3.3,3.8,3.6,3.9,3.3,3.7,4.3
SYN-04731,3.2,3.2,3.2,3.1,3.9,2.7,3.0,3.5,3.2,3.4,3.4,3.5,3.4
SYN-04732,3.5,3.7,3.6,4.2,3.5,3.8,3.9,3.3,3.3,4.2,3.5,3.7,3.6
SYN-04733,3.9,3.8,3.9,3.6,3.8,3.3,3.8,4.0,4.2,4.2,3.8,4.1,3.5
SYN-04734,3.6,4.3,3.9,3.9,3.7,4.4,4.0,4.2,3.6,3.5,3.6,4.0,4.3
SYN-04735,3.9,4.0,3.8,3.3,4.3,3.9,3.9,4.0,3.2,3.5,3.9,3.7,3.7
SYN-04736,4.0,3.7,4.4,3.6,3.9,3.8,3.5,3.3,3.7,4.2,3.5,3.8,3.6
SYN-04737,3.7,4.0,3.7,3.5,4.1,3.5,3.9,3.2,4.0,4.4,3.7,3.4,3.9
SYN-04738,3.4,4.1,3.2,3.0,3.5,3.6,3.2,3.7,3.4,3.3,3.6,3.3,3.2
SYN-04739,2.7,3.0,3.9,3.1,2.8,3.5,3.1,3.2,3.2,3.6,2.7,3.6,3.4
SYN-04740,3.5,3.2,3.4,3.5,4.0,3.9,3.3,4.1,3.7,3.6,3.4,3.3,3.6
SYN-04741,4.0,3.7,4.2,3.9,4.0,4.2,4.1,3.4,4.1,3.9,3.7,3.9,3.8
SYN-04742,3.9,3.8,4.1,3.4,3.9,3.8,4.5,3.3,4.1,4.0,4.1,3.7,4.0
SYN-04743,3.8,4.8,3.7,3.5,4.4,3.9,3.9,4.1,3.8,3.7,3.8,3.5,3.3
SYN-04744,3.0,2.5,3.1,3.1,3.4,3.3,3.2,3.6,3.1,2.9,2.5,3.2,3.2
SYN-04745,3.8,3.1,3.6,2.6,3.0,3.5,3.6,2.9,3.1,3.4,3.4,3.5,3.7
SYN-04746,3.0,3.5,3.2,3.5,3.2,3.7,3.6,3.1,2.9,3.7,3.2,3.2,3.6
SYN-04747,2.9,3.2,3.2,3.1,3.5,3.3,3.5,3.1,2.9,3.5,3.0,3.2,3.3
SYN-04748,3.8,3.8,3.9,4.2,4.1,3.6,4.6,4.1,3.9,3.9,3.9,3.9,4.3
SYN-04749,3.2,2.3,2.4,2.5,2.1,2.6,2.5,2.5,1.9,1.8,2.4,2.7,2.0
SYN-04750,4.9,4.5,4.4,4.6,4.2,3.9,5.0,4.6,4.4,4.4,4.4,4.5,4.6
SYN-04751,4.8,4.4,4.3,4.5,5.0,4.7,4.8,4.6,5.0,4.9,4.3,4.7,4.5
SYN-04752,3.7,3.8,3.2,3.6,3.3,4.0,3.8,2.9,3.2,3.1,3.5,3.6,3.8
SYN-04753,3.6,3.6,3.8,4.7,3.3,3.2,3.6,3.5,3.5,3.7,3.4,3.5,3.6
SYN-04754,3.9,3.9,3.9,3.7,3.9,4.0,4.3,3.5,4.0,4.0,4.0,4.0,3.6
SYN-04755,3.1,3.1,3.2,3.0,2.9,3.4,2.7,2.7,2.7,3.2,2.9,3.0,3.5
SYN-04756,3.5,3.3,4.1,3.6,3.5,3.8,3.8,3.6,4.0,3.6,3.6,3.3,3.1
SYN-04757,4.3,3.8,4.2,4.8,4.4,4.2,4.4,4.9,3.7,4.2,4.7,4.3,4.6
SYN-04758,2.3,2.1,3.1,2.5,2.8,2.8,2.9,2.6,2.6,2.7,2.3,2.8,2.3
SYN-04759,3.0,2.9,2.0,2.9,2.8,3.1,3.2,2.7,2.8,2.3,2.7,3.2,2.7
SYN-04760,4.2,3.9,3.9,4.1,3.0,4.0,3.2,3.9,3.7,3.6,4.4,4.2,3.8
SYN-04761,4.1,3.6,3.3,2.8,3.3,3.2,3.2,3.5,3.2,3.7,3.2,3.0,3.5
SYN-04762,3.3,3.5,3.3,2.9,3.4,3.0,3.3,3.1,3.2,3.3,3.5,3.1,2.5
SYN-04763,3.0,3.4,3.7,3.4,3.6,3.4,3.4,3.2,3.6,3.8,3.0,3.4,3.0
SYN-04764,3.4,2.9,2.9,2.5,2.8,2.9,2.6,2.9,2.6,3.0,2.6,2.9,2.8
SYN-04765,3.4,3.3,3.3,3.1,3.4,3.4,3.5,3.3,3.2,3.0,3.1,3.1,3.6
SYN-04766,2.4,2.4,2.8,2.5,2.7,2.6,2.6,2.5,2.5,2.7,2.3,3.0,2.5
SYN-04767,4.4,4.0,4.5,4.2,3.9,5.0,4.1,4.1,4.1,4.3,3.8,4.3,3.7
SYN-04768,3.6,3.9,3.4,3.8,3.1,3.4,3.2,4.1,3.5,3.4,3.5,3.6,3.5
SYN-04769,3.2,4.0,3.9,3.7,3.6,3.6,3.4,3.4,4.0,3.7,3.2,3.4,3.7
SYN-04770,4.0,4.0,3.4,4.0,4.2,3.4,4.4,4.0,3.9,3.6,3.7,3.8,3.4
SYN-04771,4.9,4.7,5.0,4.1,4.9,4.7,5.0,5.0,5.0,4.9,4.9,4.7,5.0
SYN-04772,3.1,2.5,3.4,3.2,3.2,3.0,2.7,3.2,2.8,2.4,2.9,2.6,2.7
SYN-04773,2.7,2.5,2.5,2.8,1.8,2.8,2.5,2.5,2.5,2.7,2.8,2.4,2.4
SYN-04774,3.7,2.9,3.5,3.6,3.3,3.2,3.4,3.3,3.4,3.3,4.0,3.1,3.7
SYN-04775,2.3,2.6,2.7,3.0,2.6,2.4,2.5,3.1,2.5,2.1,2.4,2.4,2.7
SYN-04776,2.9,3.2,3.4,3.2,3.3,3.4,3.4,3.0,3.6,3.2,3.3,3.0,3.3
SYN-04777,4.0,4.0,3.7,4.3,4.2,3.9,3.9,3.8,3.8,4.4,3.9,4.8,3.6
SYN-04778,4.5,4.4,4.4,3.9,3.9,4.4,4.0,4.7,4.3,4.4,4.3,4.3,4.8
SYN-04779,3.0,2.7,2.8,3.0,2.5,2.2,2.8,3.0,2.1,2.5,2.6,2.3,2.6
SYN-04780,2.6,2.9,3.2,2.4,2.7,3.4,2.7,2.2,3.0,3.0,3.0,3.0,3.4
SYN-04781,3.5,3.7,3.6,3.9,3.9,3.8,4.3,3.9,4.1,3.4,3.5,4.3,3.3
SYN-04782,4.1,4.3,4.3,3.4,3.8,4.1,4.1,3.9,3.7,3.8,3.7,3.5,3.8
SYN-04783,4.5,3.9,3.5,3.8,4.5,3.5,3.9,4.2,3.6,4.0,3.7,3.6,4.1
SYN-04784,4.9,4.2,4.5,4.5,4.4,4.1,4.0,4.1,4.3,4.2,4.0,4.2,4.1
SYN-04785,4.1,3.8,4.2,4.0,3.8,3.9,3.9,4.0,4.0,3.8,3.8,3.9,3.0
SYN-04786,3.6,3.1,3.3,3.2,3.7,3.7,3.4,3.4,3.4,3.4,3.7,4.3,3.4
SYN-04787,4.3,3.8,3.9,3.8,4.5,4.3,4.0,4.1,4.3,4.4,4.2,4.1,4.5
SYN-04788,3.2,3.0,3.9,3.4,3.9,4.1,4.1,2.6,3.8,3.4,3.3,3.6,3.4
SYN-04789,3.9,4.0,3.6,3.8,3.5,3.8,4.1,3.8,3.6,4.0,3.5,3.5,3.5
SYN-04790,2.8,3.0,3.2,3.3,2.9,3.1,2.7,3.9,3.7,3.0,3.3,3.0,3.5
SYN-04791,3.8,3.2,3.3,3.6,4.0,3.5,4.0,3.7,3.3,3.5,3.8,3.8,3.9
SYN-04792,2.7,2.7,3.3,3.3,2.6,2.1,2.6,2.6,2.2,2.6,2.3,2.7,2.8
SYN-04793,4.2,4.4,4.2,4.3,4.5,3.9,4.0,4.0,3.8,4.0,4.3,4.3,3.6
SYN-04794,3.5,3.2,3.0,2.5,2.6,3.4,3.2,3.3,2.9,3.3,2.5,2.6,3.2
SYN-04795,2.7,3.0,2.5,2.2,2.7,2.9,2.7,3.2,3.3,3.2,2.7,3.2,2.6
SYN-04796,2.8,2.2,2.0,2.2,2.3,2.4,1.7,2.0,2.4,2.5,3.2,2.6,2.0
SYN-04797,3.6,3.2,3.5,3.2,3.5,3.4,3.2,2.9,2.9,2.8,3.0,3.4,3.2
SYN-04798,2.7,3.3,2.6,3.1,3.4,2.6,3.0,2.8,3.5,3.6,3.1,3.2,3.4
SYN-04799,3.8,3.4,3.5,3.5,3.1,3.9,3.2,3.9,3.4,3.6,3.8,4.1,3.9
SYN-04800,2.8,2.8,2.4,3.0,2.8,2.5,3.0,3.2,2.7,2.6,2.6,2.9,2.4
SYN-04801,3.3,3.1,3.4,3.4,2.9,3.5,3.4,3.2,3.1,3.1,3.2,3.0,3.1
SYN-04802,3.2,3.0,3.4,3.1,3.0,3.2,3.0,2.9,3.0,2.5,2.5,2.8,2.8
SYN-04803,2.7,2.9,2.6,2.0,2.1,2.6,2.5,2.0,2.3,2.2,3.0,2.7,2.4
SYN-04804,3.7,3.7,3.7,4.2,4.1,4.1,3.7,3.5,3.3,3.3,3.9,3.2,3.6
SYN-04805,3.0,3.4,3.1,3.6,3.3,3.1,3.1,3.4,3.4,3.2,3.3,3.2,2.7
SYN-04806,3.5,3.1,3.3,3.6,3.5,4.0,3.3,3.4,3.6,3.5,3.8,3.7,3.9
SYN-04807,3.5,4.2,3.7,4.1,3.9,3.7,4.3,3.5,4.5,4.1,4.0,3.9,3.8
SYN-04808,3.6,3.1,2.6,3.5,3.3,3.2,3.0,3.9,4.1,3.5,3.5,3.6,3.6
SYN-04809,3.2,3.7,3.7,3.5,3.9,3.5,3.1,3.3,3.6,3.0,3.2,2.8,3.9
SYN-04810,4.1,4.2,3.6,4.3,4.1,3.5,4.1,3.7,4.0,4.2,4.1,3.5,4.1
SYN-04811,3.6,3.3,3.5,3.5,2.7,3.7,3.2,3.1,3.1,3.7,3.8,3.5,3.2
SYN-04812,4.1,3.2,3.0,3.5,3.2,3.8,3.0,3.2,3.7,3.4,3.1,2.9,2.9
SYN-04813,3.5,4.2,4.1,4.0,3.5,3.8,4.0,4.2,4.0,3.9,3.6,4.1,3.8
SYN-04814,2.6,2.8,3.3,3.3,2.3,3.0,2.7,3.2,3.2,2.7,3.1,3.3,3.4
SYN-04815,3.9,4.5,4.2,4.0,4.1,4.4,4.4,4.4,3.9,4.2,4.1,4.2,4.0
SYN-04816,4.1,3.6,3.5,3.7,3.9,3.6,3.5,3.9,4.1,4.0,3.3,3.8,3.6
SYN-04817,4.7,4.9,3.7,4.4,4.2,4.1,4.1,4.2,4.3,4.3,3.8,4.4,4.7
SYN-04818,3.3,3.0,3.5,3.8,3.5,3.2,3.2,3.7,3.4,3.3,3.3,3.5,3.5
SYN-04819,4.0,3.7,3.7,3.8,4.1,4.2,4.5,3.8,4.2,3.5,4.1,3.6,3.7
SYN-04820,2.8,2.6,2.5,2.2,2.7,2.6,2.8,2.1,2.8,2.4,2.7,2.6,2.3
SYN-04821,4.1,3.9,4.0,3.9,4.3,3.9,4.4,5.0,4.1,3.7,4.8,4.3,4.2
SYN-04822,3.8,3.6,3.8,3.6,3.6,4.1,4.2,3.8,4.0,4.5,3.6,3.4,4.1
SYN-04823,2.9,3.0,3.2,3.5,3.2,2.5,3.3,3.2,2.9,2.6,3.0,2.5,2.6
SYN-04824,3.6,3.6,4.2,3.9,4.1,4.0,3.5,3.8,3.9,3.9,4.1,4.3,4.1
SYN-04825,3.3,2.9,2.6,3.2,2.4,3.0,2.8,2.5,2.9,2.7,2.2,2.9,2.5
SYN-04826,3.3,3.2,3.4,2.5,2.9,3.3,4.1,3.3,3.1,3.5,3.0,3.4,3.2
SYN-04827,3.4,3.2,2.9,2.6,2.7,3.1,3.0,3.0,3.1,2.8,3.0,3.0,2.6
SYN-04828,3.8,4.1,4.2,3.8,4.2,3.8,3.7,4.6,3.9,3.6,3.9,3.9,4.3
SYN-04829,4.1,4.3,4.5,4.0,4.3,4.2,4.3,4.2,4.2,4.1,4.2,4.1,4.9
SYN-04830,3.4,3.3,3.2,3.5,3.0,2.9,2.8,3.6,3.6,3.3,3.1,3.1,3.9
SYN-04831,2.8,2.9,2.7,2.8,2.9,3.3,2.8,3.0,2.7,2.9,2.9,2.7,2.9
SYN-04832,2.7,3.1,3.0,2.8,2.9,3.4,2.9,3.1,3.1,3.1,2.6,2.7,2.7
SYN-04833,3.7,3.6,3.6,3.5,3.2,3.4,3.6,3.5,3.6,3.1,3.5,2.9,3.2
SYN-04834,3.2,3.0,3.3,3.6,3.9,3.4,3.3,3.5,3.4,3.2,3.7,3.4,3.3
SYN-04835,3.1,4.0,3.5,3.2,2.6,2.8,3.3,3.2,3.0,3.3,3.1,3.1,3.3
SYN-04836,2.7,2.6,2.6,2.9,2.6,3.7,3.3,3.3,2.8,2.8,2.6,3.6,3.4
SYN-04837,4.6,4.4,4.3,4.5,4.9,4.6,4.1,4.2,4.5,4.1,4.3,4.8,4.3
SYN-04838,2.7,4.0,3.5,3.1,3.2,2.5,3.0,2.9,3.2,3.6,3.3,3.8,2.7
SYN-04839,2.6,3.4,3.1,3.2,3.0,3.1,3.2,3.1,2.9,3.7,3.1,3.0,2.9
SYN-04840,4.2,4.1,3.5,4.1,3.8,4.2,4.1,3.9,4.4,4.1,4.0,4.0,4.0
SYN-04841,3.5,3.1,3.4,3.2,3.2,3.5,3.1,3.5,3.4,3.7,2.8,3.7,3.3
SYN-04842,3.2,3.6,3.9,3.8,4.2,3.7,3.8,3.7,3.5,3.8,3.7,3.8,3.8
SYN-04843,3.0,3.0,3.3,2.7,2.8,3.4,3.4,3.1,3.6,3.2,3.6,3.5,3.5
SYN-04844,3.4,4.0,3.8,3.4,4.2,4.1,3.7,3.6,3.8,3.2,3.4,3.7,4.0
SYN-04845,3.8,3.7,3.7,4.6,3.6,3.4,3.7,4.1,3.9,3.7,4.0,4.2,4.0
SYN-04846,2.9,2.9,2.7,3.0,3.2,3.3,3.0,2.9,3.4,2.9,2.7,2.7,2.6
SYN-04847,3.1,3.8,3.0,3.7,3.1,3.5,2.9,3.2,2.7,3.2,3.4,3.5,3.2
SYN-04848,2.9,3.0,2.8,2.8,2.9,3.1,3.4,3.4,2.9,2.8,2.8,2.6,3.2
SYN-04849,2.8,2.5,3.4,3.4,2.9,3.3,2.8,3.2,3.3,3.4,3.3,2.6,3.3
SYN-04850,5.0,4.5,4.0,4.2,4.2,3.7,4.4,4.3,4.3,4.3,4.2,4.6,4.4
SYN-04851,3.5,3.8,3.7,3.4,3.6,3.6,3.5,3.2,3.5,4.0,3.4,3.9,3.6
SYN-04852,4.6,4.2,4.9,5.0,4.4,5.0,4.2,4.6,4.2,4.7,4.5,4.6,5.0
SYN-04853,4.7,4.3,4.6,4.7,4.6,4.4,4.4,4.2,5.0,4.4,4.3,4.5,4.4
SYN-04854,4.7,4.1,4.4,4.1,3.6,4.1,4.4,4.2,3.8,4.6,3.8,3.9,3.8
SYN-04855,4.0,4.3,4.5,4.1,4.5,4.5,4.2,3.8,4.8,4.1,3.6,4.2,4.5
SYN-04856,4.4,3.8,3.6,4.2,4.3,4.5,4.4,4.2,3.9,4.0,4.1,3.9,4.5
SYN-04857,4.7,4.0,4.3,5.0,4.8,4.5,4.8,4.9,4.5,4.0,4.7,4.7,4.1
SYN-04858,3.9,3.6,3.3,3.9,4.2,3.9,3.9,3.4,4.0,3.6,3.6,4.1,3.4
SYN-04859,3.8,3.5,3.8,3.2,4.0,4.0,4.5,4.0,3.6,4.2,4.2,4.3,3.3
SYN-04860,3.7,3.6,4.3,4.1,4.2,3.5,3.9,3.4,3.5,3.9,3.9,4.0,3.7
SYN-04861,3.4,3.3,3.7,3.1,2.7,3.4,3.4,3.0,3.2,3.3,3.1,2.9,3.2
SYN-04862,4.2,3.9,4.0,3.9,3.6,3.9,3.8,4.2,4.3,4.2,3.7,3.6,3.5
SYN-04863,4.2,4.0,3.9,4.8,4.3,4.3,4.3,4.7,4.1,4.4,4.5,4.7,4.2
SYN-04864,3.5,2.6,3.8,3.3,3.4,2.8,2.8,3.0,3.2,3.1,3.0,3.1,2.5
SYN-04865,3.2,3.0,3.3,2.9,2.9,3.1,3.2,3.4,3.0,3.2,3.0,2.9,2.5
SYN-04866,3.3,2.9,3.5,2.9,3.0,3.0,3.4,3.1,3.4,2.4,3.8,2.9,3.4
SYN-04867,4.4,4.5,4.0,4.1,4.4,4.2,4.0,4.4,4.9,4.1,4.4,4.3,4.1
SYN-04868,3.6,3.6,3.2,3.8,3.4,3.7,3.5,3.4,3.4,3.6,3.0,3.5,3.8
SYN-04869,3.0,2.4,2.5,2.9,2.7,3.2,2.8,3.1,3.5,2.9,2.6,3.0,3.0
SYN-04870,3.0,3.3,2.6,3.2,2.7,3.3,2.3,3.6,2.8,2.6,3.2,3.1,3.1
SYN-04871,3.3,3.0,2.9,2.7,3.0,2.8,3.0,3.0,3.5,2.8,3.0,2.9,2.6
SYN-04872,4.0,2.8,3.2,3.6,2.7,3.4,2.6,2.9,3.3,3.0,3.5,3.1,3.3
SYN-04873,2.5,2.4,2.4,2.5,2.5,3.1,2.9,2.3,2.6,2.7,3.6,2.7,2.9
SYN-04874,3.5,4.0,4.2,3.8,4.0,4.0,3.9,4.2,3.6,3.6,3.8,3.7,3.0
SYN-04875,3.2,2.8,3.3,3.6,3.4,3.4,3.3,3.5,4.2,3.3,3.4,3.1,2.8
SYN-04876,3.9,4.1,4.5,3.7,3.7,4.1,4.3,3.4,4.0,4.3,3.7,3.4,4.0
SYN-04877,1.8,2.6,2.8,2.1,2.7,2.4,2.7,2.0,2.4,2.3,2.0,2.1,2.4
SYN-04878,3.8,3.7,3.7,3.9,4.2,3.9,4.5,3.7,4.2,4.0,4.1,4.3,3.3
SYN-04879,2.8,3.4,3.4,3.0,4.1,3.1,3.3,3.8,3.3,3.2,3.6,3.2,3.6
SYN-04880,3.9,3.9,4.1,3.7,3.6,3.7,2.9,3.8,3.7,3.9,3.5,4.2,3.7
SYN-04881,4.6,4.2,4.5,3.9,3.7,4.3,4.3,4.3,4.2,4.2,4.5,4.9,5.0
SYN-04882,4.0,3.0,4.0,4.0,3.7,4.0,3.8,3.7,3.8,3.5,3.2,3.1,4.0
SYN-04883,4.4,4.2,4.2,4.5,5.0,4.6,4.2,5.0,4.8,4.6,4.8,4.7,4.4
SYN-04884,2.3,2.1,2.3,2.7,2.7,2.4,2.4,2.2,2.6,2.1,2.7,2.6,2.4
SYN-04885,3.5,3.2,3.4,3.4,3.7,3.5,3.6,3.4,3.3,3.5,3.4,3.2,2.9
SYN-04886,2.4,2.3,2.7,2.5,2.3,2.5,2.4,2.2,2.9,2.5,2.3,2.0,2.5
SYN-04887,3.8,3.5,3.7,3.3,3.6,4.0,3.6,3.5,4.1,3.7,3.5,3.4,3.3
SYN-04888,3.7,3.8,3.5,3.5,3.7,3.1,3.6,3.5,3.7,3.7,3.4,4.1,3.2
SYN-04889,2.8,3.2,2.7,2.9,2.7,2.8,2.5,3.1,3.1,3.1,2.8,3.0,3.5
SYN-04890,4.8,4.3,4.4,4.4,5.0,4.8,4.2,5.0,4.9,4.7,5.0,4.6,5.0
SYN-04891,2.6,3.1,3.5,3.8,2.9,3.2,3.4,3.0,3.2,3.8,3.0,3.2,3.4
SYN-04892,2.4,2.0,2.2,2.2,2.4,1.9,2.7,2.4,2.6,2.1,1.9,2.0,2.5
SYN-04893,3.7,3.4,3.9,3.8,3.8,3.4,3.4,3.7,3.6,3.7,4.1,3.6,3.6
SYN-04894,3.7,3.6,3.8,4.2,3.8,4.0,3.2,3.9,4.3,3.9,3.9,4.0,4.4
SYN-04895,3.6,2.9,3.6,3.6,2.7,3.2,3.4,2.4,3.0,3.0,3.0,3.5,3.2
SYN-04896,4.1,4.0,4.7,4.2,3.9,3.9,3.7,3.6,3.6,4.2,3.7,4.1,3.8
SYN-04897,2.8,2.9,3.5,3.9,2.9,2.8,3.3,3.0,2.8,3.1,3.2,2.9,2.9
SYN-04898,3.8,3.0,3.1,3.1,3.8,2.7,3.5,3.3,3.8,3.4,2.6,3.8,3.2
SYN-04899,3.1,3.6,3.7,3.4,3.3,3.8,3.3,3.4,4.1,3.6,3.4,3.4,3.8
SYN-04900,4.1,4.2,4.2,4.1,4.2,3.9,3.7,4.4,4.3,3.9,3.8,4.7,3.7
SYN-04901,3.4,3.2,3.3,3.2,2.7,3.5,3.6,3.2,4.2,3.5,3.4,3.5,3.2
SYN-04902,2.9,3.0,3.1,3.4,3.1,3.4,2.9,3.0,3.0,2.1,3.1,2.9,3.4
SYN-04903,3.7,3.1,3.4,3.1,3.6,3.3,3.3,3.4,3.6,3.5,3.6,3.7,3.4
SYN-04904,2.1,1.9,2.1,2.4,2.0,2.7,2.1,2.3,2.8,2.3,2.0,1.6,2.5
SYN-04905,3.4,3.5,3.4,3.2,3.1,3.4,3.6,2.5,3.6,3.3,3.3,3.6,3.3
SYN-04906,2.5,1.9,2.3,2.6,2.3,2.3,2.5,2.5,2.9,2.5,2.8,2.4,1.7
SYN-04907,2.9,2.8,3.0,2.9,3.1,2.8,3.1,3.1,3.0,2.6,3.3,3.2,3.0
SYN-04908,2.2,2.8,2.6,2.6,2.7,3.2,2.8,2.7,2.6,2.7,2.7,2.9,2.6
SYN-04909,3.5,3.7,3.8,3.8,3.8,3.5,3.8,4.0,4.2,4.1,3.8,3.7,4.2
SYN-04910,3.1,3.4,3.1,2.4,3.3,3.4,3.0,2.8,3.6,3.1,3.0,3.2,3.9
SYN-04911,4.3,4.2,4.2,4.7,4.3,4.4,4.3,4.3,4.1,4.2,4.0,4.0,4.3
SYN-04912,2.3,2.5,2.4,2.1,2.6,2.7,2.1,2.7,2.1,2.9,2.7,2.1,2.7
SYN-04913,3.2,3.1,3.6,3.7,3.5,3.3,3.4,3.2,3.3,3.5,2.9,3.5,2.9
SYN-04914,3.2,3.7,3.3,3.2,3.5,3.4,3.6,3.6,3.3,3.0,3.5,3.9,3.5
SYN-04915,3.7,4.3,4.0,3.3,3.7,3.8,3.4,3.7,3.8,3.7,3.4,4.2,3.8
SYN-04916,4.4,4.9,4.7,5.0,4.7,4.2,4.4,5.0,5.0,4.3,5.0,5.0,4.5
SYN-04917,2.4,1.8,2.2,2.4,2.5,2.4,2.5,2.1,2.5,2.9,2.6,2.4,2.2
SYN-04918,3.0,2.7,2.6,3.1,3.2,2.8,3.4,2.9,3.1,3.4,3.0,3.3,3.3
SYN-04919,4.4,4.4,5.0,5.0,4.8,4.3,4.9,4.5,4.2,4.4,4.5,4.9,4.4
SYN-04920,2.7,2.8,3.0,3.2,3.2,2.3,2.9,3.0,2.7,2.8,3.2,3.2,2.9
SYN-04921,3.9,3.9,3.4,3.4,3.6,3.5,3.6,3.7,3.7,3.0,3.8,3.7,3.8
SYN-04922,2.8,2.8,2.9,3.3,2.9,3.3,3.3,2.9,2.8,2.8,2.9,2.8,3.2
SYN-04923,2.5,3.0,2.5,2.2,2.2,2.6,2.5,2.5,3.0,2.5,2.1,2.9,3.1
SYN-04924,3.2,2.9,3.1,2.8,2.8,3.0,3.0,3.0,3.6,3.1,3.3,3.7,2.9
SYN-04925,4.6,4.8,4.6,4.5,5.0,4.9,4.0,5.0,5.0,4.9,4.8,5.0,4.9
SYN-04926,3.0,2.9,2.5,2.4,3.1,3.1,2.8,2.6,2.5,2.7,3.1,3.5,2.9
SYN-04927,3.4,3.7,3.3,3.4,3.6,3.7,3.4,3.2,3.4,2.8,3.4,3.6,3.8
SYN-04928,3.6,2.6,3.8,3.8,3.1,3.2,3.8,3.4,3.2,3.1,4.2,3.6,3.3
SYN-04929,4.4,4.0,4.4,4.2,3.9,4.2,4.2,4.2,4.5,4.7,4.1,3.4,4.3
SYN-04930,4.0,3.6,4.3,4.3,3.9,3.8,4.5,4.3,3.9,4.3,4.0,4.3,4.2
SYN-04931,2.8,3.6,3.5,3.3,3.2,3.5,3.5,3.8,3.5,3.6,3.7,3.4,3.3
SYN-04932,2.4,1.7,1.7,2.2,2.3,2.2,1.6,1.8,1.9,2.4,1.9,1.9,1.4
SYN-04933,2.6,3.4,3.1,3.1,3.3,3.3,3.2,3.2,3.1,3.1,3.3,2.7,2.7
SYN-04934,2.9,2.9,3.1,2.8,2.6,3.0,3.2,3.0,2.4,2.9,2.3,2.8,2.2
SYN-04935,4.0,4.3,4.1,4.5,4.2,3.8,4.4,4.3,4.5,4.4,4.3,3.8,4.4
SYN-04936,2.9,3.2,3.7,3.4,3.1,3.0,2.9,2.3,3.0,2.8,3.1,2.8,3.1
SYN-04937,4.8,4.5,4.1,4.2,4.6,4.7,4.2,4.4,4.7,4.9,4.5,4.4,4.3
SYN-04938,3.8,4.1,3.8,3.9,3.3,4.2,4.1,3.6,3.7,4.1,4.6,3.2,3.6
SYN-04939,4.0,4.4,4.2,4.0,3.7,4.4,4.1,3.8,3.9,4.0,4.0,3.8,3.8
SYN-04940,5.0,4.8,4.6,4.9,4.8,4.5,4.2,4.6,4.7,4.7,4.2,5.0,5.0
SYN-04941,3.1,3.0,2.8,3.2,2.9,3.4,3.3,2.7,2.8,3.3,3.2,2.6,2.8
SYN-04942,2.6,2.6,2.6,2.9,2.7,2.6,2.4,2.7,2.6,2.5,2.3,3.0,3.1
SYN-04943,3.7,4.0,3.7,3.2,3.7,3.5,3.7,4.1,3.5,3.7,3.9,4.0,3.9
SYN-04944,3.7,3.7,4.3,3.9,3.7,4.4,3.9,4.5,3.9,3.8,4.0,4.3,4.1
SYN-04945,3.7,3.2,3.1,3.6,3.3,3.0,3.2,3.2,3.1,3.2,2.7,3.0,3.3
SYN-04946,3.4,3.3,3.5,3.4,3.1,3.1,3.6,3.5,3.6,3.4,3.1,3.3,3.4
SYN-04947,4.3,3.6,3.5,4.6,4.3,3.9,4.1,4.0,4.3,4.0,3.8,4.3,4.7
SYN-04948,4.3,4.1,4.1,3.9,4.0,4.2,4.5,4.5,4.2,4.2,4.1,4.3,4.1
SYN-04949,3.2,2.9,2.9,3.0,3.3,3.1,4.0,3.3,3.7,3.6,3.3,3.2,2.9
SYN-04950,3.5,3.9,3.7,3.5,3.6,3.7,3.7,3.6,3.6,2.9,3.7,3.3,3.8
SYN-04951,3.0,3.2,3.2,3.5,2.4,2.9,2.4,3.1,2.9,2.8,3.1,2.7,3.5
SYN-04952,2.6,2.7,2.7,3.0,2.3,3.0,2.5,2.5,3.0,2.6,2.9,2.9,2.6
SYN-04953,4.3,4.1,4.2,4.4,4.0,4.4,4.3,3.8,4.0,4.0,4.1,4.0,4.5
SYN-04954,2.6,2.1,2.0,2.3,2.7,3.0,2.1,1.6,1.9,1.8,2.5,2.4,2.4
SYN-04955,3.9,4.1,3.9,3.8,3.2,3.5,4.0,3.4,3.9,3.6,3.8,3.3,3.8
SYN-04956,3.1,3.4,3.3,3.7,3.5,2.8,3.1,3.1,3.5,3.1,3.0,2.9,3.5
SYN-04957,3.2,4.1,3.4,3.7,3.5,3.5,3.7,3.8,3.3,3.7,3.8,3.9,3.2
SYN-04958,3.0,2.5,3.0,3.0,3.3,3.4,2.8,3.2,3.3,2.9,3.4,3.2,3.0
SYN-04959,4.2,3.7,4.2,3.9,4.1,4.0,4.2,4.5,4.2,4.4,3.8,4.6,3.8
SYN-04960,3.0,3.3,3.2,2.9,3.0,2.3,3.0,3.2,3.8,3.6,3.5,4.0,2.8
SYN-04961,4.3,4.9,4.1,4.0,4.5,4.1,4.7,4.5,4.2,4.6,4.2,4.3,4.5
SYN-04962,3.5,4.1,3.6,3.7,3.2,3.4,3.7,3.9,4.0,3.3,3.4,3.3,3.8
SYN-04963,3.3,2.9,2.9,3.0,2.8,2.6,3.2,3.0,2.8,3.8,2.9,2.4,3.1
SYN-04964,3.2,3.9,3.9,4.2,3.5,3.7,3.8,4.1,3.9,4.0,4.2,3.7,4.2
SYN-04965,3.7,4.0,3.6,3.9,4.1,3.4,4.0,3.8,4.3,3.7,3.8,3.7,3.9
SYN-04966,2.8,3.0,3.6,3.4,2.8,3.3,3.3,3.3,3.7,3.8,2.8,3.4,3.5
SYN-04967,2.6,3.5,3.2,3.3,3.0,2.9,2.9,3.1,3.0,3.4,3.9,3.3,2.5
SYN-04968,4.0,3.6,3.9,4.0,3.9,3.7,4.1,3.4,4.1,3.7,4.1,3.6,4.0
SYN-04969,3.4,2.8,2.8,3.1,3.0,2.6,3.3,3.2,3.4,3.1,3.5,2.4,3.4
SYN-04970,2.9,2.9,2.8,3.2,3.3,2.9,3.1,3.9,2.8,2.9,3.5,2.6,3.1
SYN-04971,3.1,3.4,3.4,3.5,3.4,3.9,4.2,4.4,3.5,4.0,4.2,3.8,4.0
SYN-04972,3.5,3.5,3.2,2.8,3.3,3.2,3.3,3.7,3.8,3.4,3.0,3.3,3.2
SYN-04973,2.5,2.3,2.7,2.2,3.1,2.0,2.5,1.9,2.7,2.4,2.5,2.2,2.7
SYN-04974,3.2,2.8,3.0,2.7,2.7,2.8,2.9,3.0,3.0,2.7,3.2,3.3,3.2
SYN-04975,3.9,3.0,3.4,3.3,3.2,4.1,4.2,3.7,3.9,3.6,4.1,3.8,3.6
SYN-04976,3.5,3.3,3.4,3.6,4.5,3.9,3.4,3.1,2.7,3.7,3.7,3.2,3.3
SYN-04977,3.5,3.6,3.9,3.1,3.6,3.5,3.3,3.7,3.4,3.4,3.5,3.3,3.6
SYN-04978,3.5,4.2,3.7,3.4,3.7,3.9,3.2,4.0,3.7,3.6,3.4,3.7,3.4
SYN-04979,3.2,3.5,3.7,3.9,3.7,3.4,3.6,3.8,3.9,4.0,3.3,3.8,4.0
SYN-04980,3.3,4.1,3.4,3.9,3.8,3.4,3.6,4.0,3.4,3.6,3.1,3.7,3.4
SYN-04981,1.8,1.4,1.8,1.6,1.0,1.7,2.0,1.3,1.5,2.1,1.8,1.6,1.8
SYN-04982,3.3,4.2,3.7,4.0,3.5,3.1,3.6,3.8,3.9,3.0,3.5,3.0,3.3
SYN-04983,3.4,3.6,3.3,2.9,3.4,3.0,3.1,3.2,3.0,3.4,3.4,3.5,3.6
SYN-04984,3.5,3.1,3.2,4.0,4.0,3.9,3.3,4.0,3.5,3.6,3.8,3.9,3.7
SYN-04985,4.5,4.1,4.0,4.0,3.7,3.2,4.4,4.0,4.3,4.3,4.1,4.4,4.4
SYN-04986,2.6,3.4,3.2,2.6,2.7,2.5,3.1,2.9,2.2,2.7,2.8,2.9,2.4
SYN-04987,3.6,4.0,3.6,3.7,4.0,3.5,3.5,3.6,3.3,3.3,2.9,4.2,3.8
SYN-04988,3.5,4.1,3.5,3.8,3.8,3.6,3.5,4.1,3.8,4.3,3.5,3.6,3.7
SYN-04989,3.7,3.1,3.5,3.4,3.8,3.5,2.8,3.0,3.0,3.2,3.7,3.3,3.3
SYN-04990,2.7,2.9,2.6,2.7,2.7,2.8,2.6,2.4,3.1,2.7,3.1,2.9,2.9
SYN-04991,3.2,3.6,3.2,3.1,2.9,3.2,2.6,3.0,3.2,3.1,2.8,3.0,2.7
SYN-04992,3.3,3.9,3.4,3.3,3.4,3.3,3.3,3.0,3.0,3.4,3.6,3.0,3.5
SYN-04993,3.5,3.0,2.9,3.1,3.3,3.0,3.4,3.3,3.7,2.7,2.7,3.0,2.8
SYN-04994,2.9,2.5,2.3,2.9,2.5,2.4,2.2,2.6,2.6,2.6,2.7,2.9,2.2
SYN-04995,3.7,3.6,3.6,3.0,2.8,3.1,3.1,3.3,3.0,3.3,3.0,3.1,3.3
SYN-04996,2.8,2.6,2.5,3.1,2.9,3.2,3.1,2.7,3.1,2.9,2.8,3.6,3.5
SYN-04997,4.1,3.7,3.8,3.7,4.2,4.0,3.8,4.5,3.8,4.5,4.3,4.1,3.7
SYN-04998,3.2,3.3,2.8,3.1,2.7,3.1,2.4,3.0,1.9,2.3,2.4,2.7,2.4
SYN-04999,4.0,4.2,4.2,3.9,3.9,4.0,4.6,5.0,4.7,4.2,4.4,4.3,4.2
SYN-05000,4.7,4.8,4.2,4.5,4.7,5.0,4.9,5.0,4.7,5.0,4.8,4.9,4.7
SYN-05001,3.3,2.9,3.6,2.9,2.8,3.1,3.7,2.9,3.0,3.2,2.7,2.7,3.4
SYN-05002,3.2,2.8,3.1,3.0,3.2,3.2,2.5,3.6,3.2,3.0,3.4,2.9,3.1
SYN-05003,3.7,4.2,4.4,4.1,4.0,3.6,3.9,4.1,3.8,3.9,3.7,3.8,3.6
SYN-05004,4.2,4.1,4.1,4.0,3.9,4.0,4.0,4.1,4.6,4.0,3.9,4.0,3.9
SYN-05005,3.1,3.1,3.4,3.4,3.5,3.6,3.1,2.8,3.8,2.6,3.1,2.8,3.4
SYN-05006,3.0,3.6,3.3,3.7,3.3,3.6,2.9,3.6,3.2,3.3,3.5,3.4,3.0
SYN-05007,3.1,2.9,3.5,3.2,3.1,3.3,3.2,3.6,3.5,3.5,3.1,3.5,3.4
SYN-05008,2.7,3.0,3.0,3.5,2.9,3.2,3.4,2.8,3.1,3.6,2.6,2.8,3.1
SYN-05009,4.1,4.0,4.2,4.4,4.0,4.0,4.2,4.6,4.2,4.3,3.5,3.9,3.6
SYN-05010,3.6,4.0,3.2,4.1,3.6,3.9,3.9,4.2,3.8,3.3,3.9,2.8,3.3
SYN-05011,2.9,2.5,3.6,3.5,3.2,3.4,3.2,3.4,3.5,2.7,3.4,3.4,2.9
SYN-05012,3.5,3.3,3.6,3.7,3.6,3.3,3.9,3.4,3.7,3.8,3.0,3.6,3.9
SYN-05013,3.3,3.6,3.1,3.6,3.0,3.3,3.7,3.6,2.9,3.2,3.1,3.6,3.3
SYN-05014,4.9,5.0,4.5,5.0,4.6,4.7,4.7,5.0,4.6,4.7,5.0,5.0,5.0
SYN-05015,3.7,2.7,3.8,3.1,3.2,3.9,3.4,3.1,3.2,2.9,3.4,3.3,3.6
SYN-05016,4.4,3.5,4.1,3.4,4.0,3.6,3.5,4.7,4.6,3.7,4.5,3.9,3.5
SYN-05017,3.9,4.0,4.0,3.2,3.4,4.0,3.4,4.0,3.6,3.2,3.3,3.9,3.9
SYN-05018,3.9,3.4,3.4,4.0,3.2,3.3,3.6,3.1,3.6,3.4,3.8,3.3,3.2
SYN-05019,4.3,4.0,4.1,4.0,3.5,3.5,3.5,3.6,4.1,3.7,4.0,4.0,4.2
SYN-05020,3.9,3.7,3.2,4.2,3.9,3.7,3.7,3.1,3.7,3.5,3.1,3.5,3.7
SYN-05021,5.0,4.5,4.5,4.8,5.0,4.6,4.7,4.9,4.6,4.3,5.0,4.3,5.0
SYN-05022,3.4,3.4,3.1,3.3,3.2,4.3,3.2,3.8,3.3,3.5,3.4,3.4,3.4
SYN-05023,2.1,2.5,1.7,1.5,1.8,2.1,2.0,2.5,2.5,1.9,2.5,2.2,1.8
SYN-05024,4.7,4.6,4.5,4.5,4.8,4.6,4.6,4.6,4.7,5.0,4.5,4.8,4.3
SYN-05025,3.1,2.8,3.7,3.3,3.1,2.7,2.8,3.5,3.3,2.8,2.8,3.8,3.6
SYN-05026,3.6,3.6,3.5,3.2,3.8,3.5,3.8,3.4,3.7,3.4,3.6,3.8,3.4
SYN-05027,3.8,3.0,3.2,3.6,3.6,3.3,3.3,3.2,3.6,3.5,3.5,3.7,3.3
SYN-05028,3.0,3.3,3.2,3.1,3.0,3.3,3.4,3.0,3.3,3.7,2.9,3.6,2.9
SYN-05029,3.0,2.4,3.1,2.8,2.4,2.7,3.4,3.1,2.9,3.0,3.2,3.3,2.8
SYN-05030,2.6,2.5,2.4,2.3,2.9,2.5,2.0,1.5,2.7,2.3,2.4,2.5,3.1
SYN-05031,3.5,3.0,3.3,2.9,3.3,2.9,3.2,3.2,2.8,2.9,2.5,3.0,3.4
SYN-05032,4.4,4.2,3.7,3.8,3.8,3.7,4.1,3.6,4.2,3.8,3.4,3.8,3.9
SYN-05033,2.9,2.8,2.5,2.4,3.1,2.6,2.3,2.4,2.0,2.1,2.4,2.4,2.4
SYN-05034,4.0,4.0,3.4,4.3,3.8,3.8,3.5,3.7,4.4,3.5,3.9,3.6,3.2
SYN-05035,4.3,5.0,4.3,4.4,5.0,5.0,4.8,4.4,4.4,4.4,4.7,5.0,4.6
SYN-05036,3.9,4.1,3.8,3.3,3.7,4.1,3.5,3.5,4.0,3.2,3.7,3.5,3.5
SYN-05037,3.2,2.6,2.8,3.0,2.4,3.0,2.6,2.4,2.6,2.8,2.8,2.5,2.7
SYN-05038,3.3,3.5,3.3,3.7,3.5,4.3,3.8,3.2,3.5,3.9,3.8,3.3,3.5
SYN-05039,4.2,4.1,4.2,3.9,3.8,3.6,4.3,4.6,4.1,4.3,3.8,4.0,4.0
SYN-05040,4.3,4.2,5.0,4.5,4.6,4.3,3.6,4.4,4.5,4.6,4.2,3.8,4.1
SYN-05041,3.2,4.0,3.7,3.4,3.8,4.0,3.8,4.2,3.3,3.9,3.2,4.2,3.8
SYN-05042,3.7,3.5,3.7,3.8,3.9,3.8,3.6,4.2,3.3,4.0,3.9,3.8,4.0
SYN-05043,3.8,3.7,3.9,3.8,3.9,4.2,4.0,4.0,4.0,3.9,4.2,4.1,4.0
SYN-05044,3.5,4.2,4.0,4.0,4.3,4.0,3.8,3.7,3.7,3.9,4.1,4.1,3.4
SYN-05045,4.0,3.6,3.5,3.8,3.9,3.3,3.7,3.2,3.9,3.3,3.7,3.6,3.5
SYN-05046,2.5,2.7,3.1,2.9,3.1,2.9,3.1,2.8,3.0,3.1,3.2,2.6,3.2
SYN-05047,3.7,3.6,4.4,4.2,4.2,4.0,3.9,4.5,4.1,3.8,3.7,4.1,3.9
SYN-05048,3.5,3.2,2.8,3.8,2.9,2.8,3.2,3.3,2.9,3.4,3.1,3.9,3.3
SYN-05049,4.6,4.7,5.0,4.7,4.9,5.0,5.0,5.0,5.0,4.7,4.9,4.8,4.7
SYN-05050,3.1,3.0,3.0,3.1,3.0,3.2,2.9,3.5,3.4,3.3,3.0,3.2,3.1
SYN-05051,3.9,3.5,4.0,4.0,4.4,3.6,3.6,4.2,3.5,4.4,4.3,4.1,3.5
SYN-05052,2.7,2.8,2.9,3.0,2.6,3.1,3.0,3.0,2.7,2.9,2.2,2.9,3.3
SYN-05053,3.5,3.4,3.5,3.6,3.2,3.5,3.4,3.3,3.6,3.0,3.0,2.5,3.0
SYN-05054,3.0,3.2,3.3,3.4,2.8,3.2,2.9,2.8,3.3,3.2,3.3,3.3,3.0
SYN-05055,3.1,2.5,2.4,2.9,2.8,2.5,2.5,2.9,2.8,2.4,2.6,2.5,2.1
SYN-05056,3.6,3.3,3.5,3.1,2.9,2.9,2.9,3.0,2.7,3.1,3.0,3.4,3.3
SYN-05057,3.6,3.8,3.4,3.3,3.7,3.7,3.7,4.1,3.9,4.0,3.5,3.8,3.4
SYN-05058,3.1,3.5,3.1,3.1,3.5,3.1,3.7,3.3,3.3,3.4,3.3,3.4,3.1
SYN-05059,3.3,3.7,4.0,4.3,4.8,4.0,4.0,4.3,4.2,4.2,4.1,3.6,4.2
SYN-05060,3.0,2.5,3.2,3.2,3.2,2.9,3.1,2.7,2.6,3.0,2.5,2.9,3.0
SYN-05061,3.6,4.5,3.7,3.9,3.8,4.2,3.8,3.5,4.0,3.4,3.6,3.7,3.7
SYN-05062,3.1,3.0,3.2,3.0,3.3,2.9,2.8,2.8,3.1,3.5,3.2,3.0,3.2
SYN-05063,3.8,3.6,3.8,3.8,4.8,4.7,4.7,3.8,4.6,3.9,4.6,4.3,3.8
SYN-05064,4.4,4.4,3.6,4.0,3.3,3.8,3.8,3.8,4.4,3.5,3.9,4.2,3.5
SYN-05065,3.8,4.4,4.5,3.9,4.3,4.5,3.9,4.3,3.9,3.7,4.1,4.0,3.8
SYN-05066,3.3,3.3,3.5,3.7,3.7,3.4,3.2,3.8,3.4,3.2,3.5,2.9,3.3
SYN-05067,4.1,4.0,4.3,4.6,4.7,4.1,4.1,4.0,4.4,3.7,4.1,4.3,4.0
SYN-05068,2.5,2.9,2.6,2.9,3.1,2.7,2.5,3.1,1.8,2.1,2.8,3.3,2.8
SYN-05069,3.8,3.6,3.9,4.1,4.0,3.8,4.1,3.8,3.9,4.0,3.5,3.7,3.8
SYN-05070,3.2,3.2,3.4,3.9,3.5,3.6,3.7,3.8,3.7,3.6,3.5,3.9,3.4
SYN-05071,4.4,3.8,3.9,4.2,4.7,3.4,4.2,4.1,3.8,4.1,3.6,3.7,4.1
SYN-05072,3.2,3.5,3.3,3.3,3.8,3.1,3.4,3.6,3.5,3.3,3.6,3.1,3.3
SYN-05073,3.4,3.2,3.0,3.1,2.7,3.0,2.8,2.8,2.9,2.8,3.0,3.1,2.9
SYN-05074,2.0,2.6,2.6,3.0,2.7,2.7,3.2,2.7,3.0,2.7,2.8,2.6,2.7
SYN-05075,3.6,3.2,3.3,4.2,3.6,3.6,3.3,3.8,3.9,3.3,3.8,3.9,2.9
SYN-05076,3.6,3.1,3.8,3.1,3.5,2.8,3.7,3.4,3.7,3.1,3.4,3.8,3.3
SYN-05077,4.1,4.2,3.5,3.8,4.3,3.4,4.3,3.8,4.6,4.1,3.7,4.3,4.4
SYN-05078,4.2,3.9,4.5,3.7,4.3,3.3,4.1,3.9,3.6,4.4,3.4,4.4,3.6
SYN-05079,3.8,3.3,2.9,3.4,3.7,3.3,3.6,3.7,4.0,3.5,3.9,3.8,3.5
SYN-05080,3.9,3.8,3.5,3.7,3.6,3.7,4.1,3.3,3.6,3.5,3.8,3.4,3.3
SYN-05081,4.1,4.2,3.9,3.3,3.8,4.5,4.5,3.9,4.6,4.0,3.6,4.0,4.3
SYN-05082,3.2,3.5,3.4,3.3,3.6,3.7,3.4,3.5,2.9,3.8,3.2,3.1,3.6
SYN-05083,3.3,3.2,3.3,3.0,3.2,3.7,3.7,3.4,3.2,3.5,2.8,3.7,3.4
SYN-05084,2.5,3.2,2.8,2.6,3.4,2.6,3.0,3.0,2.5,2.7,2.7,2.2,2.2
SYN-05085,3.3,3.8,3.7,3.7,3.9,4.0,3.9,3.8,4.6,3.9,4.3,3.6,4.4
SYN-05086,3.3,4.3,3.1,3.1,3.4,3.3,3.1,3.9,3.9,3.3,3.8,3.9,3.4
SYN-05087,3.9,4.5,4.5,3.7,4.6,3.8,4.2,3.9,4.2,4.2,4.8,3.6,3.9
SYN-05088,2.7,2.9,2.7,2.2,3.1,3.2,3.0,2.7,2.9,2.5,3.2,3.0,2.7
SYN-05089,3.3,3.5,3.6,3.2,3.9,3.6,3.4,3.1,3.1,3.3,3.2,3.7,2.9
SYN-05090,4.2,3.4,4.1,4.3,4.5,3.8,3.8,4.3,4.4,4.0,3.4,3.7,4.0
SYN-05091,3.3,3.9,3.4,3.7,4.0,3.8,4.3,4.1,3.4,3.9,3.7,4.0,3.8
SYN-05092,2.7,3.0,2.7,2.7,2.8,2.9,3.2,2.7,2.3,2.8,2.9,2.9,2.8
SYN-05093,4.3,4.1,4.2,3.5,4.0,4.0,4.5,4.0,3.8,3.8,4.3,3.8,3.8
SYN-05094,3.1,2.9,2.7,2.4,2.9,3.0,2.5,2.9,2.8,2.5,2.6,2.8,2.4
SYN-05095,4.1,3.7,3.8,4.1,3.8,3.9,3.9,3.7,3.8,4.0,4.0,4.1,4.1
SYN-05096,3.3,2.5,3.2,2.9,3.2,3.1,2.8,3.4,3.2,3.1,3.6,2.7,3.0
SYN-05097,4.3,3.8,4.0,4.5,4.0,4.4,4.0,4.8,3.5,4.5,4.2,3.7,4.1
SYN-05098,3.0,3.7,3.4,3.0,3.6,3.6,4.2,3.8,2.8,3.4,3.9,3.1,3.3
SYN-05099,3.7,3.5,4.2,3.7,3.7,3.4,3.4,3.7,3.7,3.3,3.8,3.7,3.6
SYN-05100,3.8,3.5,3.4,3.8,3.4,3.3,3.1,3.5,3.7,3.3,3.1,3.8,3.8
SYN-05101,3.7,3.6,3.7,3.1,3.4,3.8,3.6,3.8,4.0,3.2,3.7,3.5,3.4
SYN-05102,4.3,3.1,3.5,3.5,3.6,3.0,3.3,3.6,3.1,3.8,3.7,3.1,3.5
SYN-05103,4.0,3.5,3.4,3.6,4.7,4.2,3.7,3.5,3.6,4.3,4.5,3.6,4.0
SYN-05104,3.4,3.8,3.1,3.8,3.1,3.7,3.2,3.4,3.3,4.1,3.8,3.3,3.2
SYN-05105,4.7,3.3,4.4,4.0,5.0,5.0,4.3,4.2,4.3,4.1,4.1,4.4,4.5
SYN-05106,3.1,3.2,2.9,2.8,2.8,3.3,3.1,3.2,3.2,3.1,3.1,3.5,3.3
SYN-05107,3.9,3.8,4.3,4.1,3.9,3.6,4.5,3.6,4.1,4.5,3.9,4.0,4.2
SYN-05108,3.5,3.3,3.7,3.8,3.8,4.2,3.5,3.8,4.3,3.7,4.4,3.7,3.6
SYN-05109,4.2,4.3,4.1,4.3,4.1,4.6,4.3,4.2,4.1,4.4,4.2,4.0,4.0
SYN-05110,3.8,3.4,3.5,3.7,3.9,3.7,3.8,3.8,3.6,3.7,4.1,3.5,3.2
SYN-05111,2.9,4.3,4.3,3.4,4.1,4.0,3.9,3.8,3.5,3.7,3.8,3.7,3.7
SYN-05112,4.1,4.0,3.9,4.0,3.7,4.0,3.3,3.7,3.9,3.8,3.8,4.0,4.1
SYN-05113,2.5,2.9,2.6,3.2,3.0,2.5,2.8,2.4,3.1,2.7,2.5,2.7,3.0
SYN-05114,3.8,3.6,3.7,3.6,3.4,3.2,3.7,3.9,3.7,4.3,3.5,3.7,3.9
SYN-05115,5.0,4.9,5.0,5.0,5.0,4.8,4.3,4.9,5.0,5.0,4.5,5.0,5.0
SYN-05116,4.3,4.1,4.1,4.2,4.9,4.6,4.2,4.2,4.4,4.3,4.4,4.3,4.4
SYN-05117,2.5,3.3,2.9,3.3,3.7,2.6,3.1,2.9,3.2,2.4,3.0,2.8,3.6
SYN-05118,3.1,2.4,2.2,2.3,2.5,2.1,2.7,2.5,2.6,2.6,2.9,2.7,2.6
SYN-05119,3.6,2.9,3.6,3.7,3.5,4.0,3.1,3.3,3.3,3.5,3.3,3.2,3.4
SYN-05120,4.4,4.3,3.9,4.0,3.9,3.7,4.2,3.7,4.3,4.6,4.2,4.3,4.3
SYN-05121,3.3,3.6,3.6,3.3,2.7,3.2,3.2,3.6,3.0,4.0,4.0,3.8,3.3
SYN-05122,3.9,4.8,4.3,4.8,4.7,4.4,4.2,4.6,4.1,4.6,4.7,4.3,4.1
SYN-05123,3.6,2.9,3.0,3.4,2.9,2.8,3.7,2.9,3.4,3.1,3.1,2.9,3.0
SYN-05124,4.2,3.9,3.2,3.3,3.7,3.8,3.9,3.6,3.4,3.4,2.9,4.1,2.8
SYN-05125,3.4,2.9,3.3,3.6,2.8,3.5,3.7,3.3,4.3,2.8,2.9,3.3,3.4
SYN-05126,3.9,4.2,3.5,3.5,3.7,4.2,4.1,3.9,3.7,3.9,4.0,3.9,3.5
SYN-05127,3.5,3.9,4.2,3.6,4.1,3.4,4.0,3.7,3.3,3.8,3.6,3.9,4.1
SYN-05128,4.3,3.6,4.3,4.3,4.0,3.8,4.0,4.6,4.3,4.4,3.9,4.0,3.8
SYN-05129,3.2,3.8,3.3,3.2,3.5,3.3,3.5,3.3,3.5,3.3,3.1,3.7,4.0
SYN-05130,4.3,3.7,4.1,4.3,3.7,4.0,3.8,3.9,4.3,4.2,3.9,4.2,4.1
SYN-05131,4.0,3.1,3.5,4.1,3.3,3.4,3.5,4.1,3.8,3.4,3.7,3.6,3.8
SYN-05132,4.2,4.3,4.2,4.6,4.2,4.1,4.6,4.4,4.0,3.1,4.4,4.1,4.3
SYN-05133,4.7,4.0,4.0,3.9,5.0,4.7,4.5,3.7,3.9,4.5,4.4,4.2,3.9
SYN-05134,3.8,4.0,3.6,3.3,4.0,3.6,4.0,3.4,4.1,3.4,3.3,3.8,3.5
SYN-05135,3.2,2.8,2.8,3.0,3.2,2.9,3.5,3.1,3.6,2.8,3.2,3.3,3.2
SYN-05136,3.6,3.9,3.2,3.7,3.3,3.4,3.7,3.9,3.2,4.1,3.9,3.6,3.3
SYN-05137,4.5,4.2,4.2,3.8,4.1,3.9,4.4,4.4,4.0,3.9,4.3,4.2,3.7
SYN-05138,2.6,3.3,2.7,2.7,2.8,2.5,2.9,2.8,3.0,2.2,2.8,2.7,2.2
SYN-05139,3.1,3.3,3.2,3.2,3.2,3.1,3.8,3.3,3.3,2.8,3.1,3.1,3.2
SYN-05140,3.8,3.7,3.8,3.6,4.1,4.1,4.0,4.1,4.1,3.5,4.3,4.1,3.3
SYN-05141,1.8,1.7,2.2,1.9,2.1,2.6,2.5,1.8,2.2,2.6,1.8,2.4,2.0
SYN-05142,2.6,3.4,2.8,2.9,2.8,3.2,3.2,2.7,3.0,3.0,3.2,2.7,3.3
SYN-05143,3.4,2.9,3.3,3.3,3.0,3.3,3.2,2.7,2.2,3.8,3.1,3.2,2.9
SYN-05144,3.3,4.1,4.2,2.9,3.5,4.0,3.5,3.7,3.4,3.6,3.9,3.6,3.1
SYN-05145,3.1,3.6,3.3,3.2,3.0,3.0,3.1,3.5,3.2,3.4,3.4,3.6,3.1
SYN-05146,3.8,2.8,3.2,3.2,3.1,2.7,3.7,3.6,3.5,3.1,3.2,3.2,3.3
SYN-05147,3.0,2.6,2.5,2.8,2.8,2.9,3.2,2.6,3.0,2.8,3.1,3.1,2.5
SYN-05148,5.0,4.5,4.1,4.1,4.9,4.9,4.8,4.3,4.4,4.0,4.4,4.5,4.9
SYN-05149,3.1,3.1,3.3,3.4,3.6,3.0,3.1,3.2,3.1,3.0,3.1,2.8,3.0
SYN-05150,2.1,2.5,2.3,2.3,2.5,1.7,2.4,2.5,2.7,2.6,2.8,2.0,2.8
SYN-05151,4.2,4.0,4.2,5.0,4.2,4.1,4.4,4.1,3.9,4.5,3.7,4.1,4.1
SYN-05152,2.8,2.7,3.0,3.2,3.4,2.8,2.8,3.5,2.9,3.0,3.4,2.6,2.7
SYN-05153,3.3,2.7,2.7,2.7,2.7,2.7,2.9,3.2,2.6,2.7,2.8,3.3,2.7
SYN-05154,3.6,3.3,3.6,3.6,3.5,3.9,3.8,4.3,3.9,4.2,3.8,3.6,4.1
SYN-05155,2.9,3.6,3.0,3.4,3.3,2.9,3.6,3.8,3.0,3.0,3.2,3.5,3.6
SYN-05156,3.5,3.6,3.5,3.5,3.4,3.2,3.9,3.6,4.1,3.8,3.5,3.3,4.2
SYN-05157,2.6,3.0,3.1,3.0,2.9,2.8,2.9,3.1,3.2,3.0,3.0,2.8,3.2
SYN-05158,3.3,3.4,3.1,3.0,3.2,3.4,3.0,3.1,2.9,2.9,3.1,3.0,3.5
SYN-05159,3.0,3.3,3.3,3.0,2.4,3.1,3.3,3.1,3.1,2.9,2.6,3.1,2.9
SYN-05160,2.9,2.7,3.4,2.9,2.7,2.5,2.4,3.0,2.7,2.7,2.7,2.5,2.7
SYN-05161,5.0,4.7,5.0,4.6,4.9,5.0,5.0,4.5,4.2,5.0,5.0,5.0,4.9
SYN-05162,3.0,3.0,3.2,3.0,3.2,3.4,2.8,3.0,2.8,2.9,3.0,2.8,2.6
SYN-05163,2.3,2.8,2.5,2.6,2.7,3.0,2.6,2.8,2.4,2.6,2.4,2.7,2.7
SYN-05164,4.1,4.0,4.2,4.0,4.0,3.8,4.3,4.1,4.0,3.8,4.8,3.2,3.9
SYN-05165,3.5,3.9,3.6,3.7,3.5,4.2,3.8,3.5,3.9,3.6,4.2,4.1,3.7
SYN-05166,3.4,3.3,3.8,3.9,3.4,3.6,3.7,3.8,3.3,3.6,4.2,3.5,3.6
SYN-05167,3.3,3.4,2.9,3.8,3.3,3.4,3.3,3.5,3.1,2.8,3.2,3.4,3.1
SYN-05168,3.1,3.4,3.0,3.6,3.2,3.4,2.9,3.7,3.4,3.5,2.9,3.1,3.3
SYN-05169,3.0,3.1,3.6,3.2,3.4,3.1,3.5,3.0,3.5,4.0,3.2,3.1,3.7
SYN-05170,4.1,3.8,4.2,4.2,3.9,3.9,4.4,3.8,3.7,3.9,4.4,4.0,4.0
SYN-05171,3.3,3.5,3.8,3.5,4.0,3.6,3.3,3.6,3.6,3.7,3.6,3.4,3.2
SYN-05172,4.2,3.7,4.1,3.8,4.3,4.4,4.2,4.1,4.0,4.5,4.4,3.8,4.2
SYN-05173,3.6,3.4,3.1,2.9,3.5,3.0,3.3,3.7,3.6,3.3,3.7,3.6,3.3
SYN-05174,3.8,3.5,3.2,2.8,3.5,3.2,3.4,3.3,2.7,3.3,3.1,3.2,3.2
SYN-05175,3.0,3.0,3.1,2.2,3.4,2.4,2.9,2.7,3.0,2.4,3.4,2.8,3.1
SYN-05176,4.4,5.0,4.3,3.9,5.0,4.3,4.7,5.0,4.6,4.8,4.9,4.7,5.0
SYN-05177,3.7,3.2,3.7,3.5,3.5,3.6,3.8,3.2,3.9,3.9,3.3,4.0,3.5
SYN-05178,3.7,3.4,3.7,3.4,3.5,2.7,3.4,3.3,2.9,3.7,3.4,3.0,3.7
SYN-05179,4.8,4.5,4.1,4.0,4.2,4.3,5.0,4.5,4.1,4.3,4.8,4.7,4.5
SYN-05180,3.7,3.7,3.8,3.7,3.8,3.6,3.5,3.7,3.8,3.5,3.9,4.0,3.8
SYN-05181,3.6,3.8,3.8,3.8,4.2,3.4,3.9,3.7,3.4,3.4,4.1,3.4,3.9
SYN-05182,3.6,3.3,3.8,3.2,3.4,3.2,3.8,3.9,3.6,4.3,3.7,3.7,3.8
SYN-05183,2.9,3.2,2.8,2.7,3.4,2.8,3.1,3.6,2.5,3.3,3.1,3.1,3.1
SYN-05184,4.2,4.3,3.9,4.3,3.8,4.8,4.1,4.2,4.7,3.9,4.2,3.7,3.9
SYN-05185,2.3,3.0,2.9,2.6,2.6,3.0,2.7,2.5,3.0,2.7,2.9,2.7,3.3
SYN-05186,2.9,2.4,2.9,3.0,3.1,3.2,2.8,3.4,3.3,3.0,2.8,3.5,3.2
SYN-05187,2.9,3.5,3.1,3.5,2.8,3.0,3.5,2.9,3.0,2.3,3.2,3.4,2.8
SYN-05188,3.8,3.5,3.2,3.5,3.5,3.7,3.5,4.0,3.5,3.6,3.7,3.6,3.5
SYN-05189,3.5,3.6,3.8,2.9,3.6,3.3,3.8,3.8,3.8,3.3,3.1,3.9,3.8
SYN-05190,1.9,2.9,2.6,2.5,2.2,2.8,2.3,2.3,1.8,2.3,2.2,1.9,2.9
SYN-05191,4.7,4.3,4.5,4.6,4.6,5.0,4.7,4.8,4.7,5.0,5.0,4.7,4.5
SYN-05192,3.9,3.0,4.0,3.5,3.9,4.1,3.7,3.8,4.0,3.8,4.2,4.1,4.1
SYN-05193,3.0,3.4,3.0,3.2,2.4,3.6,3.7,3.3,2.8,3.2,3.3,3.2,4.0
SYN-05194,3.7,3.6,3.8,3.7,3.5,3.2,4.0,3.5,3.4,3.5,3.3,3.9,3.9
SYN-05195,3.8,4.0,3.9,3.9,4.3,4.0,3.8,3.5,3.3,3.2,4.0,3.6,3.8
SYN-05196,3.0,4.0,2.8,3.4,3.2,3.3,3.2,3.1,3.0,3.9,3.2,3.4,2.8
SYN-05197,3.1,3.5,4.0,3.7,3.6,3.8,3.6,4.1,4.1,3.5,3.5,3.7,3.8
SYN-05198,3.6,4.0,3.8,4.0,3.4,3.5,3.9,3.7,3.7,3.6,3.7,4.2,3.1
SYN-05199,4.1,4.1,3.8,4.1,3.6,3.9,4.0,4.1,4.7,3.9,3.7,4.4,2.8
SYN-05200,3.4,3.4,3.3,3.5,3.3,3.0,3.7,3.7,3.2,3.4,4.1,3.7,3.5
SYN-05201,4.2,3.2,3.1,3.7,3.9,3.2,3.3,3.9,3.3,3.6,3.7,4.0,3.6
SYN-05202,3.5,3.0,3.6,3.1,3.0,4.0,3.9,3.4,3.8,3.3,3.3,3.3,3.1
SYN-05203,2.6,3.2,3.7,3.3,3.5,3.4,3.0,3.3,3.2,2.9,3.5,2.9,3.1
SYN-05204,3.7,3.3,3.2,2.4,3.0,2.7,3.1,3.0,2.8,3.4,3.4,2.7,3.5
SYN-05205,2.7,3.6,3.0,2.9,3.5,3.0,3.4,2.7,3.1,3.2,3.4,3.3,3.1
SYN-05206,3.4,3.0,3.4,3.4,3.0,3.3,3.5,4.0,3.6,3.3,3.3,3.2,3.3
SYN-05207,3.6,3.6,3.3,3.0,3.3,3.1,3.0,3.6,3.5,3.1,3.3,3.5,3.4
SYN-05208,4.2,3.8,4.2,4.0,4.3,4.4,5.0,4.4,4.1,4.0,3.8,3.8,4.1
SYN-05209,3.4,4.1,3.1,3.0,3.4,3.1,3.4,3.1,3.2,3.4,3.1,3.2,3.4
SYN-05210,3.3,3.1,3.2,3.6,3.4,3.2,3.6,3.4,3.7,3.6,3.7,3.2,3.1
SYN-05211,3.6,3.6,3.3,3.0,3.4,3.5,2.9,3.5,3.7,2.9,3.5,3.7,3.8
SYN-05212,2.9,3.8,3.4,3.3,4.2,3.5,3.4,3.7,4.0,3.5,3.3,3.5,3.8
SYN-05213,4.3,4.8,4.4,3.9,4.9,4.5,4.8,4.5,4.4,4.7,4.4,5.0,4.4
SYN-05214,3.8,3.5,2.6,3.0,3.5,3.0,2.9,3.7,2.8,3.5,3.2,3.5,3.4
SYN-05215,3.2,3.7,3.7,3.9,3.9,3.7,3.5,4.0,4.1,3.9,3.7,3.7,3.5
SYN-05216,3.8,3.7,3.9,3.5,3.7,3.3,3.6,3.5,4.0,4.2,3.3,4.0,3.9
SYN-05217,3.4,3.3,3.3,3.4,3.4,3.5,3.4,3.8,3.7,3.5,3.4,3.4,3.7
SYN-05218,3.0,3.0,3.2,3.0,3.4,2.4,2.6,3.5,2.9,3.1,3.3,3.1,3.2
SYN-05219,4.0,4.1,3.9,4.0,3.6,3.9,3.8,3.8,3.3,3.7,3.7,4.3,3.7
SYN-05220,2.5,2.9,2.1,2.3,2.7,3.2,1.8,2.4,2.6,2.7,3.1,2.2,2.4
SYN-05221,2.5,3.0,3.1,3.6,3.4,3.4,2.7,3.1,3.1,3.1,2.9,3.3,2.8
SYN-05222,3.3,3.6,3.8,3.0,3.4,3.3,3.6,3.7,3.1,3.2,3.2,3.3,3.5
SYN-05223,3.3,3.9,2.8,3.0,3.6,3.3,3.2,3.7,3.6,3.8,3.1,3.6,3.6
SYN-05224,3.2,3.6,3.8,3.9,3.5,3.2,4.0,3.6,3.0,3.5,3.9,3.2,3.6
SYN-05225,4.2,4.3,4.1,4.4,4.2,4.5,4.2,4.6,4.3,3.9,4.0,3.9,3.9
SYN-05226,3.5,3.5,3.8,4.1,3.4,3.6,4.1,3.8,3.3,3.9,4.0,3.9,4.5
SYN-05227,3.4,3.9,3.6,3.7,3.4,3.4,3.2,3.2,3.8,3.4,4.4,3.5,3.8
SYN-05228,3.3,2.8,2.9,2.9,3.8,3.7,3.9,2.6,2.9,3.5,3.1,3.5,3.2
SYN-05229,3.2,2.8,3.1,3.4,3.0,3.3,3.0,3.1,3.1,3.5,3.6,3.9,3.6
SYN-05230,3.0,3.4,3.0,3.1,3.2,2.9,2.9,2.8,2.7,2.7,3.2,2.5,2.9
SYN-05231,2.3,1.9,2.6,1.9,2.1,2.3,2.8,2.5,2.4,2.7,2.3,2.9,2.5
SYN-05232,2.8,2.3,3.1,3.0,2.7,2.6,3.4,2.6,2.9,2.8,3.0,2.2,3.0
SYN-05233,4.6,3.6,3.9,4.3,4.1,4.3,4.4,4.2,4.7,4.4,3.7,4.4,4.1
SYN-05234,3.3,3.5,3.6,3.1,3.4,2.8,3.0,2.9,3.4,3.6,4.1,3.4,3.4
SYN-05235,2.7,2.7,3.0,2.8,3.4,3.7,3.2,3.0,3.3,3.0,3.0,3.2,3.3
SYN-05236,3.6,3.5,3.8,4.2,3.7,4.6,4.3,4.3,4.3,4.2,4.2,4.4,4.4
SYN-05237,2.1,2.6,2.1,1.9,1.6,1.8,2.4,2.0,2.2,2.1,1.7,2.0,1.8
SYN-05238,3.0,2.9,3.3,3.4,3.2,2.6,2.8,3.4,3.0,3.0,3.2,2.9,2.5
SYN-05239,2.6,2.8,2.7,3.1,2.9,2.9,3.2,2.4,3.4,3.4,2.9,2.8,3.3
SYN-05240,3.6,3.8,3.7,3.8,3.3,3.8,3.4,3.5,3.9,3.5,3.5,3.7,4.1
SYN-05241,4.5,4.1,4.1,3.8,4.6,3.9,3.8,3.9,3.9,3.4,3.6,3.9,3.6
SYN-05242,4.0,3.8,4.1,3.8,4.0,3.3,3.3,3.6,3.9,3.6,4.0,3.9,3.7
SYN-05243,4.4,4.2,4.4,4.2,4.4,4.7,4.0,4.1,4.1,4.4,4.6,3.8,4.3
SYN-05244,3.8,4.1,3.5,4.0,3.9,4.3,4.5,4.0,3.7,4.0,4.0,4.0,3.9
SYN-05245,3.8,4.0,4.3,3.1,4.0,3.7,3.4,3.2,3.7,3.6,3.3,3.6,3.9
SYN-05246,5.0,4.9,4.9,5.0,5.0,4.9,4.9,4.7,4.8,4.6,4.5,4.5,4.6
SYN-05247,2.1,2.4,2.5,2.2,2.1,3.0,2.2,2.2,1.9,2.5,2.9,2.3,2.2
SYN-05248,4.8,4.8,4.0,4.9,5.0,4.7,4.7,4.9,4.9,4.8,4.9,5.0,4.4
SYN-05249,4.1,4.1,4.0,4.7,4.7,4.6,5.0,4.4,4.3,4.5,4.8,4.3,5.0
SYN-05250,3.4,3.6,3.5,3.3,3.7,2.4,3.3,3.7,3.0,3.2,3.3,3.3,3.2
SYN-05251,2.8,3.1,3.4,3.2,3.4,3.1,3.5,2.7,3.5,3.4,2.6,3.3,3.1
SYN-05252,3.1,3.2,3.0,3.4,3.1,2.8,3.1,3.0,3.3,2.7,3.7,3.2,2.8
SYN-05253,3.3,3.2,3.1,3.5,4.0,3.9,3.4,3.1,3.4,3.6,3.4,3.6,3.5
SYN-05254,4.2,3.8,4.1,4.7,4.3,4.5,4.8,3.8,4.9,4.4,4.5,4.0,4.4
SYN-05255,1.9,2.2,2.2,2.1,2.5,2.0,1.5,2.1,2.5,2.9,2.5,2.5,2.0
SYN-05256,5.0,4.8,4.8,4.8,4.3,4.7,4.2,4.9,4.7,4.4,4.9,4.5,4.5
SYN-05257,3.7,3.5,3.6,3.8,3.3,3.3,3.4,3.5,3.7,4.1,3.5,3.5,3.3
SYN-05258,3.9,4.4,4.2,4.5,4.5,4.4,3.7,4.4,3.9,3.6,4.2,4.6,4.4
SYN-05259,2.6,3.7,3.1,2.6,2.2,2.8,2.2,2.5,2.3,2.6,2.7,2.6,3.5
SYN-05260,3.8,4.3,4.1,3.8,3.8,4.3,3.6,3.7,3.7,3.9,3.6,4.2,4.2
SYN-05261,3.5,3.9,3.5,3.8,4.1,3.7,3.7,4.4,3.8,3.5,3.4,4.4,3.5
SYN-05262,3.6,3.8,4.0,3.4,3.7,3.4,3.8,4.1,3.7,4.4,3.6,3.9,4.2
SYN-05263,3.4,3.9,3.2,2.9,3.1,2.9,3.2,3.5,3.3,3.1,2.9,3.2,3.3
SYN-05264,2.9,3.0,3.2,2.9,2.7,3.0,3.4,3.3,3.2,3.0,3.4,3.4,3.7
SYN-05265,2.1,2.3,3.1,3.0,3.1,2.6,2.7,2.4,2.1,2.9,3.2,2.8,2.6
SYN-05266,3.6,4.3,3.9,4.0,3.5,3.6,4.1,3.8,3.7,4.7,3.9,3.9,3.9
SYN-05267,4.0,4.2,4.8,4.4,3.8,4.1,4.3,3.8,4.1,4.0,4.1,4.3,4.4
SYN-05268,3.3,3.6,3.6,3.6,3.4,3.6,3.8,3.2,4.2,3.9,3.2,4.1,4.1
SYN-05269,1.9,2.1,2.1,1.6,2.3,1.5,2.1,2.5,1.5,1.9,2.4,2.1,2.3
SYN-05270,4.0,4.0,4.2,4.3,4.4,4.4,4.5,4.3,3.9,3.8,4.5,4.5,4.8
SYN-05271,4.3,3.9,3.7,3.4,3.3,3.6,3.5,4.1,3.7,3.5,3.3,3.7,3.6
SYN-05272,1.9,1.8,2.2,1.9,1.9,1.9,2.9,2.1,1.8,1.3,1.5,2.0,2.5
SYN-05273,3.2,2.5,2.7,2.5,2.7,2.5,2.4,2.4,2.8,3.0,2.4,2.8,2.6
SYN-05274,2.8,3.1,3.3,2.7,2.8,3.4,2.9,2.7,3.0,2.9,3.2,2.9,2.9
SYN-05275,3.5,3.6,4.0,3.7,3.2,3.6,3.6,3.6,3.1,3.5,3.3,3.1,3.9
SYN-05276,2.9,2.9,3.2,3.2,2.9,2.9,2.6,2.7,3.3,3.0,3.2,2.9,3.1
SYN-05277,2.5,3.3,3.0,2.9,3.2,3.3,2.9,2.7,3.5,2.9,2.4,2.9,3.1
SYN-05278,4.0,4.0,3.9,3.9,3.6,3.6,4.1,4.4,3.9,4.4,4.3,4.0,4.2
SYN-05279,4.3,4.0,3.5,4.2,4.4,4.0,4.8,4.5,3.7,4.1,3.9,4.0,4.3
SYN-05280,3.9,3.9,4.1,4.3,4.2,4.2,4.4,4.0,3.9,4.0,3.8,3.8,4.2
SYN-05281,2.8,1.8,2.9,2.5,2.4,2.5,2.2,2.5,3.2,2.1,2.8,2.9,2.8
SYN-05282,4.5,4.3,4.2,4.3,4.3,3.9,4.2,3.9,3.6,4.6,3.9,4.3,4.2
SYN-05283,3.0,3.0,3.4,3.4,3.1,2.8,3.5,2.4,3.3,3.6,2.7,3.3,3.1
SYN-05284,4.6,4.9,4.2,4.5,4.5,4.0,4.8,5.0,4.8,4.6,4.8,4.4,4.3
SYN-05285,3.8,3.7,3.7,3.4,3.2,3.3,3.4,3.0,3.8,3.3,3.2,3.6,3.4
SYN-05286,3.7,3.7,4.3,4.1,3.7,4.6,4.0,4.3,4.1,4.2,4.2,3.8,4.8
SYN-05287,3.6,4.1,3.6,3.5,4.2,4.3,3.9,4.0,3.4,4.0,4.0,3.9,4.3
SYN-05288,3.1,3.7,4.2,3.4,3.9,3.6,3.8,3.4,4.4,3.4,3.7,3.7,4.1
SYN-05289,3.3,2.8,3.1,2.6,3.3,3.8,3.2,3.4,3.6,3.1,3.6,3.9,2.8
SYN-05290,4.5,3.7,3.9,4.5,4.3,4.0,4.8,4.1,4.5,4.1,4.3,4.3,4.2
SYN-05291,3.6,4.1,3.8,3.9,4.2,4.2,3.8,4.1,4.0,3.8,3.8,3.8,4.0
SYN-05292,3.2,3.4,3.1,3.3,3.3,3.4,3.8,3.6,3.3,2.8,3.2,3.6,3.3
SYN-05293,2.9,3.2,3.1,3.6,3.1,3.4,3.5,2.9,3.0,3.1,3.3,3.1,2.8
SYN-05294,2.8,3.4,3.7,3.2,3.4,3.2,3.3,3.3,3.3,3.2,3.2,3.0,3.3
SYN-05295,4.0,3.7,4.3,4.2,4.0,4.3,4.2,3.8,3.4,3.4,4.3,3.9,3.8
SYN-05296,3.4,3.6,3.9,3.4,3.7,4.4,4.2,3.0,3.1,4.2,3.9,3.6,3.8
SYN-05297,3.6,3.5,3.9,3.6,3.9,3.5,3.9,3.8,3.3,4.1,3.2,4.1,3.8
SYN-05298,3.5,3.2,3.2,3.3,2.9,3.5,3.2,2.7,3.9,3.4,3.4,3.1,3.4
SYN-05299,4.5,3.9,4.5,4.0,3.9,4.0,4.9,4.5,4.3,4.8,4.0,4.0,4.0
SYN-05300,3.2,2.9,2.4,2.5,2.8,2.3,2.6,2.4,2.7,2.9,3.2,2.2,2.9
SYN-05301,4.1,3.9,3.8,3.8,3.4,4.2,3.7,3.4,4.0,4.0,4.2,4.5,3.9
SYN-05302,4.0,3.9,4.0,3.8,3.9,3.8,3.7,4.6,4.5,3.5,4.1,4.0,4.1
SYN-05303,2.9,2.8,3.3,3.2,3.2,3.3,3.5,3.6,3.0,3.1,3.4,3.7,3.3
SYN-05304,2.7,2.3,2.0,3.4,2.8,2.4,2.1,3.1,2.4,2.4,2.5,2.7,2.9
SYN-05305,3.6,3.4,4.4,3.6,3.7,3.3,3.9,4.0,3.5,3.2,3.6,4.3,3.5
SYN-05306,4.9,4.0,3.6,4.0,3.6,3.9,4.3,4.0,4.5,4.0,3.7,4.2,4.1
SYN-05307,4.5,4.1,4.6,4.9,4.1,3.9,4.0,4.5,4.0,4.6,4.6,4.6,5.0
SYN-05308,3.3,3.3,4.2,4.0,4.2,3.2,3.5,4.2,3.8,4.3,3.7,3.8,4.5
SYN-05309,2.9,3.4,2.7,2.9,3.4,2.7,3.4,3.1,2.9,3.1,3.0,2.9,3.0
SYN-05310,3.5,3.4,3.2,4.0,4.0,3.6,3.8,4.3,3.7,3.8,4.5,4.0,4.2
SYN-05311,4.0,3.9,3.6,3.5,4.0,3.9,3.8,3.9,3.5,3.4,3.6,3.7,3.6
SYN-05312,4.1,4.1,3.9,4.0,3.3,3.9,3.7,3.5,3.6,3.6,3.6,3.5,3.3
SYN-05313,2.5,3.1,2.2,3.6,2.8,2.5,3.2,3.0,2.7,2.8,3.0,3.3,2.2
SYN-05314,3.9,4.3,3.6,4.1,4.0,4.4,3.9,4.0,4.1,4.0,3.6,3.6,3.9
SYN-05315,4.0,3.9,3.4,3.7,3.3,3.9,4.4,3.9,3.2,3.8,3.8,3.6,3.1
SYN-05316,5.0,5.0,4.6,4.6,4.7,5.0,4.8,4.6,4.7,5.0,4.2,4.8,4.7
SYN-05317,3.5,3.3,3.1,3.8,3.0,4.0,3.7,3.8,3.6,3.9,3.7,3.9,3.8
SYN-05318,4.8,4.2,4.3,4.4,4.4,4.6,4.2,4.4,4.6,3.9,4.7,5.0,4.2
SYN-05319,4.7,4.3,4.0,4.5,4.8,4.1,3.9,3.6,4.2,4.3,4.8,4.8,4.1
SYN-05320,3.8,3.2,3.5,3.5,3.3,3.5,3.8,3.9,3.5,3.5,3.0,3.6,3.4
SYN-05321,4.2,4.0,3.9,3.9,4.0,3.8,4.3,4.3,4.1,4.2,4.1,4.5,4.2
SYN-05322,3.2,3.3,3.1,3.5,2.9,3.6,3.0,2.9,2.6,3.3,3.0,3.1,3.1
SYN-05323,3.2,3.7,3.5,3.1,3.0,3.6,3.3,3.6,3.3,3.5,3.6,2.9,3.9
SYN-05324,3.3,2.6,3.6,3.5,3.1,3.6,3.0,3.2,3.9,3.4,3.5,3.5,2.8
SYN-05325,3.5,3.5,3.8,3.9,3.8,3.3,3.0,3.6,3.4,3.1,3.2,3.4,3.5
SYN-05326,2.2,2.4,2.4,2.5,2.1,2.2,2.8,2.3,2.5,2.0,2.8,2.7,2.5
SYN-05327,4.3,4.1,5.0,4.4,4.1,4.3,4.6,4.1,4.3,4.1,4.9,4.5,4.1
SYN-05328,3.1,3.1,3.3,3.1,3.2,3.1,2.9,3.1,3.1,3.0,2.9,3.2,3.6
SYN-05329,3.9,3.0,4.2,3.7,4.4,4.2,3.8,3.9,3.6,4.1,4.4,3.7,3.8
SYN-05330,4.2,3.7,3.2,3.2,4.1,3.8,3.3,3.7,3.4,3.1,3.5,3.6,3.2
SYN-05331,3.0,3.1,3.3,3.4,2.9,3.2,3.2,2.8,3.4,3.5,3.4,3.0,3.5
SYN-05332,2.8,3.1,2.9,2.9,2.7,3.1,2.5,2.4,3.6,2.2,2.4,3.0,2.3
SYN-05333,3.2,3.4,3.4,3.0,2.6,2.7,3.4,2.4,3.2,2.5,3.0,2.8,2.9
SYN-05334,3.8,3.2,3.7,3.2,3.4,3.3,3.0,3.0,3.3,3.3,3.6,2.8,3.1
SYN-05335,3.4,3.2,2.8,3.3,3.5,2.9,3.5,3.1,3.1,3.1,3.5,3.2,3.5
SYN-05336,2.8,3.1,2.6,3.3,2.9,3.3,2.9,3.0,3.7,3.2,3.0,2.6,2.7
SYN-05337,3.4,3.0,3.1,2.8,3.2,3.2,3.3,3.5,3.3,2.8,2.7,3.3,3.2
SYN-05338,4.3,3.8,3.2,3.4,3.5,4.3,4.1,3.6,3.7,3.3,3.3,4.1,4.0
SYN-05339,3.9,4.5,4.1,4.0,4.0,3.7,4.3,4.3,4.1,3.6,4.3,3.4,3.8
SYN-05340,3.0,2.7,2.6,3.3,3.2,3.2,3.0,2.9,3.4,3.3,2.8,3.7,2.8
SYN-05341,3.1,3.4,3.1,2.9,3.1,3.0,2.4,3.3,2.8,2.7,3.4,3.1,3.2
SYN-05342,3.6,3.7,3.5,3.4,3.8,3.7,4.1,2.9,4.0,3.5,3.5,3.8,3.4
SYN-05343,3.3,3.6,3.2,3.2,3.2,3.5,3.0,3.6,4.0,3.4,3.5,3.5,3.1
SYN-05344,3.4,3.4,3.8,3.4,3.7,3.4,3.1,2.9,3.4,3.5,3.3,3.1,3.7
SYN-05345,3.9,3.7,4.0,4.0,3.8,4.0,3.5,4.1,3.7,3.9,3.8,4.4,3.9
SYN-05346,3.3,4.2,4.1,3.9,3.8,3.3,3.9,3.7,3.4,3.6,3.5,3.1,4.0
SYN-05347,2.1,3.3,2.5,2.7,2.8,2.3,2.5,2.6,2.4,2.9,2.2,2.7,2.1
SYN-05348,3.1,3.1,3.6,2.9,3.0,3.0,3.6,2.9,3.1,3.0,3.0,3.1,3.4
SYN-05349,3.0,2.2,2.8,3.0,2.7,2.9,2.2,2.7,3.0,2.4,2.2,2.9,2.5
SYN-05350,3.2,2.8,3.2,3.2,2.9,3.2,3.8,3.5,2.9,3.5,3.6,3.4,3.4
SYN-05351,2.5,2.9,2.9,2.9,3.3,2.7,2.4,3.3,2.2,2.6,2.5,2.7,2.7
SYN-05352,2.2,2.9,2.5,2.9,2.2,2.2,2.2,2.7,3.1,2.4,1.8,2.7,2.7
SYN-05353,2.1,2.5,2.6,1.8,2.7,2.7,2.3,2.6,3.0,2.2,2.7,2.4,2.0
SYN-05354,4.0,4.8,4.2,4.9,3.9,4.6,4.5,5.0,4.7,4.8,4.5,4.5,4.9
SYN-05355,2.8,2.5,3.1,3.3,3.2,3.1,2.7,2.5,2.4,2.4,2.7,3.3,2.3
SYN-05356,3.3,3.2,3.0,3.3,3.7,3.4,3.5,3.6,3.4,3.2,3.4,3.0,3.3
SYN-05357,3.6,3.9,3.4,3.4,3.1,3.7,3.1,3.4,3.3,3.8,3.7,3.7,3.8
SYN-05358,3.4,3.3,3.1,3.6,3.3,3.7,3.9,3.8,3.6,3.6,3.6,4.2,3.4
SYN-05359,3.9,3.8,3.6,3.7,3.8,3.5,4.3,4.1,4.2,3.8,3.7,3.8,3.6
SYN-05360,3.9,3.9,3.6,4.0,4.2,4.0,3.3,2.7,3.7,3.6,3.5,3.4,3.9
SYN-05361,2.8,3.7,3.8,3.3,3.3,2.9,3.6,3.6,3.5,2.9,2.8,3.2,3.3
SYN-05362,3.9,3.5,3.9,4.0,3.8,3.9,3.5,3.3,3.5,3.4,4.0,3.9,3.0
SYN-05363,3.7,3.1,3.3,3.9,3.1,3.2,3.3,3.1,3.2,3.6,3.1,3.5,3.6
SYN-05364,3.8,3.8,3.1,3.1,3.1,3.8,3.6,3.4,3.2,3.6,3.9,3.9,3.1
SYN-05365,4.2,3.4,3.7,3.7,3.9,3.6,3.9,3.5,3.9,3.5,3.7,3.9,3.8
SYN-05366,3.4,2.5,3.2,2.9,3.3,3.2,3.5,3.1,3.5,3.2,2.8,2.9,3.0
SYN-05367,3.4,3.7,3.6,3.6,3.2,3.7,3.4,3.6,2.9,3.5,3.2,3.0,3.6
SYN-05368,2.6,2.9,2.5,3.4,2.7,2.6,3.1,2.7,3.7,3.1,2.6,2.8,2.8
SYN-05369,3.0,3.8,3.2,3.3,3.4,3.1,3.4,3.2,3.2,3.3,3.1,2.9,3.4
SYN-05370,2.5,2.5,3.2,3.1,3.2,3.3,2.6,3.0,3.0,3.2,3.2,3.0,3.2
SYN-05371,4.0,3.8,4.1,3.4,4.2,4.5,4.0,4.7,4.3,4.5,4.2,4.2,4.1
SYN-05372,2.2,2.1,2.6,2.5,2.5,2.3,3.0,2.4,2.4,2.7,3.0,3.0,2.5
SYN-05373,3.2,3.7,3.6,3.5,3.4,3.3,3.8,3.6,3.3,3.5,3.2,2.8,2.9
SYN-05374,3.1,3.1,3.0,3.0,3.6,3.8,3.6,2.6,3.5,3.4,3.2,3.1,3.1
SYN-05375,4.2,4.0,4.2,4.1,4.3,4.1,3.5,3.4,4.1,4.0,3.7,3.9,3.7
SYN-05376,2.7,2.4,2.8,2.6,2.9,2.3,3.0,2.6,2.5,2.7,2.3,2.7,2.8
SYN-05377,3.5,3.6,3.3,3.7,3.6,3.7,4.0,3.0,3.4,3.3,4.1,3.7,3.6
SYN-05378,3.9,3.5,3.7,3.4,3.1,3.8,3.3,3.8,3.9,2.9,3.9,3.6,3.3
SYN-05379,3.5,4.0,4.0,4.3,4.0,3.7,3.5,4.1,4.0,4.4,3.9,4.1,4.0
SYN-05380,2.2,3.2,2.9,3.2,3.1,2.7,3.0,3.0,3.1,3.2,3.0,3.6,3.3
SYN-05381,3.1,3.0,2.8,3.0,3.2,2.8,3.1,2.4,3.1,2.5,2.4,2.7,2.8
SYN-05382,3.9,4.1,3.6,4.3,4.3,3.8,3.5,4.5,4.3,3.8,3.4,3.9,3.6
SYN-05383,3.0,2.8,2.3,2.4,2.5,3.2,2.5,2.1,2.7,2.7,3.2,3.2,2.3
SYN-05384,3.3,3.5,3.2,3.3,3.5,3.3,3.4,3.6,3.1,3.5,3.1,3.5,3.0
SYN-05385,3.5,3.3,3.5,3.1,3.3,3.4,3.0,3.2,2.9,3.5,3.6,3.0,3.0
SYN-05386,3.6,3.5,4.0,3.6,3.9,3.6,3.7,4.2,3.5,3.7,4.0,3.7,3.9
SYN-05387,2.7,2.2,3.1,2.6,3.1,2.8,3.0,3.0,3.0,2.6,3.2,2.5,2.8
SYN-05388,3.6,4.3,3.7,3.2,3.4,2.9,3.8,2.4,3.3,4.0,3.6,3.5,3.0
SYN-05389,3.9,3.2,3.2,3.9,3.2,3.1,3.2,3.6,3.4,4.1,3.5,3.1,3.0
SYN-05390,3.3,3.1,3.2,2.9,3.1,3.4,3.0,2.7,3.2,2.9,3.3,3.0,3.3
SYN-05391,3.5,3.7,3.6,2.9,2.7,3.3,3.5,3.1,3.4,3.4,3.3,3.1,3.0
SYN-05392,4.7,3.4,3.6,4.8,3.7,3.8,4.2,4.1,4.1,4.4,3.7,4.0,4.0
SYN-05393,3.0,3.3,3.4,3.4,3.5,3.2,2.9,2.8,3.1,2.8,3.0,2.9,3.0
SYN-05394,3.8,3.3,3.8,3.4,3.1,3.3,2.8,3.2,2.9,3.5,3.2,3.2,3.2
SYN-05395,4.3,3.7,3.7,4.1,4.3,4.1,4.6,3.7,3.3,4.1,3.9,4.1,4.2
SYN-05396,2.9,3.3,3.6,3.5,3.3,3.6,3.7,2.8,3.9,3.0,3.6,3.3,3.8
SYN-05397,4.5,4.4,4.3,4.1,3.9,3.8,4.0,4.5,3.9,4.6,3.9,4.2,4.4
SYN-05398,2.9,2.5,2.7,2.7,2.5,2.3,2.7,2.6,2.5,2.6,2.8,2.1,2.4
SYN-05399,3.1,3.1,3.1,3.7,3.4,3.0,3.4,3.5,3.2,3.0,3.0,2.9,4.0
SYN-05400,3.4,3.6,3.9,3.4,3.6,4.0,4.0,4.0,4.1,3.9,3.7,4.1,4.3
SYN-05401,3.3,2.8,3.3,3.3,2.7,3.0,3.3,3.5,2.9,2.7,3.3,3.0,3.2
SYN-05402,3.4,3.4,3.2,3.6,3.1,3.5,3.5,3.3,3.6,3.2,4.1,3.4,3.7
SYN-05403,4.5,4.6,4.2,4.5,4.6,4.3,4.0,4.7,4.2,4.2,4.3,4.0,4.3
SYN-05404,3.2,3.1,3.1,3.0,3.0,3.3,3.2,3.4,2.9,3.4,3.3,3.0,2.9
SYN-05405,3.9,3.3,3.6,3.8,3.7,3.4,3.8,3.5,3.8,3.6,3.7,3.5,4.0
SYN-05406,3.9,3.7,3.9,4.4,4.0,4.2,3.4,3.9,3.6,3.8,3.7,4.3,4.1
SYN-05407,3.3,3.4,3.7,3.8,3.9,3.7,4.1,3.7,3.4,3.3,3.2,3.2,3.7
SYN-05408,4.0,3.6,4.1,3.5,3.7,3.0,3.8,3.3,3.8,3.9,3.6,3.7,3.6
SYN-05409,3.1,3.5,2.9,3.0,2.4,3.1,2.7,2.9,3.1,2.5,3.1,3.0,3.1
SYN-05410,3.7,4.2,4.0,3.7,3.5,3.7,4.2,4.0,3.3,3.8,3.9,4.5,4.3
SYN-05411,2.8,2.9,2.4,2.0,2.7,3.1,2.9,2.6,3.1,3.3,2.4,2.8,2.7
SYN-05412,3.7,3.6,4.6,3.7,3.8,3.8,3.3,3.8,3.3,4.3,4.0,3.5,3.7
SYN-05413,3.5,3.3,2.7,3.3,3.5,2.5,3.3,3.0,3.6,3.1,3.0,3.5,2.9
SYN-05414,3.3,3.4,3.2,2.9,3.0,3.2,2.7,3.3,3.2,3.5,3.5,2.9,3.1
SYN-05415,3.1,3.2,3.3,3.7,3.2,3.7,3.5,3.8,3.3,3.1,3.4,2.9,3.4
SYN-05416,3.9,4.1,3.9,3.7,4.4,3.8,3.5,3.8,3.4,3.4,3.8,3.4,3.6
SYN-05417,4.0,4.4,4.1,4.5,4.5,4.0,4.6,4.3,4.0,4.5,4.9,4.3,3.9
SYN-05418,3.8,4.0,3.2,3.3,3.6,3.0,4.2,3.5,3.6,3.7,3.5,3.4,3.3
SYN-05419,2.8,3.2,3.5,3.4,3.0,3.0,3.6,2.9,2.6,3.2,3.4,2.4,3.2
SYN-05420,2.4,2.3,2.6,2.4,2.2,2.7,2.7,2.2,2.3,2.8,2.9,1.9,2.3
SYN-05421,4.1,4.3,4.3,4.3,3.9,4.2,4.0,4.0,3.7,4.2,3.6,3.8,4.3
SYN-05422,3.5,3.9,3.5,3.4,3.9,3.5,3.7,3.5,3.6,3.5,3.9,3.6,3.5
SYN-05423,3.4,2.9,3.7,2.9,3.2,3.2,3.4,3.9,3.7,2.9,3.1,3.0,3.0
SYN-05424,3.4,3.9,3.5,3.5,3.6,3.3,3.5,3.6,4.3,3.8,4.0,3.5,3.7
SYN-05425,4.0,3.4,3.2,3.6,4.3,3.8,4.2,4.3,3.5,4.4,3.6,3.9,3.6
SYN-05426,3.3,3.2,3.5,3.6,3.7,3.5,3.5,3.1,3.2,3.4,2.9,3.6,3.2
SYN-05427,3.2,2.7,3.0,3.4,3.3,3.4,3.0,3.2,3.1,3.3,3.2,3.0,2.4
SYN-05428,2.8,2.3,3.0,3.0,2.1,2.9,2.9,2.9,2.4,2.9,2.4,3.0,2.9
SYN-05429,2.8,3.0,2.6,2.7,3.3,3.2,2.6,2.7,2.7,2.9,2.9,3.3,3.4
SYN-05430,3.9,4.0,2.8,3.3,3.1,3.0,3.7,3.4,2.8,4.1,2.8,3.2,3.3
SYN-05431,3.8,4.3,3.9,4.3,4.2,3.3,3.6,4.3,4.2,3.8,3.9,4.1,3.5
SYN-05432,3.9,2.9,3.2,3.7,3.2,3.3,2.9,3.1,2.9,3.6,3.0,3.0,3.0
SYN-05433,3.8,3.8,3.0,3.7,3.7,4.1,3.3,3.3,3.8,3.6,4.1,4.0,3.7
SYN-05434,4.1,4.1,4.1,4.1,4.5,3.5,4.0,4.2,3.9,4.0,4.0,4.5,4.0
SYN-05435,3.5,3.9,3.5,3.7,3.4,3.6,3.7,3.3,3.7,3.9,3.1,3.5,4.5
SYN-05436,4.5,4.9,4.6,4.5,4.9,4.9,4.3,4.3,4.2,4.3,4.9,4.6,4.9
SYN-05437,3.2,3.2,3.4,3.6,3.5,3.7,3.7,3.7,3.7,3.9,2.8,3.5,3.8
SYN-05438,4.2,3.4,2.8,3.8,3.0,3.6,3.6,3.5,2.8,3.3,2.9,3.5,3.1
SYN-05439,2.7,3.5,2.9,3.3,3.1,3.6,3.5,3.4,3.3,3.2,2.9,3.1,3.4
SYN-05440,5.0,4.8,4.8,4.6,4.8,4.0,4.4,4.8,4.8,4.4,4.2,4.6,4.5
SYN-05441,4.5,4.4,4.6,4.5,4.1,4.3,4.8,4.1,4.2,4.2,4.2,3.9,4.6
SYN-05442,2.4,3.3,3.2,2.8,2.7,2.5,2.7,3.0,2.5,3.1,3.0,2.7,2.9
SYN-05443,4.4,4.6,5.0,5.0,4.8,4.7,4.6,4.7,4.4,4.9,5.0,4.6,4.8
SYN-05444,3.6,3.8,3.5,3.7,3.8,4.0,3.6,3.9,3.5,3.9,4.4,3.7,3.4
SYN-05445,3.8,3.7,3.7,4.0,3.4,3.4,3.7,3.9,3.6,3.5,3.7,3.8,3.1
SYN-05446,3.5,3.8,4.0,4.4,3.8,3.9,3.6,4.0,3.5,3.8,3.5,3.2,4.6
SYN-05447,3.2,3.2,3.2,3.4,3.0,3.2,2.8,2.9,2.5,3.0,2.8,2.9,3.2
SYN-05448,3.7,3.9,3.4,3.7,3.4,3.6,3.5,3.3,3.5,3.8,3.3,3.4,4.0
SYN-05449,3.8,3.6,3.8,3.7,3.3,3.9,3.8,3.3,3.4,3.1,3.3,2.9,3.2
SYN-05450,3.5,3.0,3.2,3.5,3.2,3.6,3.7,3.1,3.2,3.3,3.1,3.8,3.2
SYN-05451,4.3,3.6,3.8,3.7,3.7,3.9,4.1,4.5,4.0,4.1,4.1,3.8,4.0
SYN-05452,4.0,3.5,4.0,3.4,3.2,3.7,3.7,3.2,3.5,3.3,2.9,3.0,3.3
SYN-05453,3.9,3.8,3.3,3.2,3.3,3.3,3.3,2.9,2.8,2.8,3.1,3.9,4.6
SYN-05454,4.3,3.8,3.4,3.6,3.7,4.3,3.4,3.7,3.7,3.7,3.1,3.6,3.3
SYN-05455,4.7,4.2,4.4,3.8,3.9,4.6,4.3,4.1,4.4,4.6,4.5,4.3,4.4
SYN-05456,4.1,4.3,4.4,4.3,4.3,4.2,3.4,4.4,4.2,4.2,4.9,4.3,4.0
SYN-05457,3.7,3.5,3.8,3.3,3.3,3.3,3.0,3.4,4.0,3.3,3.1,3.3,3.6
SYN-05458,3.1,3.3,3.4,3.3,3.3,3.8,3.3,3.1,3.5,3.3,3.3,3.6,3.7
SYN-05459,4.2,5.0,4.5,4.5,4.2,4.8,4.1,4.7,5.0,4.5,4.9,4.6,4.1
SYN-05460,2.1,2.0,2.3,2.0,2.2,1.8,2.2,2.1,2.0,2.1,2.0,2.1,2.0
SYN-05461,3.7,3.6,3.8,3.9,3.1,4.0,4.6,4.2,3.9,3.7,3.5,4.2,4.1
SYN-05462,3.1,3.7,3.7,3.2,3.3,3.5,3.6,3.1,3.6,3.4,3.8,3.6,3.4
SYN-05463,4.1,3.4,3.7,3.5,3.6,3.6,3.4,4.1,4.0,3.6,3.1,3.7,3.8
SYN-05464,3.9,3.4,3.8,3.4,3.7,3.8,3.7,3.2,3.4,3.7,3.0,3.8,3.2
SYN-05465,3.8,4.0,4.0,4.3,4.3,4.2,3.9,4.6,4.2,4.5,3.5,4.4,4.0
SYN-05466,4.0,4.3,3.4,4.0,3.6,3.2,4.0,4.3,4.4,3.8,3.3,3.7,3.7
SYN-05467,3.0,2.7,2.1,2.9,2.7,3.0,2.8,2.9,2.7,2.8,2.4,2.8,2.7
SYN-05468,2.8,2.3,3.1,2.8,2.9,2.7,2.9,2.0,2.7,2.5,2.6,3.0,2.2
SYN-05469,3.6,3.5,3.8,2.8,3.6,3.5,3.4,3.8,2.7,3.4,3.7,2.9,3.6
SYN-05470,3.9,3.2,4.2,3.6,4.3,4.0,3.9,4.1,4.1,3.2,3.3,3.8,3.5
SYN-05471,4.7,3.9,4.2,4.4,5.0,4.6,4.0,4.4,4.4,4.4,3.9,4.8,3.9
SYN-05472,3.3,2.9,3.2,3.1,2.7,2.4,3.4,3.0,3.2,3.7,3.3,2.3,2.8
SYN-05473,1.7,2.0,2.2,3.1,2.6,2.4,2.4,2.4,1.8,1.9,2.4,2.3,2.4
SYN-05474,4.2,3.5,3.6,3.8,3.2,3.3,4.1,3.6,3.6,3.8,3.2,3.6,3.6
SYN-05475,3.6,2.9,3.3,3.4,3.4,3.8,3.3,4.4,3.7,3.4,3.7,3.7,3.4
SYN-05476,3.9,3.3,3.8,3.5,3.7,3.6,3.6,4.2,3.4,3.3,3.6,4.0,3.6
SYN-05477,2.9,2.7,2.7,3.2,2.9,3.0,2.7,3.1,3.3,2.6,2.6,2.6,3.2
SYN-05478,3.9,4.1,3.9,4.7,4.0,4.7,4.1,4.0,4.4,4.1,4.6,4.1,4.0
SYN-05479,2.9,3.4,3.1,2.8,2.6,3.1,2.8,2.5,3.4,2.7,2.5,3.0,3.0
SYN-05480,3.4,3.7,3.6,4.3,3.6,3.3,3.8,3.8,3.6,3.2,4.1,3.3,3.9
SYN-05481,4.0,3.6,3.9,3.9,3.3,4.1,3.8,3.0,3.7,3.5,3.8,3.5,3.5
SYN-05482,3.5,3.9,4.0,3.8,3.7,3.8,4.1,3.5,3.4,3.4,3.3,3.5,4.1
SYN-05483,2.6,3.0,3.3,3.1,3.4,2.9,2.9,3.0,3.3,3.9,3.1,3.0,2.8
SYN-05484,3.5,2.9,2.8,2.9,3.5,2.8,3.0,2.2,3.3,2.9,3.3,3.2,3.0
SYN-05485,3.8,4.0,3.6,4.0,4.1,4.0,4.0,3.8,3.9,3.6,3.8,4.6,4.0
SYN-05486,3.9,3.8,3.8,3.8,3.7,4.0,3.6,3.4,3.9,4.1,3.6,4.0,4.0
SYN-05487,4.2,4.2,3.9,3.6,3.2,4.0,4.0,3.6,3.8,3.4,3.5,3.3,3.8
SYN-05488,4.0,4.5,4.2,4.2,4.1,4.6,4.6,4.1,4.2,4.5,3.8,4.2,4.0
SYN-05489,4.1,3.8,3.2,3.6,4.1,4.0,3.4,3.4,3.7,3.7,3.6,3.6,3.5
SYN-05490,4.0,3.2,3.1,3.4,3.3,3.0,3.2,3.3,3.4,3.4,3.0,3.5,3.6
SYN-05491,3.5,3.6,3.7,3.9,3.9,3.8,3.4,4.1,3.5,4.2,4.1,3.5,3.9
SYN-05492,4.2,3.9,3.2,3.7,4.0,4.3,3.7,3.2,4.4,3.7,4.2,3.7,3.9
SYN-05493,3.6,3.6,4.3,4.0,3.8,4.0,3.6,3.8,3.8,3.5,3.5,3.2,3.5
SYN-05494,3.6,2.5,3.0,3.1,2.9,3.3,2.9,3.3,3.2,2.6,3.4,2.9,2.5
SYN-05495,3.1,2.9,3.5,3.3,2.7,3.2,2.8,2.5,2.8,2.6,3.0,3.5,3.0
SYN-05496,4.1,3.7,3.8,4.1,4.0,3.8,4.3,4.0,4.6,4.2,3.6,4.0,3.6
SYN-05497,4.0,3.1,3.8,3.7,3.2,3.5,3.5,3.7,3.5,3.2,3.6,3.6,3.1
SYN-05498,1.7,2.6,2.5,2.6,2.8,2.7,2.8,2.7,2.5,2.1,2.9,2.4,2.2
SYN-05499,2.9,2.2,2.5,2.6,2.5,3.3,2.7,2.6,2.7,3.0,2.2,2.8,2.6
SYN-05500,2.9,2.4,2.7,2.7,2.4,3.3,2.9,3.1,2.7,2.8,2.4,2.6,2.5
SYN-05501,4.2,4.6,4.4,4.6,4.3,4.2,3.8,4.2,3.9,4.3,3.7,4.1,4.1
SYN-05502,4.0,3.2,3.8,3.7,3.4,3.6,3.4,3.5,3.7,4.2,3.8,3.5,3.9
SYN-05503,3.1,3.4,3.5,3.2,3.4,3.0,3.1,3.4,3.2,3.6,3.6,3.6,3.4
SYN-05504,3.6,3.5,3.4,3.4,3.2,3.7,3.6,3.2,3.4,3.2,4.0,3.2,3.7
SYN-05505,3.7,3.0,2.4,3.4,2.8,2.7,3.5,2.5,3.3,2.9,2.4,3.2,2.2
SYN-05506,3.9,3.4,3.8,4.1,4.0,4.0,4.2,3.9,3.9,4.0,3.7,4.2,3.9
SYN-05507,4.1,3.8,4.0,4.1,3.3,3.4,3.7,3.8,4.2,4.0,4.0,4.3,4.3
SYN-05508,2.8,3.5,3.1,3.0,3.0,2.9,3.2,3.1,3.5,3.7,3.0,2.7,3.3
SYN-05509,4.6,4.4,3.8,4.0,4.3,4.1,4.0,4.9,4.0,4.6,4.4,4.5,4.6
SYN-05510,3.7,3.8,4.1,3.4,4.4,3.9,3.6,4.2,3.9,3.7,4.2,3.2,4.0
SYN-05511,3.4,2.8,2.6,3.2,2.8,3.7,2.9,3.0,3.2,2.5,3.0,3.4,3.0
SYN-05512,3.0,3.2,2.8,3.3,3.7,3.2,3.6,2.9,3.9,3.7,3.2,2.9,3.2
SYN-05513,3.4,3.6,2.7,3.7,3.4,2.9,2.5,3.3,3.4,3.1,3.6,3.9,3.2
SYN-05514,3.4,4.2,3.6,3.9,3.5,4.0,3.3,3.7,3.8,3.6,3.5,4.2,3.9
SYN-05515,2.5,2.1,3.2,2.4,2.7,2.7,2.8,2.2,2.6,2.7,2.7,2.9,2.8
SYN-05516,3.2,2.9,3.6,3.0,3.2,3.1,3.2,3.5,2.9,3.4,3.3,3.2,3.2
SYN-05517,3.6,3.8,3.4,3.8,3.9,3.5,4.0,4.3,4.0,3.9,3.8,4.0,3.6
SYN-05518,1.9,3.1,2.9,2.3,2.2,2.7,2.6,2.9,2.5,3.0,2.6,3.0,2.6
SYN-05519,3.1,3.3,3.6,3.5,3.4,3.1,3.4,3.2,3.2,3.7,3.2,3.1,3.5
SYN-05520,2.6,2.7,3.4,2.8,3.0,3.6,2.9,3.0,2.9,2.7,2.9,2.8,2.6
SYN-05521,4.3,3.5,4.0,3.9,3.7,4.2,3.7,3.9,4.2,3.4,4.3,4.0,3.9
SYN-05522,3.3,3.7,3.7,3.9,3.5,3.4,3.8,3.5,3.8,3.4,3.9,4.1,3.6
SYN-05523,3.1,2.9,2.8,2.7,2.5,3.1,3.0,2.4,2.7,2.4,2.8,2.9,2.2
SYN-05524,2.9,3.1,3.0,3.5,2.5,3.3,2.7,2.3,3.0,2.9,3.0,3.1,3.1
SYN-05525,3.3,3.8,2.9,3.5,3.8,3.6,3.5,3.4,3.6,3.4,3.7,3.4,4.0
SYN-05526,2.4,2.8,2.1,2.6,1.9,2.4,2.2,2.3,2.4,2.5,2.5,2.3,2.4
SYN-05527,2.8,2.7,2.9,2.3,3.0,3.2,3.1,2.7,2.3,3.1,2.7,2.5,3.2
SYN-05528,2.6,3.0,3.6,2.8,2.7,3.2,3.1,2.5,3.1,3.4,3.5,3.0,3.2
SYN-05529,4.4,4.5,4.2,4.6,4.0,4.4,3.9,3.7,4.4,5.0,4.3,4.1,4.6
SYN-05530,3.0,2.7,3.5,3.6,3.2,3.3,3.0,3.1,3.2,3.2,3.2,2.2,3.2
SYN-05531,3.5,4.0,4.2,4.0,3.5,3.6,3.8,4.1,4.2,4.0,3.6,4.2,3.9
SYN-05532,3.1,3.1,2.8,3.6,3.2,3.0,3.4,3.5,2.7,3.7,3.9,3.3,3.3
SYN-05533,4.6,3.6,3.8,4.1,4.3,3.9,3.7,4.3,3.9,3.9,4.2,4.4,4.0
SYN-05534,2.8,3.0,2.6,2.5,2.5,2.4,2.3,3.3,2.4,2.7,2.6,3.0,2.7
SYN-05535,3.5,3.1,3.2,3.3,3.2,3.3,3.2,2.7,3.3,3.5,3.1,3.0,3.2
SYN-05536,4.0,3.4,3.6,3.4,3.6,3.1,4.0,3.6,3.4,3.4,3.5,4.0,3.9
SYN-05537,3.5,3.6,3.6,3.0,3.5,3.7,3.3,4.1,3.3,3.3,3.8,3.7,3.5
SYN-05538,4.0,3.8,4.2,3.1,3.5,4.2,3.8,3.6,3.6,3.8,3.3,3.2,3.8
SYN-05539,3.9,3.9,3.5,3.5,3.6,3.3,3.8,3.5,3.6,3.6,3.8,3.7,4.2
SYN-05540,3.7,4.3,3.2,3.9,3.3,3.5,3.5,3.5,3.6,4.4,3.5,3.3,3.9
SYN-05541,3.6,4.2,3.5,2.8,3.4,3.4,3.1,3.3,3.4,3.5,3.1,3.7,4.0
SYN-05542,3.7,3.9,3.7,3.3,3.7,3.4,3.3,3.6,3.8,3.5,4.2,3.9,3.4
SYN-05543,2.8,3.6,2.8,3.1,3.1,2.4,2.4,3.2,2.6,2.9,2.5,2.8,3.0
SYN-05544,2.0,2.6,2.6,2.5,2.3,2.5,2.5,3.2,2.6,2.5,2.6,2.7,2.7
SYN-05545,3.0,3.1,2.4,3.0,2.9,2.7,2.9,2.9,2.9,2.9,2.4,3.0,3.1
SYN-05546,2.6,2.4,2.3,2.6,2.8,3.0,2.8,2.7,1.8,2.4,2.7,2.4,2.3
SYN-05547,3.3,4.2,3.2,3.6,3.4,3.4,3.7,3.9,3.3,3.6,3.6,3.5,3.3
SYN-05548,4.3,3.7,3.6,4.3,4.1,3.7,4.0,3.8,4.5,3.9,4.2,4.0,4.4
SYN-05549,3.0,3.3,3.1,2.8,3.0,2.9,2.8,2.7,3.4,2.4,3.4,2.6,3.1
SYN-05550,3.9,3.6,4.4,3.3,4.3,4.1,4.4,4.2,4.2,4.3,4.3,4.2,4.0
SYN-05551,3.7,3.8,3.7,4.4,3.7,3.4,3.7,3.5,4.3,3.8,3.9,3.9,4.0
SYN-05552,3.3,3.1,3.2,2.8,3.2,3.7,3.4,3.2,3.8,3.0,3.3,3.1,3.1
SYN-05553,3.4,3.5,3.2,3.1,3.9,3.3,3.0,3.0,3.9,4.0,3.4,3.1,3.4
SYN-05554,4.0,4.3,4.2,4.1,4.1,4.0,4.4,4.1,4.7,4.8,4.0,4.0,4.1
SYN-05555,2.0,2.5,2.6,2.6,2.2,2.2,1.6,2.0,1.9,1.9,2.1,2.1,2.2
SYN-05556,4.5,4.5,3.8,4.2,3.9,4.2,4.5,4.0,3.8,4.1,4.5,4.7,3.9
SYN-05557,4.0,4.1,3.6,3.5,4.1,3.9,3.6,4.2,4.0,4.0,3.7,3.5,3.8
SYN-05558,3.2,3.0,2.8,3.1,3.2,3.6,3.2,2.7,2.6,2.4,3.3,2.9,3.3
SYN-05559,3.8,3.6,3.4,4.0,3.3,3.2,3.5,3.7,2.7,3.8,3.0,2.8,3.3
SYN-05560,4.1,4.5,4.5,4.5,4.8,4.3,4.5,3.9,4.7,4.2,4.3,4.3,4.4
SYN-05561,2.7,2.1,3.2,2.6,2.7,2.7,2.9,2.6,3.1,3.3,3.3,2.9,2.6
SYN-05562,3.2,3.3,3.1,3.5,3.3,3.4,3.3,3.5,3.5,3.3,3.4,3.4,3.6
SYN-05563,3.6,3.7,3.3,3.5,3.8,3.7,3.3,4.0,3.6,3.4,4.0,4.1,3.1
SYN-05564,3.8,3.6,3.5,3.3,3.6,3.6,4.3,3.8,3.6,4.0,3.9,3.2,3.8
SYN-05565,3.6,3.3,3.2,3.5,3.5,3.9,2.9,3.2,3.6,3.5,3.6,3.4,3.6
SYN-05566,4.0,5.0,4.6,4.6,4.2,4.3,4.7,4.4,4.6,4.3,4.1,4.8,4.2
SYN-05567,3.2,2.6,2.8,2.8,2.8,3.1,3.4,2.8,2.9,2.8,2.9,2.7,2.6
SYN-05568,3.0,3.0,3.3,2.9,2.9,3.1,3.2,2.9,2.1,2.6,3.2,3.4,3.3
SYN-05569,2.0,2.0,2.3,2.3,1.4,2.1,2.1,1.8,1.9,2.2,2.1,2.4,2.6
SYN-05570,3.2,3.0,2.9,3.1,2.7,2.7,2.5,2.4,3.3,3.0,3.1,2.9,3.5
SYN-05571,3.7,3.1,3.1,3.1,2.8,3.0,3.0,2.5,2.5,3.1,3.4,2.9,3.7
SYN-05572,3.6,3.4,3.2,3.7,3.1,3.5,3.7,3.3,3.5,3.7,3.3,3.9,4.0
SYN-05573,3.7,4.0,4.0,4.1,3.9,3.8,3.7,4.3,3.9,3.8,4.3,4.1,3.7
SYN-05574,2.9,2.7,2.6,2.8,2.9,2.8,3.1,3.2,2.8,2.9,2.8,2.7,3.0
SYN-05575,2.9,3.1,3.1,3.2,3.1,2.9,3.3,3.3,3.4,3.5,3.5,3.2,3.4
SYN-05576,4.2,4.2,4.1,4.0,4.2,4.1,4.4,4.6,4.0,4.1,5.0,3.7,3.8
SYN-05577,3.7,4.0,3.8,3.5,3.3,3.3,3.5,3.7,3.6,2.8,3.0,3.5,3.0
SYN-05578,3.2,4.0,3.9,4.2,4.1,3.6,3.9,3.5,3.3,4.1,3.7,4.2,3.8
SYN-05579,4.2,4.3,4.1,4.0,4.2,4.5,4.3,4.1,4.0,4.1,3.9,3.8,4.0
SYN-05580,3.0,3.2,2.6,3.0,3.1,2.7,2.9,3.2,3.0,2.4,3.2,3.0,2.5
SYN-05581,2.6,2.8,3.0,3.2,2.6,2.7,3.1,3.2,2.8,2.7,3.0,2.3,2.9
SYN-05582,4.4,4.3,4.5,4.7,4.1,4.2,4.6,4.0,4.2,5.0,4.4,4.3,3.9
SYN-05583,3.1,4.1,3.5,3.8,4.2,3.7,3.7,4.0,4.2,4.1,4.3,3.1,3.9
SYN-05584,3.2,2.9,2.7,2.4,2.6,3.2,2.8,2.6,2.3,2.9,2.5,2.8,3.3
SYN-05585,3.2,3.3,3.0,3.1,3.3,2.7,2.9,2.7,2.7,2.9,2.6,2.8,3.1
SYN-05586,3.4,3.2,3.6,3.1,3.1,3.8,3.6,3.3,4.0,3.2,3.6,2.9,3.1
SYN-05587,4.6,4.7,4.2,5.0,4.7,4.1,4.2,3.9,4.1,4.3,4.3,4.3,4.6
SYN-05588,4.1,4.2,4.2,4.1,4.3,4.3,3.7,4.6,4.1,3.8,4.0,4.1,4.2
SYN-05589,4.4,4.3,4.6,4.1,4.0,3.6,4.4,4.3,3.9,4.2,4.1,4.1,4.0
SYN-05590,3.3,2.8,3.1,3.4,3.0,3.4,3.9,2.9,2.7,3.6,3.9,3.4,3.3
SYN-05591,3.3,3.7,3.5,3.8,3.0,3.6,3.2,3.8,3.2,3.7,3.3,3.4,3.8
SYN-05592,2.8,2.6,3.1,2.9,2.6,3.2,3.1,3.1,3.2,2.5,2.8,3.1,3.4
SYN-05593,3.3,3.6,3.1,3.1,3.2,3.2,2.7,3.3,3.3,3.1,3.0,3.4,3.4
SYN-05594,2.9,2.9,2.9,2.9,3.1,3.4,3.3,2.6,2.2,3.0,2.9,2.9,3.0
SYN-05595,2.9,2.5,2.7,2.7,3.2,3.6,2.9,3.8,2.5,2.9,3.1,2.3,3.5
SYN-05596,2.9,3.1,3.2,2.6,3.8,3.1,3.0,2.8,3.2,2.6,3.1,3.5,3.5
SYN-05597,3.3,3.3,3.6,3.8,3.9,3.9,3.1,3.6,3.0,3.3,3.1,3.1,3.5
SYN-05598,3.5,3.8,3.4,3.9,3.6,3.6,3.3,4.0,3.8,3.9,3.3,3.9,3.7
SYN-05599,4.3,4.8,4.5,4.6,3.8,4.7,4.6,4.8,4.2,4.2,4.9,4.7,4.0
SYN-05600,3.3,3.6,3.4,3.1,3.1,3.3,3.6,3.0,2.7,3.2,3.4,3.5,3.0
SYN-05601,3.9,3.6,4.0,3.8,4.1,3.8,4.0,3.7,3.6,3.7,4.0,4.6,4.2
SYN-05602,3.9,3.4,3.2,2.7,3.2,3.0,3.6,3.3,3.0,3.6,3.5,3.1,3.9
SYN-05603,3.8,4.2,4.0,4.5,4.3,3.7,4.6,3.6,3.7,4.5,4.0,4.1,4.2
SYN-05604,2.5,3.4,3.5,2.2,2.7,3.0,2.8,2.6,3.0,3.0,3.3,2.3,2.5
SYN-05605,3.0,3.9,3.7,3.3,3.2,3.3,3.6,3.1,3.3,3.1,2.8,2.7,3.0
SYN-05606,3.8,4.0,3.9,3.4,3.9,3.7,3.8,3.9,4.2,3.7,4.4,3.5,3.6
SYN-05607,3.8,3.5,3.4,3.8,3.4,3.5,3.8,4.3,3.8,3.9,3.5,3.5,3.1
SYN-05608,3.5,4.1,3.7,3.9,3.9,4.1,4.3,4.0,3.8,4.1,3.9,3.2,3.5
SYN-05609,4.2,4.1,4.2,3.5,4.5,4.3,4.6,4.3,4.3,4.0,3.9,4.3,4.3
SYN-05610,2.1,2.8,2.6,2.4,2.3,2.8,2.3,2.6,2.5,2.4,2.2,2.9,2.2
SYN-05611,2.6,3.2,2.8,2.9,3.3,3.3,2.6,3.2,2.3,2.3,2.8,2.8,3.0
SYN-05612,4.0,4.0,4.3,4.4,4.1,3.8,3.7,3.8,3.6,4.1,4.1,3.6,3.8
SYN-05613,3.4,3.9,4.0,3.6,3.8,3.6,3.5,4.4,3.5,4.0,4.2,4.4,3.6
SYN-05614,4.2,3.9,4.0,4.4,4.0,3.6,3.2,4.1,4.0,3.6,3.9,3.5,4.0
SYN-05615,4.6,5.0,5.0,5.0,5.0,5.0,5.0,4.7,5.0,5.0,5.0,5.0,5.0
SYN-05616,3.4,3.1,2.7,3.1,3.0,2.7,3.4,3.0,3.1,2.8,3.0,3.3,3.6
SYN-05617,3.3,3.7,2.8,3.6,3.7,3.8,4.2,3.6,4.2,3.8,3.5,3.8,3.7
SYN-05618,3.5,3.3,3.2,3.8,3.8,3.2,3.4,3.6,3.7,3.5,3.8,3.4,3.9
SYN-05619,4.6,3.9,4.0,3.6,3.8,3.9,4.1,3.8,4.1,3.7,4.1,4.0,4.0
SYN-05620,3.6,3.7,3.6,4.0,3.3,3.5,4.1,3.8,4.1,4.0,4.0,3.8,3.5
SYN-05621,3.2,2.8,3.2,3.1,2.7,3.3,3.3,3.6,2.8,3.5,2.5,3.2,3.8
SYN-05622,3.7,3.5,3.7,4.0,3.6,3.8,3.8,3.9,4.0,4.3,3.7,3.8,3.4
SYN-05623,3.8,4.0,3.8,3.1,3.4,3.6,3.3,4.2,3.7,3.8,3.8,3.6,3.2
SYN-05624,3.8,4.2,3.5,3.4,3.8,3.8,3.9,3.5,3.5,2.8,3.6,3.4,2.9
SYN-05625,4.7,4.2,3.6,4.2,4.7,4.5,4.4,3.8,4.0,3.9,4.1,4.4,4.3
SYN-05626,4.6,4.8,5.0,5.0,5.0,4.6,4.9,4.5,4.6,4.4,5.0,5.0,4.6
SYN-05627,2.2,2.4,2.8,2.6,2.9,3.0,2.6,2.5,2.9,2.8,2.8,2.6,2.8
SYN-05628,4.1,4.0,4.1,4.9,3.9,4.5,4.8,4.3,4.1,4.4,4.1,3.9,4.6
SYN-05629,4.2,3.8,3.7,3.9,3.8,3.6,3.4,3.4,3.5,3.5,3.9,3.6,3.6
SYN-05630,2.7,2.7,2.7,3.1,3.4,3.5,3.1,3.4,2.9,3.3,2.8,3.2,2.8
SYN-05631,3.1,3.3,3.8,3.6,3.1,3.0,3.1,3.5,3.4,3.5,3.1,3.4,3.4
SYN-05632,4.4,4.5,4.3,4.4,4.0,3.8,4.0,3.9,3.9,4.0,3.9,3.8,3.9
SYN-05633,3.8,3.3,3.9,3.9,3.6,2.8,2.9,3.6,3.7,4.1,3.4,3.4,3.2
SYN-05634,3.7,3.5,3.3,3.5,3.4,3.8,3.3,3.5,3.7,3.4,3.3,3.1,3.2
SYN-05635,2.9,3.4,2.9,3.1,2.8,3.1,3.2,3.2,3.6,3.1,3.2,3.0,3.8
SYN-05636,3.3,3.3,3.4,3.3,3.4,3.0,3.8,2.6,3.0,3.6,3.0,3.3,2.9
SYN-05637,3.1,2.9,3.3,3.1,2.4,2.7,2.7,3.4,2.6,2.9,3.6,3.3,2.7
SYN-05638,3.0,2.9,3.3,3.1,3.3,3.3,3.2,3.3,3.2,3.0,2.8,3.2,3.0
SYN-05639,3.7,3.1,3.3,3.5,3.8,3.3,3.5,3.6,3.7,3.5,4.0,3.3,3.9
SYN-05640,3.9,3.8,3.8,4.0,3.5,3.7,3.6,4.2,3.5,4.3,3.6,3.3,3.4
SYN-05641,2.8,3.5,2.6,3.1,3.5,3.9,3.0,3.1,2.7,2.9,3.7,3.3,3.4
SYN-05642,4.1,4.2,4.5,3.8,4.1,3.7,3.3,4.0,4.0,3.9,3.7,4.0,4.0
SYN-05643,3.6,3.2,3.2,2.8,2.7,2.7,2.9,3.0,3.1,2.8,2.3,2.9,3.3
SYN-05644,3.8,3.9,3.4,4.0,4.0,3.8,4.2,4.3,4.6,3.6,4.0,3.6,4.1
SYN-05645,3.2,2.4,3.1,3.0,2.7,2.9,3.6,3.2,2.8,2.9,2.4,2.7,3.5
SYN-05646,4.9,4.7,4.7,5.0,4.7,4.5,4.6,4.5,4.5,5.0,4.3,4.5,4.1
SYN-05647,4.2,4.0,4.4,3.7,3.6,3.5,4.0,3.8,3.9,3.7,4.3,4.2,3.9
SYN-05648,4.3,3.9,3.9,3.3,4.1,4.0,4.2,4.2,3.7,3.9,3.8,4.3,4.4
SYN-05649,3.6,4.0,3.6,3.1,3.0,3.1,3.3,3.2,3.4,3.4,3.4,4.1,3.7
SYN-05650,3.9,4.2,3.6,3.6,4.1,3.8,3.9,3.5,3.7,3.7,3.7,4.5,4.5
SYN-05651,3.2,2.8,2.6,2.5,2.9,3.2,3.0,2.8,3.0,2.8,2.7,2.5,2.7
SYN-05652,3.1,2.8,2.6,3.0,3.1,2.9,3.0,2.2,3.2,3.0,3.4,2.9,3.2
SYN-05653,3.7,3.3,3.4,3.4,2.9,3.4,3.0,3.1,3.5,3.7,3.6,3.5,3.4
SYN-05654,4.6,4.8,4.2,4.2,4.6,3.8,4.3,4.4,4.2,3.8,4.8,4.2,4.2
SYN-05655,4.5,3.2,4.5,4.7,3.8,3.9,4.2,4.1,4.3,4.2,4.3,5.0,3.6
SYN-05656,2.7,2.7,1.9,2.0,2.4,1.9,2.1,2.3,2.1,2.2,2.0,2.0,2.4
SYN-05657,2.9,3.0,3.2,3.0,2.9,2.7,3.1,3.6,3.2,2.5,2.4,2.7,2.5
SYN-05658,3.1,2.7,3.5,3.1,3.1,3.3,3.3,3.4,3.0,3.7,3.5,3.6,3.3
SYN-05659,4.5,4.3,4.2,4.5,3.7,4.2,4.0,4.0,4.4,4.6,4.6,4.2,4.1
SYN-05660,4.0,3.3,4.1,3.5,3.6,3.5,3.6,3.4,3.5,3.7,3.6,2.9,4.4
SYN-05661,2.6,1.8,1.9,2.1,2.3,2.2,1.8,2.8,2.0,2.6,1.9,2.4,2.2
SYN-05662,2.6,3.0,2.9,3.1,2.6,2.8,3.1,2.3,2.5,2.9,2.9,2.8,3.1
SYN-05663,3.9,4.2,4.0,3.6,3.9,3.9,3.7,3.4,3.5,3.6,4.2,3.8,4.3
SYN-05664,3.3,3.4,3.4,3.5,3.7,3.8,4.0,3.0,4.2,3.3,3.6,3.9,3.8
SYN-05665,3.9,3.9,3.7,3.8,3.2,3.4,3.3,2.9,3.3,3.3,3.3,3.8,3.3
SYN-05666,4.4,3.6,3.9,4.0,4.5,4.1,4.2,3.8,4.4,4.1,3.6,4.3,4.2
SYN-05667,3.2,3.2,3.0,3.7,3.5,3.0,3.3,3.1,2.9,3.8,3.2,3.1,3.0
SYN-05668,3.8,3.2,3.8,4.2,4.2,4.0,4.6,4.0,3.6,4.1,3.9,3.9,4.0
SYN-05669,4.3,5.0,3.9,4.6,4.4,4.5,4.3,4.9,4.7,4.2,4.7,4.5,4.2
SYN-05670,3.1,3.9,3.4,3.8,4.1,3.4,4.0,3.3,4.1,4.2,3.9,3.8,3.9
SYN-05671,2.9,2.6,2.8,3.7,2.7,3.3,3.0,2.9,3.5,3.0,3.3,3.7,2.9
SYN-05672,3.4,3.5,3.2,3.4,3.6,3.5,3.3,2.4,2.8,3.8,3.0,3.6,2.9
SYN-05673,2.7,3.2,3.5,3.2,3.1,2.6,2.4,2.9,3.0,3.0,3.7,2.5,2.9
SYN-05674,2.8,2.5,1.9,1.6,2.1,2.0,2.1,3.0,2.0,2.1,2.5,2.4,2.7
SYN-05675,3.3,2.9,3.2,3.1,2.5,3.7,2.7,3.0,2.9,3.1,3.1,3.2,2.9
SYN-05676,4.2,3.6,3.7,3.3,3.9,4.3,3.8,4.4,3.5,3.4,4.3,3.8,3.6
SYN-05677,3.6,3.6,3.8,3.4,3.1,3.4,3.5,3.8,3.1,3.4,3.6,4.0,3.3
SYN-05678,4.0,4.4,3.6,4.1,4.4,4.4,4.3,3.8,3.9,4.7,4.2,4.2,4.0
SYN-05679,3.6,3.4,3.8,3.3,3.8,4.1,3.8,3.2,3.8,3.4,3.4,3.6,3.5
SYN-05680,3.8,4.2,4.0,3.4,4.3,4.3,4.2,4.2,3.9,3.6,4.0,4.5,4.1
SYN-05681,3.0,3.0,2.5,2.4,2.4,2.5,2.2,2.7,2.8,2.0,3.1,2.4,2.4
SYN-05682,3.4,3.0,3.1,3.0,3.3,3.1,3.4,2.9,3.4,2.9,3.6,3.5,2.6
SYN-05683,3.6,2.6,3.0,3.7,3.2,3.8,3.6,3.2,3.2,3.8,3.2,2.8,3.1
SYN-05684,3.1,2.8,3.8,2.9,2.9,2.8,3.3,3.0,3.3,3.4,3.2,3.1,2.7
SYN-05685,3.9,3.9,4.4,5.0,4.2,4.6,4.5,4.3,4.3,4.2,4.2,4.5,4.6
SYN-05686,2.3,2.3,2.3,2.7,2.7,2.9,2.2,2.3,2.9,2.8,2.1,2.2,2.5
SYN-05687,3.8,3.2,3.5,3.8,3.4,3.4,3.9,3.3,3.8,3.4,3.1,3.6,3.3
SYN-05688,3.8,4.7,4.2,4.0,4.0,4.6,4.6,4.0,4.2,4.0,4.4,4.0,3.5
SYN-05689,3.6,4.2,3.7,4.2,4.0,3.7,3.9,3.7,3.8,3.4,3.9,3.7,3.9
SYN-05690,3.4,3.5,3.1,3.1,3.2,3.6,3.1,3.1,3.0,3.4,3.2,3.0,3.1
SYN-05691,3.2,3.0,2.8,3.2,3.3,3.2,3.1,3.5,3.4,3.0,3.3,3.2,2.8
SYN-05692,4.6,4.6,4.5,4.3,4.4,4.0,4.4,3.7,4.0,3.3,4.2,4.4,4.6
SYN-05693,3.1,3.3,3.2,3.8,3.3,3.8,3.6,3.4,3.0,2.9,3.2,3.2,2.9
SYN-05694,3.4,3.1,3.2,3.6,2.8,2.4,2.9,3.6,3.0,3.0,2.9,3.0,2.9
SYN-05695,3.9,4.4,4.8,3.8,3.9,3.9,4.5,4.3,4.0,3.9,4.5,4.1,4.0
SYN-05696,3.0,3.9,3.7,3.7,3.7,4.0,3.0,3.3,4.3,3.3,3.4,4.0,3.7
SYN-05697,3.3,3.8,3.1,3.1,3.5,3.4,3.6,3.1,3.4,3.3,3.2,2.9,3.2
SYN-05698,3.5,4.1,3.8,3.8,3.6,3.4,3.7,4.1,3.4,3.8,3.5,3.7,3.6
SYN-05699,3.9,3.7,3.6,3.3,3.8,3.9,3.8,3.7,4.2,4.2,4.1,3.8,3.8
SYN-05700,3.2,2.9,3.9,3.5,4.5,3.3,3.6,3.8,3.3,3.4,3.4,3.3,3.6
SYN-05701,3.6,3.0,3.6,3.7,3.6,4.1,3.7,3.6,3.9,4.3,3.5,3.9,4.1
SYN-05702,2.2,2.0,2.4,2.7,2.2,2.6,2.1,2.2,2.3,2.3,2.1,2.2,1.7
SYN-05703,3.6,3.5,3.8,3.4,2.9,3.5,3.2,3.8,3.4,4.0,3.2,3.5,3.6
SYN-05704,3.0,2.7,3.1,2.6,2.9,3.1,3.4,3.2,3.0,3.0,3.0,3.4,2.7
SYN-05705,2.8,2.6,3.2,3.5,3.2,3.3,2.9,3.2,2.8,2.9,3.0,3.1,3.6
SYN-05706,3.4,3.2,3.6,3.8,3.1,3.2,2.8,3.2,2.9,2.6,3.4,3.2,2.9
SYN-05707,2.7,3.0,3.0,3.2,2.7,3.4,3.4,2.8,2.7,3.5,3.2,3.4,3.3
SYN-05708,3.3,3.6,3.6,3.5,3.5,3.2,3.5,3.8,3.6,2.8,3.5,3.5,3.7
SYN-05709,4.0,3.7,3.2,3.6,3.4,3.2,4.0,3.5,4.2,3.5,3.4,3.8,3.6
SYN-05710,3.2,2.9,2.9,2.9,2.8,3.4,3.2,3.1,3.3,3.2,3.8,3.2,2.5
SYN-05711,3.6,3.5,3.9,3.7,3.9,3.6,3.8,3.6,3.7,3.9,3.9,4.2,4.1
SYN-05712,4.2,4.0,3.8,4.1,4.3,4.3,3.9,3.8,4.1,3.2,4.4,4.3,3.8
SYN-05713,3.8,4.5,3.6,3.8,4.4,3.6,3.9,3.8,4.5,3.7,3.5,4.0,3.7
SYN-05714,4.2,4.1,3.7,4.6,3.8,3.9,4.2,4.5,3.6,3.9,4.3,3.8,4.1
SYN-05715,3.1,3.3,2.8,3.3,3.3,3.4,3.0,3.6,2.6,3.0,3.9,3.2,3.5
SYN-05716,3.4,3.9,3.3,3.4,3.6,3.8,2.8,3.5,3.1,3.3,3.2,2.7,3.7
SYN-05717,3.2,3.6,3.6,3.4,3.8,3.5,3.4,3.2,3.4,3.8,3.0,4.1,3.6
SYN-05718,3.0,3.4,3.1,3.5,2.9,3.0,3.4,3.6,3.3,3.3,3.0,3.1,3.1
SYN-05719,3.3,3.3,3.0,3.5,3.0,3.2,2.8,2.8,2.8,2.6,2.7,3.0,2.7
SYN-05720,3.4,3.0,3.0,3.2,2.6,3.5,3.4,3.5,3.4,3.2,3.3,3.3,2.8
SYN-05721,4.5,4.3,5.0,4.3,4.4,4.0,4.3,3.8,5.0,4.6,4.3,4.6,4.1
SYN-05722,3.0,2.8,2.6,3.3,3.1,2.6,2.8,3.5,2.9,3.3,2.9,3.2,3.2
SYN-05723,2.9,3.0,3.2,2.9,3.0,2.8,3.1,3.4,2.7,2.9,2.5,3.2,2.6
SYN-05724,3.3,3.4,3.5,3.3,2.7,3.2,3.3,3.4,3.4,3.1,3.2,3.2,2.8
SYN-05725,3.5,3.8,3.6,3.4,3.4,4.0,3.9,3.9,3.7,3.6,3.2,4.0,3.7
SYN-05726,3.9,3.4,4.2,3.7,3.7,3.4,3.7,3.9,3.0,3.7,3.7,3.8,3.2
SYN-05727,4.1,4.1,4.1,3.7,4.2,3.6,3.3,4.0,3.9,4.3,3.6,3.8,3.8
SYN-05728,5.0,4.6,5.0,4.7,4.8,4.9,4.6,5.0,5.0,4.7,5.0,5.0,5.0
SYN-05729,4.3,4.1,4.1,3.6,3.5,3.8,4.0,4.1,3.2,4.0,4.3,4.6,4.4
SYN-05730,3.8,3.8,4.1,4.2,4.3,4.2,3.6,3.6,4.4,3.9,3.7,3.7,3.8
SYN-05731,5.0,4.9,5.0,5.0,5.0,4.4,5.0,4.8,4.5,4.4,5.0,5.0,4.3
SYN-05732,3.6,3.9,3.8,3.6,3.7,4.1,3.9,4.0,3.6,3.4,3.8,4.0,3.6
SYN-05733,3.4,3.3,2.8,3.2,3.3,3.1,3.6,2.9,3.9,3.3,3.2,3.6,2.8
SYN-05734,4.0,3.1,3.6,3.3,3.0,3.6,3.5,4.2,3.4,3.1,2.8,3.1,3.4
SYN-05735,4.0,4.3,4.2,3.7,4.0,3.8,4.2,4.2,3.9,3.6,4.9,4.2,4.2
SYN-05736,2.2,3.0,3.1,2.9,2.9,2.9,2.5,2.6,2.7,3.1,2.9,2.6,2.6
SYN-05737,1.8,2.6,2.4,2.5,3.3,2.3,2.5,2.2,2.4,2.1,2.1,1.9,2.1
SYN-05738,3.1,3.0,3.0,2.9,3.1,3.1,3.1,3.0,3.3,2.4,2.8,2.8,3.2
SYN-05739,3.8,3.7,4.0,4.2,4.2,4.2,4.0,4.0,3.9,3.9,3.7,4.2,3.4
SYN-05740,3.4,4.4,3.8,3.9,3.5,4.0,4.2,4.3,3.4,4.2,3.8,3.1,3.4
SYN-05741,2.8,3.6,3.4,3.2,3.4,3.9,3.3,3.5,3.6,3.0,3.6,3.7,3.7
SYN-05742,4.0,4.4,4.2,4.1,4.4,4.6,4.4,4.1,3.9,4.2,4.1,4.4,3.8
SYN-05743,4.1,3.4,3.8,4.0,3.8,4.0,4.3,3.7,3.4,3.5,3.8,4.2,3.7
SYN-05744,4.3,3.3,3.2,3.8,3.5,3.5,3.7,3.3,3.9,3.7,3.6,3.8,4.3
SYN-05745,3.4,3.3,3.7,3.3,3.6,3.7,3.9,3.4,3.1,3.4,3.5,3.3,3.5
SYN-05746,4.5,3.8,3.8,4.3,3.6,4.0,3.8,3.5,4.0,3.8,4.1,4.1,4.0
SYN-05747,3.6,3.7,4.0,3.6,3.9,4.0,4.1,3.8,3.8,4.0,3.7,3.5,4.0
SYN-05748,3.3,3.5,3.2,3.4,2.8,3.5,3.2,3.3,3.3,3.2,3.4,3.4,3.4
SYN-05749,3.6,4.2,3.9,4.0,3.9,3.6,4.7,4.0,3.5,3.9,3.8,3.9,3.5
SYN-05750,3.1,2.9,3.6,3.1,3.4,3.4,3.3,3.2,3.5,3.0,3.4,3.0,3.2
SYN-05751,3.3,3.2,3.6,4.0,3.6,4.1,3.7,3.6,4.1,4.0,3.2,3.6,3.8
SYN-05752,3.9,3.9,3.7,3.6,3.7,3.5,3.3,3.9,3.9,4.2,3.5,3.8,3.6
SYN-05753,3.3,3.1,3.3,3.7,3.2,3.4,3.1,2.9,3.3,3.9,3.1,3.0,3.1
SYN-05754,4.1,3.9,3.8,4.0,3.8,3.5,3.4,3.9,3.6,3.3,3.7,3.5,3.9
SYN-05755,3.5,4.0,3.9,3.9,3.9,3.8,4.0,3.9,3.9,4.2,3.4,4.0,3.9
SYN-05756,3.1,3.1,3.1,2.8,2.7,3.0,3.3,2.8,2.6,3.1,2.7,3.0,2.6
SYN-05757,3.5,3.6,3.5,3.7,3.7,3.4,3.4,4.0,3.5,3.7,3.2,4.1,3.7
SYN-05758,4.1,4.4,4.5,5.0,5.0,4.9,5.0,5.0,4.4,4.7,4.7,5.0,5.0
SYN-05759,3.7,3.2,3.2,2.9,3.1,3.4,3.3,3.2,2.8,3.6,3.2,3.1,3.3
SYN-05760,3.9,3.8,4.0,3.8,4.1,3.5,3.9,3.5,4.0,4.0,4.4,4.2,3.8
SYN-05761,3.3,3.9,3.1,4.1,3.6,3.1,3.1,3.7,3.7,3.6,3.5,3.4,3.2
SYN-05762,4.3,4.6,4.1,4.2,4.5,4.0,4.3,4.4,3.9,3.8,4.1,4.4,3.7
SYN-05763,3.2,3.0,3.0,3.2,2.6,3.5,2.8,3.2,3.3,3.5,3.1,2.7,2.6
SYN-05764,3.9,3.3,3.4,3.2,3.4,4.0,3.5,3.3,3.8,2.8,3.5,3.4,3.4
SYN-05765,4.3,4.7,4.6,4.4,4.6,4.1,5.0,3.7,4.7,4.7,4.5,4.6,4.9
SYN-05766,3.0,2.9,3.2,2.6,3.1,3.2,3.4,3.8,3.5,3.5,3.2,3.2,3.2
SYN-05767,3.8,3.7,3.9,4.0,4.2,3.9,3.9,4.2,4.1,3.7,3.5,3.7,3.6
SYN-05768,3.9,4.0,3.7,3.7,3.0,3.7,4.8,4.2,4.2,4.0,4.1,3.7,3.6
SYN-05769,2.8,2.1,2.5,2.9,2.7,2.3,2.8,2.4,2.3,2.6,2.1,2.0,2.3
SYN-05770,3.5,3.3,3.8,3.6,3.5,3.7,3.5,4.1,4.3,4.0,3.6,3.9,3.5
SYN-05771,3.0,3.0,3.1,2.7,3.0,3.0,2.9,2.8,2.5,2.9,2.7,2.4,2.6
SYN-05772,4.0,3.7,3.7,3.2,4.2,3.5,3.9,3.7,3.9,3.9,3.8,3.9,3.9
SYN-05773,3.2,3.9,4.0,3.3,3.1,3.9,3.2,4.0,3.9,3.5,3.5,3.3,3.6
SYN-05774,3.0,3.0,3.1,3.2,2.9,3.7,3.0,3.0,3.0,3.0,3.0,3.2,2.1
SYN-05775,2.8,2.4,3.3,2.4,2.6,2.6,2.5,2.8,2.2,3.3,3.0,2.6,3.0
SYN-05776,3.6,3.2,3.7,3.4,3.8,3.3,3.1,3.8,3.4,3.5,3.5,3.2,3.4
SYN-05777,4.7,4.7,5.0,4.6,4.6,5.0,4.6,4.9,5.0,5.0,4.4,4.6,4.3
SYN-05778,4.6,4.7,4.7,4.4,4.3,4.2,3.9,4.5,4.1,3.8,4.8,4.2,4.5
SYN-05779,3.7,4.0,3.3,3.9,3.7,3.8,3.6,3.6,4.0,3.5,3.5,3.6,3.3
SYN-05780,3.7,3.7,4.0,3.6,3.2,3.8,3.6,3.4,3.9,3.9,4.0,3.9,4.0
SYN-05781,3.9,4.4,4.3,3.9,3.3,4.4,3.8,4.0,4.0,3.8,3.7,3.7,3.0
SYN-05782,2.9,3.1,3.2,3.4,3.0,3.4,3.1,3.1,3.2,3.4,3.1,3.3,3.4
SYN-05783,3.3,2.9,3.0,3.3,3.1,2.9,3.1,3.4,3.4,3.4,3.1,3.2,3.5
SYN-05784,3.8,4.3,4.2,4.2,3.5,3.8,3.8,4.4,3.7,3.6,3.6,3.9,4.1
SYN-05785,3.7,3.1,2.9,3.6,3.7,2.6,3.0,3.2,3.2,3.8,3.0,2.8,2.9
SYN-05786,4.6,4.3,4.8,4.5,4.1,4.6,4.7,4.7,3.9,4.4,4.0,4.2,4.2
SYN-05787,2.8,2.9,2.6,3.1,3.2,2.8,3.3,2.7,2.2,2.5,2.6,3.0,2.5
SYN-05788,3.0,3.7,3.1,3.5,2.6,2.4,2.5,3.3,2.9,2.9,3.5,3.3,3.1
SYN-05789,4.6,4.2,4.4,3.9,4.0,4.2,4.3,4.6,4.7,5.0,5.0,4.6,3.8
SYN-05790,3.8,3.9,3.4,2.8,3.4,3.6,3.4,3.2,3.3,3.7,3.5,3.8,3.7
SYN-05791,3.4,3.7,3.9,3.5,3.6,3.0,3.3,3.4,3.1,3.5,3.9,3.5,3.8
SYN-05792,4.1,4.4,3.8,3.7,4.1,3.4,4.0,3.2,3.6,4.0,3.5,3.7,3.5
SYN-05793,4.4,4.5,4.1,4.8,4.1,3.7,3.7,4.1,4.2,4.9,3.8,3.9,4.3
SYN-05794,3.9,3.7,3.8,3.5,3.7,3.5,4.1,4.1,3.8,3.8,3.9,3.7,3.3
SYN-05795,3.6,3.8,3.9,3.7,3.5,3.8,3.7,3.3,3.1,3.5,4.1,3.8,4.1
SYN-05796,3.9,3.9,3.1,3.4,4.1,4.0,3.3,4.0,4.2,4.0,3.8,3.2,4.1
SYN-05797,3.5,3.9,3.9,4.0,3.8,3.6,3.9,3.4,4.1,3.5,4.3,3.7,3.9
SYN-05798,4.1,3.6,4.3,3.9,4.1,4.1,3.8,3.9,4.5,3.7,4.3,4.0,4.4
SYN-05799,5.0,4.8,5.0,4.8,5.0,5.0,4.9,4.9,4.9,4.9,5.0,4.9,4.7
SYN-05800,4.1,4.2,3.5,3.7,4.2,3.9,4.3,4.0,3.9,3.7,3.5,3.4,3.8
SYN-05801,3.4,2.7,3.0,2.5,3.4,2.8,3.7,3.2,3.5,2.5,2.3,2.9,3.0
SYN-05802,4.3,4.5,4.0,3.9,4.0,4.2,3.7,3.5,4.2,3.7,4.4,3.4,3.8
SYN-05803,3.0,3.2,3.2,3.8,4.3,3.1,3.2,3.4,3.1,3.6,3.0,3.6,3.4
SYN-05804,3.9,3.7,3.9,3.8,3.6,3.9,4.1,3.1,3.1,4.1,4.0,4.1,3.7
SYN-05805,4.2,4.6,4.0,3.9,3.9,3.8,3.8,3.8,4.4,3.5,3.6,3.7,3.9
SYN-05806,3.3,2.8,3.2,3.1,3.2,3.4,3.5,2.9,3.8,2.7,3.0,3.1,3.4
SYN-05807,2.8,4.0,2.8,3.8,3.2,3.3,2.6,3.5,3.2,3.6,2.9,3.7,2.8
SYN-05808,2.3,1.8,2.8,2.5,2.7,2.2,2.1,2.2,2.2,2.1,2.2,2.6,2.5
SYN-05809,3.1,3.7,3.0,3.9,3.2,3.7,3.6,3.4,3.3,3.4,3.6,3.7,4.1
SYN-05810,4.3,4.0,3.9,3.6,4.0,4.2,4.2,3.9,3.6,3.9,4.0,4.2,3.9
SYN-05811,3.8,3.8,3.4,3.3,4.0,3.7,3.7,3.3,2.9,3.7,3.7,3.7,3.5
SYN-05812,3.1,3.3,3.6,3.4,2.8,3.2,3.1,3.7,3.2,3.7,3.3,3.1,3.0
SYN-05813,3.6,3.7,3.4,3.9,3.5,3.3,3.3,3.6,3.9,4.2,3.6,3.8,3.7
SYN-05814,2.3,3.1,3.0,2.5,3.5,3.2,2.5,3.1,3.9,3.0,3.2,2.8,2.8
SYN-05815,3.4,3.1,3.2,2.8,3.1,2.9,3.1,2.9,3.5,2.8,3.0,2.4,3.3
SYN-05816,3.4,3.6,3.4,3.4,4.1,3.6,3.4,3.3,4.1,3.7,3.8,4.1,4.0
SYN-05817,3.9,4.2,3.4,3.7,4.1,4.4,4.4,3.5,3.8,4.0,3.8,4.0,4.5
SYN-05818,3.5,3.4,4.0,3.6,4.0,3.8,3.7,3.6,3.8,3.7,4.1,3.8,3.4
SYN-05819,3.8,3.3,4.0,3.3,3.1,3.2,3.3,3.3,3.1,3.2,3.8,3.3,4.0
SYN-05820,4.4,4.1,4.3,3.9,4.4,4.5,4.3,3.9,4.3,3.9,3.7,4.2,3.6
SYN-05821,2.8,3.0,3.4,2.7,2.6,3.1,2.9,2.9,2.4,3.2,2.2,2.9,3.2
SYN-05822,3.4,3.3,3.0,3.2,4.0,3.2,3.5,3.1,3.2,2.8,3.3,3.2,3.7
SYN-05823,3.7,3.8,4.2,3.9,3.9,3.9,3.6,3.8,3.9,3.6,3.6,4.3,4.1
SYN-05824,4.1,3.8,4.0,3.3,3.6,4.2,3.8,3.9,4.1,3.7,3.8,3.9,4.0
SYN-05825,2.6,3.2,3.1,3.1,2.9,3.1,3.4,3.3,3.4,2.8,3.3,2.9,2.4
SYN-05826,5.0,4.9,5.0,4.2,4.7,4.6,5.0,4.3,4.6,4.7,4.9,4.8,4.7
SYN-05827,3.3,3.4,3.7,3.2,3.4,3.4,2.8,2.8,3.0,3.4,3.6,3.2,2.9
SYN-05828,3.8,3.6,3.5,3.6,3.2,3.9,3.6,3.5,3.4,3.6,3.7,3.0,3.3
SYN-05829,3.9,3.9,3.8,4.3,3.8,3.7,3.9,4.5,4.0,3.9,3.9,3.5,4.0
SYN-05830,4.4,4.5,4.3,4.1,4.6,4.2,4.1,4.1,4.3,4.3,4.2,4.4,4.3
SYN-05831,3.8,3.6,3.4,3.4,3.4,3.2,3.5,3.7,3.8,3.6,4.5,3.6,3.0
SYN-05832,4.3,4.5,4.1,3.7,3.6,4.1,3.8,4.1,4.0,4.6,4.4,4.0,4.0
SYN-05833,3.5,3.3,3.3,3.6,3.0,3.5,3.1,2.6,2.9,3.0,3.7,3.2,3.2
SYN-05834,4.9,4.2,4.3,4.4,4.4,4.5,4.6,4.2,3.9,4.5,3.9,4.5,4.6
SYN-05835,3.9,3.5,4.1,3.1,4.0,3.3,3.5,3.6,3.9,3.2,4.2,2.9,3.5
SYN-05836,3.8,4.0,3.2,3.1,4.1,3.7,3.1,3.5,3.5,4.0,3.6,3.6,3.6
SYN-05837,3.8,3.6,3.5,3.4,3.4,3.0,3.6,3.2,2.9,3.3,3.3,3.7,3.6
SYN-05838,3.3,3.9,2.8,3.7,3.4,3.2,3.3,4.1,3.8,3.7,3.9,3.5,4.0
SYN-05839,3.0,2.2,3.6,2.2,3.0,3.3,2.4,3.1,3.0,3.4,3.2,2.7,2.9
SYN-05840,3.1,2.9,3.3,3.9,3.6,3.6,3.1,2.9,3.6,3.8,3.5,3.7,3.4
SYN-05841,3.5,3.3,3.6,3.5,3.7,3.7,3.4,3.7,3.3,4.0,3.9,3.6,3.3
SYN-05842,3.0,2.6,3.0,2.3,2.6,3.0,3.3,3.0,2.8,2.6,2.8,2.4,2.8
SYN-05843,3.8,3.2,3.3,2.6,3.6,3.6,3.3,3.4,3.0,3.1,4.0,3.0,3.7
SYN-05844,3.0,2.5,2.3,1.9,2.5,2.3,2.3,2.2,2.4,2.5,2.3,2.7,2.3
SYN-05845,2.8,2.5,2.8,2.8,2.1,3.0,3.1,3.5,2.5,2.8,3.0,2.8,2.6
SYN-05846,3.1,3.5,3.9,3.5,3.5,3.6,3.7,3.6,3.1,3.6,3.3,3.3,3.2
SYN-05847,4.0,3.9,3.9,3.7,4.3,3.9,3.8,3.5,4.5,3.6,4.1,4.2,3.9
SYN-05848,3.4,3.5,3.6,3.5,3.2,3.2,3.9,3.6,3.1,3.4,3.4,3.3,3.8
SYN-05849,3.5,3.5,3.7,3.2,3.3,3.9,3.5,3.2,3.5,3.5,3.9,3.8,3.5
SYN-05850,4.6,4.5,4.2,3.9,4.7,4.5,3.8,4.0,3.7,3.8,4.5,4.2,3.9
SYN-05851,4.2,4.2,4.4,4.1,4.2,3.7,4.0,3.9,3.3,4.1,3.4,4.2,3.8
SYN-05852,3.8,3.8,3.8,3.9,4.2,3.6,4.0,4.6,3.7,3.9,4.2,4.6,4.4
SYN-05853,3.5,3.7,3.5,3.9,3.5,4.1,3.0,3.7,3.8,2.8,3.1,4.0,3.7
SYN-05854,3.5,3.7,3.1,3.7,4.1,3.6,3.4,3.2,3.3,3.3,3.2,2.9,3.4
SYN-05855,3.8,4.1,3.9,3.5,3.4,3.7,3.5,3.8,3.5,4.1,3.9,4.0,3.7
SYN-05856,4.3,4.5,4.3,4.4,4.0,4.5,4.0,4.8,4.3,4.5,4.1,4.1,4.1
SYN-05857,4.0,3.7,4.4,3.9,4.6,4.4,3.6,4.3,4.5,4.9,4.4,4.0,4.0
SYN-05858,4.7,4.5,4.8,4.9,5.0,5.0,4.6,5.0,4.4,4.9,4.9,4.9,4.5
SYN-05859,4.1,4.5,4.2,4.5,4.2,5.0,4.3,4.7,5.0,4.7,4.2,4.3,3.3
SYN-05860,2.8,3.5,3.3,3.2,3.5,3.3,3.2,3.8,3.1,3.7,3.6,3.9,3.4
SYN-05861,2.4,2.6,2.8,3.1,3.1,2.8,2.8,3.0,3.2,2.9,2.9,2.9,2.9
SYN-05862,3.9,3.5,3.3,3.6,3.7,4.0,3.7,3.9,3.9,4.0,3.7,3.6,3.3
SYN-05863,4.2,3.2,4.2,4.4,4.1,4.2,4.0,4.1,4.1,4.3,4.0,3.7,4.2
SYN-05864,2.1,1.9,2.3,2.7,2.2,2.3,2.1,2.5,2.3,1.9,2.3,2.2,2.0
SYN-05865,3.1,2.3,2.8,2.6,2.2,2.7,2.6,2.5,2.4,3.3,1.9,2.0,2.8
SYN-05866,3.4,2.8,3.1,3.4,3.2,3.5,3.2,3.1,2.8,3.2,3.1,3.5,3.5
SYN-05867,3.0,3.1,3.0,2.9,2.8,3.1,3.0,3.5,3.0,3.8,3.6,2.9,3.1
SYN-05868,2.1,2.5,2.7,2.7,2.4,2.6,2.8,2.6,3.0,2.6,2.1,2.1,2.5
SYN-05869,3.4,3.2,3.6,3.9,3.6,3.8,4.1,3.8,3.4,3.7,3.6,3.9,3.8
SYN-05870,4.1,4.2,4.1,3.7,3.6,4.4,4.5,4.2,4.5,4.7,4.0,4.0,4.4
SYN-05871,3.8,3.2,3.8,3.3,3.5,3.3,3.5,3.1,3.7,2.9,3.1,3.8,4.1
SYN-05872,2.4,3.0,3.0,2.7,2.4,3.0,2.5,2.7,1.9,2.5,2.4,2.6,2.5
SYN-05873,3.5,3.6,3.4,3.1,3.5,3.5,3.8,3.6,3.7,3.4,3.6,3.1,3.4
SYN-05874,2.1,2.5,2.5,3.1,3.0,3.2,2.5,3.1,2.7,3.4,2.8,3.4,3.8
SYN-05875,3.1,3.5,2.8,3.3,2.9,3.1,3.1,2.9,2.5,2.5,3.3,3.0,3.2
SYN-05876,3.9,3.9,3.9,3.5,3.9,3.9,4.0,4.0,4.4,3.9,4.3,4.1,4.0
SYN-05877,4.4,4.1,4.0,4.1,4.2,3.6,4.1,4.4,4.2,4.2,4.3,4.2,3.7
SYN-05878,3.8,4.1,3.8,3.3,3.1,3.8,3.4,3.6,3.0,3.5,3.5,3.8,3.6
SYN-05879,4.0,4.5,3.8,4.4,4.1,4.1,4.8,3.3,3.5,4.3,4.2,3.9,4.2
SYN-05880,2.6,3.5,3.3,3.4,2.4,3.2,2.9,3.6,3.0,2.6,3.1,2.4,3.2
SYN-05881,3.7,3.7,3.9,3.7,4.3,3.7,3.9,4.0,3.8,3.6,3.1,4.1,3.5
SYN-05882,3.9,3.1,3.7,3.3,3.8,3.4,3.4,2.9,3.5,3.6,3.3,3.6,3.4
SYN-05883,3.1,2.8,3.1,2.9,3.4,2.7,2.7,2.6,2.7,2.6,3.4,3.4,2.7
SYN-05884,3.4,3.0,3.1,3.5,2.9,2.7,3.1,2.8,3.0,3.1,3.2,3.2,3.1
SYN-05885,4.0,4.2,4.0,4.0,3.5,3.8,3.9,4.4,3.1,4.0,3.9,3.9,3.3
SYN-05886,2.7,3.2,2.3,2.9,2.5,3.2,2.9,2.8,2.5,2.6,2.6,2.4,2.6
SYN-05887,2.8,3.6,3.2,3.1,2.9,3.5,3.9,3.3,3.8,3.5,3.3,3.9,2.8
SYN-05888,4.1,4.0,4.2,3.7,4.3,3.6,4.3,3.9,4.2,3.9,3.8,4.6,4.6
SYN-05889,2.9,3.3,3.5,3.2,3.2,3.4,3.4,3.1,3.4,3.1,3.1,3.0,3.0
SYN-05890,2.7,2.2,2.2,2.6,2.7,2.3,3.2,2.4,2.5,2.4,2.9,3.2,2.4
SYN-05891,3.6,3.4,3.1,3.4,3.0,3.3,3.0,3.2,3.4,3.8,3.4,3.0,3.4
SYN-05892,3.3,4.1,3.6,4.4,4.1,3.9,3.8,3.7,3.8,3.9,3.8,4.0,4.3
SYN-05893,2.8,3.1,2.4,2.9,2.8,2.4,2.7,3.0,2.0,2.7,2.7,2.9,3.1
SYN-05894,4.4,4.4,4.5,4.0,3.4,4.4,3.9,4.2,3.7,3.9,4.3,4.0,3.7
SYN-05895,3.5,4.3,3.8,3.8,3.7,3.5,3.8,4.3,3.7,3.4,4.2,3.9,4.0
SYN-05896,3.8,3.2,3.7,3.8,3.7,3.7,4.0,3.8,3.9,3.6,2.9,3.6,3.7
SYN-05897,3.8,3.8,3.9,4.1,3.6,3.8,4.3,3.3,3.7,3.2,3.7,3.8,3.3
SYN-05898,3.6,3.4,3.9,3.7,3.4,3.5,4.0,3.5,3.2,3.2,3.5,3.9,3.4
SYN-05899,3.4,3.7,3.8,3.8,3.2,3.8,3.8,3.6,4.0,3.8,3.4,3.8,3.1
SYN-05900,3.4,3.4,3.7,4.5,3.5,4.0,3.9,3.1,3.9,3.3,3.5,4.2,3.7
SYN-05901,3.8,4.1,3.5,4.3,3.8,3.2,3.9,3.8,4.1,3.6,4.1,3.8,4.0
SYN-05902,4.5,4.5,4.6,4.0,4.3,4.3,4.6,4.1,3.8,4.5,4.6,4.3,3.9
SYN-05903,3.7,3.1,2.9,3.4,3.5,2.6,3.2,3.4,3.0,3.1,3.0,3.5,2.7
SYN-05904,3.0,3.8,2.9,2.7,3.1,3.4,3.1,3.0,3.3,3.9,3.0,3.7,3.2
SYN-05905,3.0,3.8,3.2,2.8,3.4,3.1,3.8,3.4,3.1,3.5,3.3,3.4,2.6
SYN-05906,2.8,3.2,2.8,3.0,3.4,3.3,3.5,3.2,3.0,3.6,3.2,2.8,3.7
SYN-05907,4.1,4.4,4.2,4.4,4.3,4.0,4.0,4.3,4.2,4.1,4.0,4.0,3.7
SYN-05908,2.8,2.5,2.7,2.7,2.7,2.7,2.8,2.4,2.7,2.7,2.4,2.4,2.5
SYN-05909,3.9,3.5,4.1,3.6,3.8,4.0,3.4,4.2,3.5,4.2,4.0,3.3,3.8
SYN-05910,4.0,4.8,4.3,3.7,4.6,4.4,4.4,4.3,3.8,4.7,4.2,4.7,4.3
SYN-05911,3.1,2.7,3.0,3.6,3.4,3.3,3.4,3.2,3.0,2.9,3.0,3.2,3.0
SYN-05912,4.3,4.3,4.3,3.8,4.0,4.3,3.7,4.6,4.7,4.6,4.4,3.9,4.4
SYN-05913,4.6,3.8,4.9,4.4,3.8,3.8,4.0,4.1,4.0,3.3,3.7,4.1,4.2
SYN-05914,3.6,3.1,3.4,3.3,3.1,3.5,3.5,4.0,3.6,2.8,3.6,2.9,3.8
SYN-05915,3.9,4.0,4.3,4.1,4.2,3.8,3.7,4.0,4.1,3.9,4.4,4.1,3.9
SYN-05916,3.0,2.9,3.2,2.9,3.1,3.5,3.2,3.0,3.0,3.4,3.2,3.3,2.9
SYN-05917,2.5,3.3,3.2,2.6,3.1,3.3,2.8,2.9,3.5,3.3,2.7,2.7,2.8
SYN-05918,3.3,3.4,2.9,3.1,2.7,3.5,3.3,3.2,3.1,3.2,3.4,2.9,3.0
SYN-05919,3.9,3.5,4.8,4.4,4.0,4.3,3.9,4.4,5.0,4.5,3.6,3.8,3.8
SYN-05920,3.1,3.2,3.7,2.8,3.3,2.5,2.9,2.8,2.6,3.5,3.1,3.3,2.8
SYN-05921,3.9,3.2,3.9,3.8,3.6,3.6,3.2,3.0,3.6,3.6,3.4,3.3,3.3
SYN-05922,2.5,3.2,2.7,2.7,3.1,2.8,2.8,3.3,2.6,2.6,2.4,2.9,2.8
SYN-05923,4.5,3.8,4.2,3.7,4.2,4.4,3.8,3.9,3.9,4.1,4.3,3.8,4.3
SYN-05924,4.0,4.4,4.1,3.5,4.2,4.0,3.9,4.1,3.7,3.9,3.8,4.2,3.9
SYN-05925,3.2,3.2,3.3,3.0,3.5,3.4,3.7,2.8,3.2,2.6,2.8,3.3,3.1
SYN-05926,1.9,2.5,2.3,1.5,2.6,2.2,2.1,1.8,2.4,2.1,2.2,2.2,2.4
SYN-05927,3.4,3.8,2.8,3.1,3.6,3.9,3.7,3.5,3.6,3.6,3.1,3.5,3.0
SYN-05928,3.8,3.6,3.9,3.6,3.8,3.4,3.6,4.1,3.2,3.8,4.2,4.0,3.8
SYN-05929,3.7,3.3,3.7,3.9,3.6,3.8,3.2,3.1,3.7,4.2,3.5,3.8,2.6
SYN-05930,3.7,3.4,4.1,3.8,3.6,3.4,3.9,3.9,3.3,3.9,3.8,3.6,3.8
SYN-05931,3.9,3.4,3.8,3.7,3.4,3.5,3.2,3.2,3.5,4.0,3.3,3.3,4.3
SYN-05932,2.9,3.2,3.4,3.2,3.2,3.0,3.0,3.3,2.9,3.6,2.7,3.3,2.9
SYN-05933,3.0,2.5,3.0,3.1,3.1,2.7,3.3,2.8,2.8,3.0,2.3,2.7,2.9
SYN-05934,3.7,3.9,4.4,3.7,4.1,3.7,3.9,4.1,4.2,4.0,4.1,3.9,3.8
SYN-05935,3.3,2.5,2.9,2.9,3.1,3.3,3.1,2.9,3.3,3.1,3.1,3.5,3.3
SYN-05936,3.6,2.3,3.2,3.3,2.6,2.8,2.9,2.7,2.7,3.8,2.8,3.0,3.0
SYN-05937,3.8,3.4,4.1,3.8,3.3,3.8,3.9,4.1,3.4,3.7,3.6,3.5,3.8
SYN-05938,2.8,3.0,2.6,2.8,3.0,3.0,2.9,2.9,2.7,3.4,3.0,2.6,2.3
SYN-05939,3.4,2.7,3.1,2.7,3.1,3.1,3.3,3.0,3.0,2.7,3.0,3.1,3.1
SYN-05940,4.3,4.0,4.0,4.8,4.5,5.0,4.5,4.6,4.1,4.8,3.8,4.6,4.4
SYN-05941,4.8,4.3,4.4,3.8,3.8,4.5,4.7,4.5,4.3,4.5,4.4,4.6,4.1
SYN-05942,4.2,3.9,4.5,3.8,4.1,4.3,3.8,3.9,4.8,4.4,4.3,4.3,3.6
SYN-05943,4.1,4.5,3.8,4.5,3.8,4.0,3.5,4.0,4.0,3.9,3.7,4.0,3.7
SYN-05944,4.5,4.2,4.0,4.4,4.0,4.4,4.2,3.6,4.3,4.1,4.3,4.2,4.2
SYN-05945,4.6,5.0,4.7,4.0,4.1,4.7,4.4,4.9,4.7,4.7,4.3,4.8,4.6
SYN-05946,3.8,3.8,4.6,4.3,4.0,3.9,4.1,4.2,3.7,4.1,3.5,4.1,4.5
SYN-05947,3.2,3.6,3.6,3.3,3.5,3.2,3.3,3.7,3.8,3.5,4.0,3.9,4.2
SYN-05948,3.9,3.7,3.9,4.6,3.7,4.2,3.7,3.9,3.8,3.7,4.2,4.4,4.3
SYN-05949,3.3,2.8,3.3,3.4,3.2,3.6,3.2,3.1,3.5,3.5,3.7,3.4,3.0
SYN-05950,2.8,3.1,3.4,4.0,3.9,3.5,3.8,3.2,4.0,3.5,3.8,3.7,3.7
SYN-05951,3.2,3.4,3.9,3.8,3.3,3.7,3.3,3.2,3.4,3.6,3.2,3.9,3.4
SYN-05952,3.4,3.6,4.0,3.6,3.3,3.1,3.0,3.1,3.4,3.8,3.4,3.3,3.5
SYN-05953,3.8,3.1,3.5,3.2,3.4,3.5,3.7,3.3,3.7,3.4,2.9,3.3,4.0
SYN-05954,4.2,4.1,4.1,4.1,3.8,3.5,4.0,4.1,4.4,4.1,4.2,3.9,3.7
SYN-05955,3.1,3.2,3.3,3.3,3.4,3.2,2.8,3.1,2.9,2.9,3.1,3.4,3.2
SYN-05956,3.6,3.6,3.7,3.9,4.1,3.6,3.5,3.6,3.9,3.7,3.4,3.6,3.6
SYN-05957,2.6,2.6,2.4,2.7,3.1,3.1,2.8,3.3,2.8,2.7,2.2,2.9,2.5
SYN-05958,2.8,2.0,2.8,2.5,2.1,1.9,2.5,2.1,1.8,3.0,2.7,2.1,1.9
SYN-05959,4.5,3.8,4.2,4.3,4.0,3.9,3.6,4.3,4.9,3.8,3.9,4.4,3.4
SYN-05960,4.0,4.3,4.0,4.4,4.3,4.2,4.0,4.1,4.2,4.3,4.6,4.4,4.1
SYN-05961,3.4,3.4,3.0,3.4,3.2,3.3,3.5,3.5,3.0,2.9,3.8,3.8,3.5
SYN-05962,3.4,3.4,3.2,3.6,3.5,3.5,3.2,3.8,3.7,3.7,3.0,3.1,3.2
SYN-05963,3.6,3.2,3.0,3.5,3.2,3.5,3.0,3.3,3.7,3.7,3.1,3.3,3.6
SYN-05964,3.4,3.4,3.8,3.4,3.2,3.7,3.1,3.3,3.2,3.0,3.3,3.4,3.3
SYN-05965,3.5,3.0,3.3,2.9,4.0,3.0,2.7,3.2,3.3,3.5,3.6,3.4,3.5
SYN-05966,4.1,3.8,3.5,3.8,3.5,4.1,4.1,4.1,3.4,4.1,3.6,3.9,4.0
SYN-05967,2.9,3.5,2.8,3.2,3.6,3.7,3.5,3.1,3.1,3.2,3.3,3.6,3.3
SYN-05968,3.6,3.6,4.1,3.7,4.2,4.0,3.6,3.6,3.7,3.7,4.1,3.6,3.8
SYN-05969,4.5,4.6,4.6,4.5,4.3,4.3,4.5,4.4,4.1,4.3,4.5,4.8,4.1
SYN-05970,3.4,3.9,3.6,3.5,3.7,3.4,4.4,3.5,3.8,3.9,4.0,3.4,3.9
SYN-05971,3.1,3.7,3.6,3.8,3.6,3.5,3.6,3.1,3.3,4.0,3.6,3.8,3.4
SYN-05972,3.4,3.1,2.8,3.2,3.6,2.6,3.4,3.2,4.0,3.9,2.7,3.6,3.1
SYN-05973,3.4,3.3,3.3,3.9,2.8,3.3,3.7,2.9,3.4,3.1,3.6,3.5,3.8
SYN-05974,1.9,2.7,2.4,3.0,2.4,2.3,2.4,2.8,2.8,2.6,2.3,2.2,2.8
SYN-05975,4.5,4.5,4.8,4.1,4.9,4.4,4.2,4.3,4.0,4.0,4.3,4.6,4.1
SYN-05976,3.6,3.0,2.8,2.6,2.8,3.4,3.5,3.2,3.0,2.5,2.2,3.0,2.9
SYN-05977,2.3,2.6,2.0,2.9,3.0,2.7,2.4,2.3,2.4,2.5,2.7,2.6,2.8
SYN-05978,3.6,3.8,3.4,3.1,3.8,4.1,3.5,3.3,3.6,3.3,3.5,3.5,3.2
SYN-05979,3.5,3.7,3.6,3.9,3.8,3.9,3.7,3.5,3.4,4.0,3.5,3.5,4.1
SYN-05980,4.1,3.6,4.3,4.1,4.0,4.2,3.6,3.7,4.1,4.4,4.1,4.1,4.2
SYN-05981,3.9,3.6,3.6,3.5,3.5,3.7,4.0,3.7,3.4,3.5,4.0,3.7,3.2
SYN-05982,4.1,3.8,3.7,4.0,3.8,4.3,4.0,4.4,4.1,3.9,3.9,3.9,4.2
SYN-05983,3.6,4.1,3.7,4.7,4.2,4.2,4.0,3.5,4.0,4.1,3.8,4.0,4.2
SYN-05984,4.0,4.0,4.1,4.3,3.7,4.5,4.5,3.8,4.2,4.5,4.4,3.4,3.9
SYN-05985,2.7,3.1,3.2,2.5,2.7,2.4,2.8,2.8,3.0,3.4,3.0,2.8,3.1
SYN-05986,3.7,3.7,3.8,3.4,3.7,3.5,4.0,3.5,3.5,3.6,3.5,4.3,4.1
SYN-05987,2.9,2.6,2.7,3.2,2.6,2.4,3.0,2.7,2.7,2.7,2.7,2.9,2.6
SYN-05988,4.7,4.9,5.0,4.3,4.9,4.9,5.0,4.6,4.5,4.1,4.6,5.0,4.7
SYN-05989,3.8,4.1,3.5,3.8,4.1,4.1,3.7,4.4,3.4,4.0,4.1,4.3,3.9
SYN-05990,3.4,3.2,3.7,3.3,3.5,2.8,3.1,3.3,3.3,3.0,2.6,2.6,2.9
SYN-05991,4.5,2.8,3.7,3.6,3.7,3.7,3.4,4.0,3.2,4.3,3.8,3.4,3.5
SYN-05992,3.3,2.5,3.0,2.9,2.9,3.1,3.1,3.1,3.3,3.0,2.8,2.6,3.0
SYN-05993,2.8,2.1,2.8,2.4,2.4,2.7,2.0,3.1,2.9,2.3,2.6,2.7,2.4
SYN-05994,3.8,3.9,4.0,3.9,4.0,4.1,3.9,4.1,4.3,4.1,4.5,3.6,3.8
SYN-05995,3.1,3.0,2.8,3.1,3.0,3.3,2.6,3.0,2.8,3.2,3.1,2.8,3.3
SYN-05996,3.4,3.0,3.3,4.1,3.3,3.5,3.5,3.4,3.9,3.6,3.6,3.3,3.6
SYN-05997,3.5,3.7,4.2,4.1,3.6,3.7,3.3,3.5,2.9,3.9,3.4,3.6,3.5
SYN-05998,3.7,3.8,3.8,3.0,3.6,3.1,3.4,3.7,3.3,3.5,3.2,3.7,3.3
SYN-05999,2.8,3.0,3.2,2.5,3.1,2.8,3.1,2.8,2.7,2.7,3.0,3.1,2.7
SYN-06000,3.5,3.3,3.4,3.4,3.3,3.2,3.5,3.9,3.6,3.4,3.8,3.4,3.6
SYN-06001,3.1,3.6,3.5,3.0,3.4,2.9,3.4,3.7,3.3,3.4,3.1,3.7,3.4
SYN-06002,4.0,4.3,3.7,4.4,3.9,4.3,3.9,3.5,3.6,3.9,3.5,4.1,4.2
SYN-06003,4.4,4.8,4.8,5.0,5.0,4.7,4.4,4.8,4.8,4.6,5.0,4.9,4.6
SYN-06004,2.2,2.7,2.8,2.6,2.7,2.0,2.4,2.1,2.7,2.7,2.1,2.2,2.1
SYN-06005,3.1,3.0,3.1,3.0,3.6,3.3,3.0,2.6,2.6,2.6,3.2,3.0,3.4
SYN-06006,3.8,3.0,3.4,3.1,3.5,3.7,3.6,3.6,3.3,4.3,3.7,4.1,3.9
SYN-06007,4.2,4.2,3.9,3.9,4.0,4.0,3.3,4.1,4.2,3.7,3.7,4.1,4.2
SYN-06008,3.6,3.8,3.7,3.6,3.7,3.7,3.7,3.6,3.8,4.0,3.8,3.0,3.3
SYN-06009,4.3,3.9,4.5,3.7,4.4,3.9,4.5,3.9,3.8,4.1,3.7,3.8,4.4
SYN-06010,3.1,2.6,2.5,2.2,2.9,2.6,2.3,2.8,2.3,2.7,2.6,2.7,2.3
SYN-06011,3.4,2.8,3.4,3.3,2.8,3.3,3.5,3.2,2.9,3.2,2.6,3.4,3.6
SYN-06012,4.2,4.2,4.6,4.8,4.5,4.0,4.7,4.5,4.4,4.4,4.6,3.7,4.3
SYN-06013,2.7,3.2,2.8,4.0,3.3,2.7,3.3,2.9,3.1,3.0,2.5,2.8,2.7
SYN-06014,1.2,1.7,1.8,1.5,2.2,2.0,1.9,2.1,2.1,2.0,2.4,1.3,2.1
SYN-06015,2.9,3.5,3.2,3.0,3.5,3.0,3.2,2.9,3.1,3.7,3.3,3.2,2.6
SYN-06016,4.4,3.4,3.8,3.9,3.9,3.5,3.9,3.4,4.2,3.4,3.6,3.9,3.7
SYN-06017,3.9,3.8,3.6,3.2,3.4,3.0,3.2,3.4,3.7,3.6,3.4,3.2,3.7
SYN-06018,2.6,3.0,2.9,3.1,2.5,2.7,2.8,2.7,2.6,2.6,2.4,2.6,3.0
SYN-06019,3.4,3.2,3.0,3.1,3.5,3.4,2.3,2.8,2.9,3.6,3.3,2.7,3.3
SYN-06020,3.6,3.0,2.5,3.2,2.9,2.6,2.8,2.7,2.6,2.4,2.6,2.8,3.0
SYN-06021,2.5,2.4,2.9,2.7,2.7,2.6,2.6,2.5,2.3,2.9,3.0,3.3,3.0
SYN-06022,3.0,3.2,2.9,2.8,3.2,3.1,2.6,3.0,2.8,3.3,2.9,3.5,3.4
SYN-06023,3.2,3.4,3.8,3.6,3.5,3.6,3.5,3.9,3.5,3.7,3.7,3.9,3.5
SYN-06024,2.2,2.3,2.0,2.1,1.9,2.4,2.7,1.6,2.5,2.2,2.6,2.3,2.5
SYN-06025,4.2,4.3,4.5,5.0,4.1,4.3,4.0,4.2,4.1,4.0,4.4,4.3,4.0
SYN-06026,3.1,3.7,3.3,4.1,3.4,3.5,3.4,3.0,3.0,3.9,3.8,3.1,3.6
SYN-06027,3.3,2.5,2.9,2.7,2.9,3.3,3.0,3.1,2.2,3.1,2.9,3.5,3.1
SYN-06028,2.9,3.5,2.9,3.0,2.5,2.8,2.7,2.9,2.6,2.4,3.0,2.5,3.2
SYN-06029,3.7,3.2,3.2,2.5,3.3,3.1,3.3,2.8,3.1,3.5,2.9,3.1,3.4
SYN-06030,3.7,3.8,3.3,3.5,3.2,3.2,3.2,3.5,4.0,3.9,3.7,3.2,3.2
SYN-06031,3.5,3.7,3.8,3.7,3.6,3.6,3.4,3.2,3.5,3.6,3.5,3.1,3.5
SYN-06032,3.2,3.8,3.6,2.5,3.4,3.1,3.0,2.7,3.7,3.7,2.9,3.7,4.0
SYN-06033,3.0,2.8,3.1,3.4,3.5,3.1,2.8,3.2,3.1,3.1,3.0,3.1,2.5
SYN-06034,3.6,3.8,3.4,3.5,3.0,3.7,3.8,4.0,2.8,3.7,3.0,3.6,3.3
SYN-06035,2.5,2.5,2.4,2.2,2.4,2.6,2.4,2.6,1.9,2.4,2.2,2.6,2.5
SYN-06036,2.7,2.9,2.8,2.9,2.9,2.9,2.4,3.3,3.1,2.9,3.0,3.0,2.6
SYN-06037,3.5,2.5,2.6,2.9,3.2,3.2,3.1,3.1,3.0,2.7,2.7,2.7,2.8
SYN-06038,2.3,2.3,2.7,3.1,2.9,2.5,2.6,3.3,2.6,2.4,2.7,2.6,2.5
SYN-06039,3.4,3.8,3.0,3.5,3.7,3.5,3.7,3.5,3.2,3.9,3.5,4.1,2.8
SYN-06040,3.5,3.0,2.9,2.5,3.0,3.1,2.2,2.9,2.6,2.9,2.5,3.1,2.7
SYN-06041,4.7,4.7,4.5,4.2,4.6,4.4,4.5,4.3,3.9,4.5,4.3,4.5,4.4
SYN-06042,2.5,3.3,2.6,2.7,3.3,2.4,3.0,2.5,2.6,2.8,3.0,2.4,2.8
SYN-06043,4.1,4.5,4.6,4.5,4.1,4.0,4.3,4.0,4.5,4.8,4.1,4.5,4.1
SYN-06044,2.8,2.7,2.4,2.6,2.6,2.0,2.5,2.2,2.4,2.3,2.4,2.7,2.1
SYN-06045,4.1,4.5,4.9,4.3,4.4,5.0,5.0,4.8,4.7,4.9,4.5,4.8,4.4
SYN-06046,4.3,4.1,4.0,3.7,4.0,3.8,3.7,4.0,3.3,4.1,3.5,4.0,3.4
SYN-06047,3.8,4.1,4.2,3.7,3.7,4.2,4.5,3.7,3.2,4.4,3.9,3.7,4.0
SYN-06048,3.3,2.9,3.0,2.8,2.9,3.3,2.5,3.0,2.7,2.7,2.4,2.9,2.9
SYN-06049,3.3,3.8,3.3,2.7,3.5,3.0,3.8,3.9,3.6,3.3,3.5,3.1,3.5
SYN-06050,3.1,3.9,3.1,2.9,3.3,3.5,4.1,3.1,3.4,3.4,3.0,3.1,2.8
SYN-06051,3.9,3.2,2.8,3.3,3.8,3.6,3.6,3.9,3.8,2.7,3.3,3.6,3.5
SYN-06052,4.4,5.0,3.9,3.5,3.5,4.5,4.2,3.8,4.1,4.1,4.1,3.6,4.4
SYN-06053,4.1,3.9,3.9,3.9,3.9,3.3,3.6,3.9,3.7,4.1,3.5,4.6,4.5
SYN-06054,3.3,3.0,3.2,3.8,3.3,3.5,3.4,3.6,3.6,3.3,3.8,3.6,3.8
SYN-06055,4.0,4.0,4.9,4.0,4.4,3.6,4.2,3.9,4.5,3.8,3.9,4.2,3.7
SYN-06056,4.2,4.0,4.2,4.1,4.7,4.3,3.8,3.9,4.0,3.9,4.6,4.0,4.1
SYN-06057,3.4,4.0,3.1,3.7,3.1,3.5,2.9,3.4,3.1,3.5,3.4,3.4,3.3
SYN-06058,3.0,3.4,2.7,3.9,3.4,3.3,3.3,2.9,3.0,3.2,3.0,2.8,3.1
SYN-06059,4.8,4.7,5.0,4.7,5.0,5.0,4.6,4.4,4.3,4.7,4.9,4.6,4.7
SYN-06060,3.2,3.3,3.4,3.7,3.6,2.7,3.6,3.6,3.3,3.3,3.5,3.4,3.3
SYN-06061,3.8,3.3,3.0,3.4,3.3,3.3,3.4,3.0,3.2,2.9,3.4,3.2,2.9
SYN-06062,3.4,3.5,3.7,3.8,3.7,3.6,3.6,3.3,3.1,3.2,3.4,3.4,3.3
SYN-06063,4.2,4.4,4.2,3.9,3.7,4.0,3.5,4.4,4.1,4.6,4.5,4.3,3.9
SYN-06064,3.8,4.4,4.0,3.5,3.8,4.3,4.2,4.0,4.3,3.5,3.7,3.9,3.7
SYN-06065,3.7,3.7,3.6,3.1,4.0,3.5,3.0,3.1,3.2,3.9,3.2,3.1,3.8
SYN-06066,4.1,3.7,4.0,3.8,4.0,3.7,4.0,3.8,3.7,4.1,3.9,4.1,4.0
SYN-06067,3.6,4.0,3.7,3.8,3.5,3.5,3.7,3.4,3.7,3.7,3.3,4.0,4.1
SYN-06068,3.8,3.4,3.5,3.3,3.6,3.4,3.5,3.5,3.1,3.4,3.7,4.6,2.9
SYN-06069,3.1,3.2,3.0,3.9,3.3,3.3,3.5,3.2,3.6,3.2,3.8,3.4,3.8
SYN-06070,3.8,2.9,3.2,4.1,3.5,3.1,3.4,3.5,4.0,3.3,3.6,3.9,3.4
SYN-06071,3.0,3.4,3.5,3.3,3.5,3.1,2.7,3.5,3.0,3.1,3.3,3.6,3.2
SYN-06072,3.4,4.0,3.4,3.5,3.1,3.6,4.0,3.1,3.3,3.5,3.7,3.6,3.6
SYN-06073,3.3,3.9,2.8,3.8,4.1,3.7,3.3,3.6,3.1,3.2,3.6,3.6,3.6
SYN-06074,2.3,3.4,2.9,2.7,2.7,2.5,2.4,3.4,2.4,2.5,2.6,2.5,2.7
SYN-06075,3.1,3.2,3.1,3.1,2.7,3.1,3.2,3.1,3.1,3.5,3.1,3.5,3.8
SYN-06076,3.2,3.5,3.4,3.4,2.9,3.6,3.2,3.7,3.4,3.7,3.5,3.6,3.5
SYN-06077,4.5,4.4,4.7,4.7,4.5,4.8,4.3,4.6,4.9,4.6,4.5,4.8,5.0
SYN-06078,3.6,2.9,3.2,3.7,3.3,3.4,3.3,3.7,3.6,3.2,3.7,3.7,3.6
SYN-06079,3.7,4.8,3.2,3.6,3.7,4.0,3.6,4.0,3.5,3.8,3.9,3.5,3.9
SYN-06080,5.0,4.7,4.4,4.6,4.7,5.0,4.4,4.9,4.9,4.8,5.0,4.8,4.5
SYN-06081,2.6,2.7,2.5,2.2,2.7,2.7,2.6,2.6,2.4,1.9,2.6,2.2,2.7
SYN-06082,2.3,2.6,2.6,2.4,3.0,2.3,1.9,2.3,3.1,2.6,3.0,2.7,3.0
SYN-06083,2.8,3.2,3.3,2.7,2.8,3.0,3.2,2.8,3.4,3.4,3.1,3.2,3.3
SYN-06084,3.6,3.5,3.1,2.8,3.4,3.7,3.7,3.4,3.2,3.6,3.0,3.1,2.9
SYN-06085,3.7,2.9,3.5,4.1,3.5,3.1,3.2,2.9,3.1,3.2,3.1,3.4,2.5
SYN-06086,2.8,3.4,3.8,3.3,3.0,3.5,3.5,3.0,3.0,3.7,2.9,3.7,3.4
SYN-06087,3.2,3.1,3.1,2.5,3.0,3.2,2.7,2.2,2.4,2.3,2.7,2.4,2.6
SYN-06088,4.6,4.3,4.2,4.4,3.7,3.8,4.1,3.8,3.9,4.2,4.3,4.2,4.4
SYN-06089,2.5,3.9,3.5,3.1,2.8,3.2,3.0,3.6,3.5,3.1,2.8,3.2,3.6
SYN-06090,4.3,3.7,4.0,4.4,4.1,4.1,4.7,3.8,4.5,4.0,4.0,4.2,4.2
SYN-06091,3.1,2.9,3.1,3.0,2.8,2.6,3.1,3.0,2.7,2.5,2.8,2.4,3.2
SYN-06092,4.5,4.7,4.5,5.0,4.8,4.5,4.5,4.4,4.5,4.7,4.7,4.5,5.0
SYN-06093,2.0,2.4,2.8,3.0,2.6,3.0,3.1,2.5,2.3,2.3,2.2,2.2,2.3
SYN-06094,3.1,3.8,3.4,3.1,3.4,3.6,3.4,3.4,2.9,3.8,3.4,3.1,3.5
SYN-06095,2.8,3.0,3.7,2.7,3.2,2.9,2.8,3.3,3.0,3.4,2.9,3.4,2.9
SYN-06096,3.3,3.7,3.6,3.1,3.6,3.3,3.8,3.3,3.4,3.2,3.8,3.6,4.2
SYN-06097,3.3,2.8,2.5,2.8,2.9,2.4,2.7,3.3,2.7,2.7,3.1,2.8,3.0
SYN-06098,2.4,2.1,2.6,2.5,2.4,2.8,2.6,2.2,2.1,2.4,2.3,2.3,2.2
SYN-06099,3.1,3.5,3.3,3.1,3.4,3.3,3.0,3.1,3.3,3.1,3.2,2.7,2.9
SYN-06100,4.4,4.7,4.9,4.1,4.2,4.5,5.0,4.1,3.8,4.4,4.0,4.5,4.6
SYN-06101,2.9,2.8,2.7,3.0,2.6,2.8,2.7,3.0,3.1,3.4,2.7,2.8,3.2
SYN-06102,3.9,3.6,3.4,4.3,3.3,3.4,3.8,4.1,3.5,4.0,3.5,4.0,4.0
SYN-06103,3.2,3.8,3.2,2.8,3.5,3.6,3.7,3.8,3.2,3.5,3.4,3.5,4.2
SYN-06104,3.2,3.0,3.2,3.5,3.4,3.6,3.8,3.8,3.0,3.5,2.7,3.6,2.8
SYN-06105,4.2,4.6,4.9,4.3,4.5,4.4,4.7,4.9,4.6,4.4,5.0,4.9,4.4
SYN-06106,3.1,3.2,3.6,2.5,3.7,3.2,3.0,3.4,3.4,3.6,3.7,3.4,3.5
SYN-06107,3.6,3.8,3.4,3.5,3.1,4.1,3.4,3.9,4.0,3.1,3.6,3.8,3.4
SYN-06108,3.1,4.0,3.7,3.6,3.2,3.2,3.6,3.4,3.6,3.7,3.4,4.1,3.3
SYN-06109,4.1,4.5,4.5,4.1,4.3,3.9,4.2,4.6,4.0,4.0,4.1,4.7,4.7
SYN-06110,2.0,2.1,2.7,2.2,3.0,2.0,2.5,2.7,3.1,2.7,2.8,2.7,3.0
SYN-06111,4.8,5.0,5.0,5.0,4.1,4.3,4.9,5.0,4.8,4.7,5.0,5.0,4.9
SYN-06112,4.3,4.4,4.4,4.7,4.5,4.5,4.6,4.3,4.4,4.9,4.1,4.2,4.1
SYN-06113,3.8,3.8,3.1,4.0,3.4,3.9,3.8,2.9,3.0,3.4,4.1,3.2,4.1
SYN-06114,3.3,3.2,3.9,3.8,3.3,3.5,3.9,3.7,4.0,3.7,4.1,3.5,4.0
SYN-06115,3.0,3.5,3.6,3.1,3.5,3.5,3.5,3.2,3.3,3.9,3.1,3.4,3.3
SYN-06116,3.7,4.0,3.4,3.7,3.8,3.5,3.3,3.6,3.6,3.1,3.3,3.8,3.4
SYN-06117,3.9,3.4,3.8,3.8,3.8,3.6,3.8,4.3,3.9,4.2,3.7,3.0,4.0
SYN-06118,3.6,3.0,2.8,3.0,3.4,3.0,2.8,2.7,3.2,3.9,2.6,3.2,3.2
SYN-06119,4.0,4.6,4.9,4.6,4.2,3.9,4.5,4.3,4.5,4.2,4.1,4.4,4.7
SYN-06120,3.9,3.5,3.3,3.5,3.5,3.6,4.2,3.5,3.7,3.9,3.8,4.1,3.5
SYN-06121,3.4,3.5,3.3,3.6,3.6,3.5,3.7,3.8,3.4,3.8,3.2,3.3,4.0
SYN-06122,3.0,3.0,3.5,3.1,2.9,2.8,3.2,3.5,3.0,3.4,3.0,2.8,2.9
SYN-06123,3.9,4.6,4.5,4.3,3.4,4.6,4.0,4.0,4.0,4.2,4.3,4.5,4.3
SYN-06124,3.5,3.4,3.2,3.6,3.6,3.2,3.2,3.7,3.3,3.1,3.2,3.6,3.9
SYN-06125,3.5,2.6,3.2,3.5,2.8,3.7,2.7,3.4,3.1,3.3,3.2,2.9,3.4
SYN-06126,2.8,3.1,2.7,2.8,3.1,2.7,3.3,3.0,3.5,2.9,3.0,2.8,2.9
SYN-06127,3.6,3.9,3.8,3.6,3.1,3.3,3.6,3.2,3.4,3.5,4.0,3.4,2.9
SYN-06128,3.1,3.2,3.5,2.7,2.4,3.0,3.0,3.0,2.7,3.0,2.9,2.7,2.5
SYN-06129,3.6,3.7,3.9,3.7,3.5,3.9,3.7,3.5,3.8,3.9,3.7,4.2,4.1
SYN-06130,4.1,3.8,3.4,3.6,4.2,3.6,4.0,3.7,3.9,3.8,4.2,4.2,3.4
SYN-06131,3.7,3.2,3.6,3.7,3.1,3.8,2.7,3.0,3.2,3.0,2.8,3.6,3.1
SYN-06132,3.7,3.8,4.0,4.1,3.4,4.1,3.7,3.7,3.5,3.7,4.1,3.8,4.0
SYN-06133,3.9,4.0,4.2,4.3,4.3,4.7,4.0,4.3,4.3,4.1,4.2,4.0,4.3
SYN-06134,3.0,3.9,3.3,3.2,2.9,3.3,3.3,3.5,3.3,4.3,3.0,3.6,3.5
SYN-06135,3.0,3.3,4.1,3.3,4.0,3.4,3.5,3.3,3.1,3.1,3.3,3.7,3.6
SYN-06136,3.4,4.1,3.3,3.6,3.1,3.6,3.7,3.4,3.5,3.4,3.8,3.8,3.6
SYN-06137,3.5,3.4,3.1,3.4,3.5,3.2,3.4,2.9,2.9,3.3,3.2,3.6,3.2
SYN-06138,3.7,3.3,3.4,3.2,3.3,3.1,3.0,3.6,3.6,3.6,3.6,3.4,3.2
SYN-06139,2.9,2.6,3.2,3.1,3.2,3.3,3.5,3.0,3.2,2.9,2.6,3.0,3.5
SYN-06140,3.7,3.5,3.9,4.0,3.9,4.1,3.5,4.2,3.1,3.1,3.3,3.9,3.3
SYN-06141,3.3,3.3,3.7,3.8,3.7,3.0,3.5,3.3,3.4,3.4,3.3,3.2,3.3
SYN-06142,3.6,4.1,3.8,4.1,4.2,4.2,3.5,3.9,3.5,4.4,4.0,3.7,3.7
SYN-06143,4.3,4.0,3.7,4.2,4.4,4.0,4.3,3.9,4.1,4.1,4.0,3.8,3.8
SYN-06144,2.7,2.8,2.9,3.0,3.0,2.9,2.9,2.7,3.0,2.5,2.6,2.6,2.8
SYN-06145,3.1,3.1,3.1,3.3,3.1,2.7,3.0,2.8,2.9,3.2,3.0,3.2,3.0
SYN-06146,3.4,3.8,4.1,4.0,3.6,3.7,3.9,3.7,3.8,4.0,4.4,4.0,4.1
SYN-06147,3.1,3.0,3.1,3.3,3.4,3.5,3.6,3.7,2.7,3.1,3.9,3.5,3.3
SYN-06148,2.9,3.2,3.8,3.4,3.7,3.4,4.2,3.5,3.1,3.7,3.6,3.4,3.6
SYN-06149,3.9,3.5,3.3,3.6,3.4,3.6,3.9,3.2,3.0,4.2,3.6,3.2,3.2
SYN-06150,2.8,3.1,2.3,3.2,2.8,3.4,3.1,3.2,2.9,3.1,3.4,2.7,3.1
SYN-06151,3.9,4.2,3.6,3.5,4.1,3.7,3.5,3.6,3.4,3.8,2.9,3.9,3.3
SYN-06152,4.0,3.4,3.4,3.6,3.8,3.6,3.2,3.7,3.6,3.6,3.8,3.4,3.3
SYN-06153,3.1,2.4,3.0,2.6,3.4,2.5,2.5,3.6,3.3,2.7,2.6,2.7,3.1
SYN-06154,3.5,3.3,3.9,3.2,2.8,4.2,3.7,3.3,3.5,3.4,2.9,3.4,3.5
SYN-06155,3.6,2.7,3.5,3.6,3.4,3.1,3.8,3.4,3.4,3.4,3.0,4.0,3.8
SYN-06156,3.7,3.3,4.1,4.1,3.9,3.8,3.4,4.1,3.4,4.0,4.1,3.8,3.8
SYN-06157,3.4,3.9,4.0,3.7,4.5,3.9,4.0,4.7,4.5,4.7,4.5,4.4,3.9
SYN-06158,3.1,3.7,3.3,2.8,3.6,3.6,3.1,3.9,3.2,4.2,3.9,3.8,3.3
SYN-06159,2.6,2.7,2.5,2.6,3.1,2.4,2.7,2.4,2.1,2.9,2.7,2.9,2.3
SYN-06160,3.7,4.0,4.1,4.3,3.9,4.1,4.4,3.8,4.0,3.9,4.0,4.3,3.7
SYN-06161,4.5,5.0,5.0,4.3,4.6,4.8,4.7,4.8,4.7,4.5,3.9,4.7,4.6
SYN-06162,3.4,3.7,4.2,3.8,4.0,3.6,4.1,4.6,4.1,4.0,4.0,3.7,4.2
SYN-06163,3.3,3.9,3.9,3.2,3.6,3.2,3.7,3.1,3.4,3.5,3.6,3.0,3.5
SYN-06164,3.8,3.4,4.1,4.2,3.7,3.7,3.6,4.5,4.0,3.5,3.2,3.6,3.6
SYN-06165,4.0,4.0,4.3,3.1,4.1,4.2,3.4,3.7,3.8,4.1,3.8,3.9,3.7
SYN-06166,3.6,3.4,3.3,3.6,3.8,3.6,3.5,3.9,3.4,3.5,3.9,3.4,3.4
SYN-06167,4.4,3.9,4.6,3.6,4.2,4.0,4.3,4.7,3.9,3.8,4.6,4.2,4.2
SYN-06168,2.8,2.8,2.6,2.8,2.6,3.2,2.7,3.3,3.1,2.6,2.6,2.8,2.7
SYN-06169,3.1,3.5,3.4,3.6,3.0,2.7,3.1,3.6,3.1,3.8,3.1,3.5,3.3
SYN-06170,3.2,3.6,3.9,3.7,3.6,3.7,3.8,2.9,3.6,3.5,4.0,4.0,3.8
SYN-06171,3.9,3.3,3.6,3.8,3.9,3.9,3.3,4.2,3.6,3.2,4.1,3.6,4.1
SYN-06172,2.7,3.1,2.9,3.3,2.9,3.3,3.1,3.0,3.5,3.8,3.1,3.0,3.2
SYN-06173,3.3,2.7,2.9,2.8,2.9,3.7,2.6,3.4,3.1,3.3,2.9,3.1,3.6
SYN-06174,3.0,3.6,2.3,3.3,3.1,2.7,3.4,2.9,3.2,2.8,3.0,3.3,3.8
SYN-06175,2.8,3.5,3.5,3.3,3.3,2.9,2.8,2.9,3.2,3.0,2.9,2.9,3.0
SYN-06176,4.0,3.5,4.0,3.9,3.6,3.9,4.1,3.7,3.6,3.5,3.5,4.0,3.8
SYN-06177,3.0,3.9,3.4,3.6,3.7,3.2,3.1,3.2,3.4,3.6,4.0,3.7,2.9
SYN-06178,4.2,3.5,4.5,4.2,4.2,4.1,4.2,4.0,4.2,3.9,4.3,4.3,4.4
SYN-06179,2.9,3.2,3.4,2.4,2.5,2.8,2.8,3.0,3.0,3.0,2.4,3.0,3.5
SYN-06180,3.6,3.4,3.6,3.2,3.5,3.4,3.1,3.5,3.4,3.7,3.5,3.5,3.5
SYN-06181,3.9,4.2,4.1,3.6,3.9,3.5,4.4,3.7,3.7,4.5,3.7,3.6,4.1
SYN-06182,3.7,3.4,3.8,3.9,3.9,3.8,4.0,3.9,3.6,4.2,3.9,4.1,3.6
SYN-06183,3.2,3.0,3.2,2.8,2.7,3.3,3.0,3.2,2.5,2.7,2.7,3.3,3.3
SYN-06184,4.2,4.3,4.2,3.8,4.2,3.9,4.0,4.1,4.6,4.2,4.0,4.3,3.9
SYN-06185,4.3,3.7,2.8,3.3,4.1,3.6,3.4,3.7,3.1,3.3,3.1,3.4,4.0
SYN-06186,4.7,4.7,4.4,4.8,4.3,4.5,4.8,4.5,4.8,4.5,5.0,4.7,4.3
SYN-06187,3.3,3.4,3.7,4.0,3.0,3.3,3.8,3.4,3.4,3.6,3.0,3.6,3.5
SYN-06188,4.2,4.5,4.1,4.1,4.2,3.5,4.5,4.3,4.3,4.2,4.5,4.2,4.1
SYN-06189,2.8,2.9,3.2,3.3,3.1,3.2,3.0,3.6,3.2,3.7,3.2,3.4,3.4
SYN-06190,3.4,3.0,3.3,2.7,3.9,2.4,3.6,3.4,2.8,3.4,3.0,3.5,3.4
SYN-06191,3.8,3.7,4.2,3.5,3.6,3.7,3.7,3.4,3.2,3.9,3.9,4.3,4.1
SYN-06192,2.6,2.4,2.9,2.3,2.8,2.1,3.2,2.2,2.3,2.0,2.4,2.7,2.4
SYN-06193,2.1,2.0,2.5,2.6,2.4,2.6,2.0,2.2,2.3,2.8,2.8,2.6,2.6
SYN-06194,2.9,3.2,2.6,3.4,3.1,3.7,3.2,2.9,3.0,2.9,3.0,3.1,2.8
SYN-06195,2.8,2.2,2.8,2.6,2.4,3.0,2.3,3.0,2.9,2.5,2.7,2.9,2.9
SYN-06196,2.5,2.5,2.6,2.6,2.3,2.2,2.2,2.2,2.7,2.0,2.6,2.1,2.6
SYN-06197,4.1,3.9,4.0,3.6,4.1,4.2,4.3,3.8,4.6,3.8,3.8,3.9,3.9
SYN-06198,2.6,2.7,2.7,3.1,3.5,2.9,3.0,2.8,3.3,3.1,3.3,2.8,3.1
SYN-06199,3.2,3.3,3.6,3.1,3.2,3.1,4.0,3.0,3.5,2.9,3.4,3.0,3.4
SYN-06200,3.7,3.6,3.8,3.7,3.4,3.7,3.6,3.9,3.1,3.6,3.6,3.5,3.9
SYN-06201,3.6,4.0,3.6,4.2,3.9,3.3,4.1,3.9,3.8,3.6,3.5,3.9,3.3
SYN-06202,3.5,3.9,3.2,3.2,3.8,3.6,4.2,3.6,3.2,4.0,3.3,3.4,3.6
SYN-06203,3.7,3.7,3.9,2.8,3.3,3.9,3.3,3.6,4.0,3.6,3.5,3.6,4.0
SYN-06204,3.3,4.3,3.7,3.7,3.5,3.4,3.1,4.1,3.1,3.7,3.6,3.8,3.2
SYN-06205,3.0,3.4,3.3,3.0,3.3,3.7,3.6,3.5,3.4,3.3,3.0,3.2,3.8
SYN-06206,3.4,3.0,2.5,3.3,3.4,2.9,2.9,2.5,3.5,3.0,3.2,2.8,2.7
SYN-06207,2.7,2.1,2.0,3.1,2.5,2.0,2.4,1.7,2.1,2.0,2.4,2.7,1.7
SYN-06208,4.4,4.1,3.6,3.6,3.6,3.6,3.6,3.3,3.8,4.1,3.7,3.9,4.2
SYN-06209,2.7,2.9,2.7,2.7,3.5,3.0,3.3,3.2,3.3,3.2,3.2,2.7,3.1
SYN-06210,4.6,4.3,4.0,4.7,5.0,4.1,4.5,3.9,4.8,4.9,4.6,4.8,4.6
SYN-06211,3.6,3.9,3.9,3.9,4.0,3.9,3.8,3.7,4.1,4.0,4.0,3.7,3.6
SYN-06212,4.2,3.8,3.9,3.6,4.2,3.7,3.6,3.7,4.2,4.0,3.8,4.5,4.2
SYN-06213,3.3,3.6,3.3,3.7,4.2,4.0,3.8,3.7,4.0,3.4,3.9,3.9,3.5
SYN-06214,3.5,4.4,4.0,3.3,3.6,3.8,4.5,4.1,4.1,3.9,3.5,4.3,4.0
SYN-06215,4.1,4.3,4.2,3.8,3.8,3.8,4.0,3.9,3.8,3.7,3.7,3.9,4.2
SYN-06216,3.5,3.8,3.9,4.3,3.7,3.6,4.3,4.0,3.7,4.1,3.3,3.8,3.9
SYN-06217,3.8,3.3,3.3,4.1,3.6,3.6,3.4,3.3,3.4,4.0,3.4,3.5,4.1
SYN-06218,3.8,2.7,2.5,2.9,2.9,3.3,3.2,3.1,3.4,2.5,3.0,3.1,3.5
SYN-06219,2.8,3.0,2.8,2.8,2.8,2.8,2.9,3.3,3.0,2.8,3.0,2.9,3.0
SYN-06220,3.6,3.9,3.9,3.3,3.6,3.7,3.6,3.4,3.0,4.0,3.1,4.3,3.7
SYN-06221,4.0,3.7,3.7,3.9,4.3,4.6,3.7,4.3,3.7,3.9,4.4,3.9,4.7
SYN-06222,3.7,3.6,3.3,3.2,3.3,3.5,3.5,3.2,3.2,3.0,4.1,3.2,2.9
SYN-06223,2.8,3.4,3.7,3.6,3.5,3.8,3.8,3.3,3.7,3.6,3.4,4.0,3.4
SYN-06224,2.6,2.6,3.1,3.1,3.2,3.0,2.7,3.1,2.9,2.7,2.6,2.7,2.6
SYN-06225,3.4,3.2,3.4,3.4,3.3,3.1,3.0,3.2,3.3,2.8,2.7,3.2,3.0
SYN-06226,3.1,3.2,2.5,2.3,3.0,2.9,2.9,3.1,2.7,2.8,3.1,3.0,3.4
SYN-06227,3.0,2.9,3.1,3.5,3.1,2.8,2.7,2.9,2.5,3.1,3.0,3.0,2.3
SYN-06228,4.0,3.2,3.2,2.9,3.4,3.6,3.5,3.8,3.9,4.0,3.5,3.5,3.5
SYN-06229,3.3,4.1,3.6,3.6,3.7,3.8,3.4,3.6,3.6,3.0,3.3,3.4,3.8
SYN-06230,5.0,3.8,3.8,4.1,3.4,3.4,3.9,3.8,4.3,3.8,3.5,3.6,4.3
SYN-06231,3.7,3.8,3.8,3.7,4.0,4.5,4.1,4.2,3.6,4.0,4.3,3.9,3.9
SYN-06232,3.2,3.5,3.4,2.6,3.1,2.8,2.9,2.6,2.9,2.8,3.0,3.2,3.1
SYN-06233,2.7,2.3,1.9,2.9,2.6,2.6,2.6,2.5,2.7,2.2,2.7,2.5,2.5
SYN-06234,2.8,3.1,2.9,3.2,2.8,2.7,3.1,3.6,3.1,2.9,3.5,3.1,2.9
SYN-06235,3.6,2.9,3.0,3.2,4.0,2.8,2.8,3.2,3.6,3.4,2.9,2.8,2.9
SYN-06236,3.8,3.9,3.7,3.7,3.7,4.0,3.9,4.0,3.9,3.2,3.8,3.6,4.3
SYN-06237,3.5,3.3,4.1,3.9,3.9,4.0,3.8,3.7,3.9,3.5,4.3,3.6,3.5
SYN-06238,3.6,3.2,3.8,2.9,3.0,3.4,3.5,3.3,3.4,4.0,3.3,3.0,3.4
SYN-06239,3.6,4.1,4.1,3.9,4.0,3.6,4.2,3.7,4.4,3.8,3.8,3.8,4.1
SYN-06240,5.0,5.0,5.0,4.7,4.8,4.6,4.8,4.7,4.5,5.0,5.0,4.8,5.0
SYN-06241,3.3,3.4,3.6,3.4,3.4,2.9,3.7,3.8,3.7,3.3,3.7,3.6,3.2
SYN-06242,3.3,3.3,2.7,3.4,3.0,3.1,3.4,3.3,3.1,3.4,3.1,3.1,3.7
SYN-06243,3.1,3.1,3.5,3.0,2.8,2.9,3.6,3.0,2.8,3.1,2.9,2.9,3.5
SYN-06244,3.7,3.3,3.5,3.1,3.4,4.0,3.5,4.5,2.9,3.5,3.7,3.7,3.8
SYN-06245,4.0,4.5,3.8,4.1,3.8,4.0,4.0,4.3,3.8,4.0,4.1,4.2,3.8
SYN-06246,3.3,3.6,3.6,3.1,3.4,3.2,3.5,3.4,2.9,3.2,3.0,3.2,2.9
SYN-06247,3.2,3.2,3.2,3.4,2.8,3.5,3.5,3.7,3.3,3.4,3.6,3.1,3.4
SYN-06248,3.0,3.4,3.3,2.9,3.4,3.1,3.2,3.5,3.5,3.3,3.2,3.4,3.1
SYN-06249,3.1,2.7,2.8,2.6,2.8,3.3,3.3,3.4,2.7,3.7,3.2,3.2,2.9
SYN-06250,3.1,3.4,3.4,3.5,3.4,3.6,3.7,3.6,3.5,3.5,4.0,3.5,3.8
SYN-06251,3.6,3.0,4.3,4.0,4.3,3.9,3.6,3.8,3.5,3.3,4.2,3.5,3.6
SYN-06252,3.6,3.4,3.8,3.4,4.5,2.9,3.3,3.8,3.0,3.5,3.4,3.4,3.8
SYN-06253,4.6,4.3,4.8,4.6,4.1,4.3,4.5,4.7,4.5,4.8,4.5,4.3,4.5
SYN-06254,3.9,3.7,3.4,3.8,3.4,4.2,4.1,3.6,3.9,3.7,4.2,3.2,3.8
SYN-06255,2.6,3.0,2.3,3.0,3.5,2.7,2.4,3.1,2.8,3.2,3.2,3.2,2.9
SYN-06256,4.4,4.1,3.6,3.7,4.2,4.0,3.6,3.7,3.8,4.1,3.8,4.2,4.0
SYN-06257,3.7,3.0,3.8,3.7,3.3,3.2,3.7,3.2,3.3,3.5,3.0,3.3,3.0
SYN-06258,2.9,3.9,3.1,3.5,3.9,3.1,2.9,3.8,3.0,3.2,3.1,3.4,2.8
SYN-06259,3.6,3.5,3.7,3.7,3.5,3.3,3.4,3.2,3.5,3.2,3.4,3.3,3.2
SYN-06260,3.7,3.6,3.4,2.8,3.1,3.3,3.5,3.5,3.4,3.4,3.3,3.2,3.8
SYN-06261,4.0,3.8,3.3,3.3,3.6,3.5,3.3,3.7,3.1,3.6,3.8,3.8,3.1
SYN-06262,4.1,4.6,4.5,4.3,4.0,4.4,4.6,4.6,4.3,4.4,4.6,4.4,4.8
SYN-06263,3.5,3.4,3.0,3.4,3.4,3.7,3.9,3.7,3.2,3.1,3.2,3.1,3.9
SYN-06264,3.8,3.7,3.8,4.0,3.7,3.5,3.8,3.8,3.2,4.3,3.4,4.0,3.5
SYN-06265,4.0,3.6,3.2,3.9,4.1,3.6,3.9,3.4,3.6,4.0,3.7,3.8,3.9
SYN-06266,3.7,3.6,3.3,3.2,3.3,2.8,3.3,2.9,3.1,3.4,3.1,3.6,3.2
SYN-06267,3.6,3.2,3.2,3.6,3.2,3.4,3.2,2.6,3.1,3.7,3.4,3.5,3.6
SYN-06268,4.3,4.5,4.0,4.5,4.2,4.2,3.4,4.2,4.3,4.1,4.4,4.4,4.0
SYN-06269,3.3,3.1,3.1,3.2,3.3,2.6,3.2,3.3,3.3,3.2,2.9,2.8,3.1
SYN-06270,2.5,3.0,2.8,3.1,2.8,2.4,2.7,3.1,3.2,2.9,3.1,3.0,2.9
SYN-06271,4.2,4.5,4.3,4.9,4.3,4.5,4.2,4.4,4.2,4.3,4.8,4.5,4.7
SYN-06272,2.8,3.1,3.1,3.1,3.1,3.0,2.7,2.4,2.6,3.0,3.2,3.0,2.7
SYN-06273,3.9,4.0,4.2,4.0,3.8,3.7,3.8,3.8,4.0,3.7,3.8,4.2,4.2
SYN-06274,3.9,3.5,3.0,2.9,3.4,3.4,3.3,3.0,3.1,3.7,3.7,3.5,3.6
SYN-06275,2.5,2.9,2.6,3.2,3.0,2.4,2.5,2.8,2.6,3.2,2.3,2.8,2.4
SYN-06276,3.2,2.9,3.3,3.0,3.1,3.6,3.2,2.5,3.2,3.7,3.4,3.6,3.1
SYN-06277,3.6,3.2,3.5,3.7,3.1,2.8,3.2,3.5,3.9,3.4,3.6,3.2,3.2
SYN-06278,2.7,3.1,2.6,2.7,2.4,2.4,2.9,2.2,2.4,2.5,2.6,2.6,2.8
SYN-06279,4.6,3.4,3.8,3.5,4.0,4.3,3.7,4.0,3.4,4.1,4.3,3.7,3.9
SYN-06280,3.3,3.5,3.8,4.4,3.1,3.7,4.1,4.2,3.6,4.1,3.9,4.2,3.6
SYN-06281,3.3,3.1,3.2,3.2,3.1,3.8,3.3,3.2,3.2,2.8,3.5,3.0,3.1
SYN-06282,4.1,3.6,3.9,3.6,3.6,3.6,3.7,3.3,4.0,4.6,3.9,3.5,4.0
SYN-06283,3.1,3.4,3.5,3.9,3.8,3.2,3.9,3.4,3.8,3.4,3.6,3.4,3.6
SYN-06284,3.9,4.0,4.0,3.9,4.1,4.2,4.6,3.9,3.9,4.2,3.7,4.3,4.2
SYN-06285,3.1,3.6,2.9,2.7,3.2,2.9,2.9,3.4,3.1,2.6,2.6,2.5,2.6
SYN-06286,3.7,3.2,2.8,3.5,3.4,3.2,3.1,3.3,3.4,3.5,2.8,3.0,3.2
SYN-06287,3.7,4.2,4.3,3.9,4.2,4.1,4.1,3.2,4.0,3.9,4.0,3.9,3.7
SYN-06288,3.7,3.7,4.1,3.8,3.6,3.4,4.6,4.1,3.8,3.4,3.3,4.3,4.3
SYN-06289,2.3,2.0,2.1,2.0,2.9,2.2,2.5,2.5,1.8,2.3,2.1,2.6,2.4
SYN-06290,2.6,2.6,2.4,2.3,2.4,2.7,2.9,2.8,2.1,2.7,2.8,3.1,2.2
SYN-06291,3.8,4.0,3.2,3.7,3.0,3.5,3.2,3.7,3.5,3.4,3.7,3.2,3.5
SYN-06292,4.6,4.3,4.4,4.3,4.8,4.8,4.4,4.4,4.1,5.0,4.6,4.7,4.8
SYN-06293,3.2,3.2,3.7,3.1,3.2,3.4,2.9,3.5,3.4,3.1,3.6,2.9,3.2
SYN-06294,4.3,3.8,3.4,3.9,3.8,4.0,4.2,3.8,3.1,4.0,3.6,4.0,4.1
SYN-06295,3.9,3.8,3.5,3.5,3.7,3.8,3.2,3.8,3.0,2.9,3.0,3.7,3.7
SYN-06296,3.9,3.6,4.0,3.6,3.7,3.6,4.0,3.6,3.9,3.8,4.3,3.8,4.2
SYN-06297,4.3,3.8,3.9,4.0,4.3,4.3,4.3,3.9,4.1,4.0,4.2,3.6,4.1
SYN-06298,3.5,3.7,4.5,4.5,3.8,4.2,4.2,4.4,4.1,3.7,3.8,4.1,3.5
SYN-06299,3.5,4.3,4.8,3.8,4.0,4.0,4.1,3.7,4.0,4.2,3.8,4.0,4.3
SYN-06300,3.2,2.7,2.5,2.8,3.5,3.1,3.3,3.6,2.8,4.0,3.1,3.3,3.0
SYN-06301,3.1,3.4,3.2,3.4,2.8,3.0,3.3,3.1,4.3,3.5,3.5,3.1,3.2
SYN-06302,3.6,4.1,3.4,3.7,3.9,3.1,3.3,3.4,3.7,3.6,4.1,3.1,3.7
SYN-06303,4.1,3.3,3.7,4.0,4.2,3.4,3.9,3.8,3.5,3.4,3.4,4.9,4.1
SYN-06304,3.8,3.6,4.0,3.5,3.9,4.1,3.8,3.6,3.7,4.1,3.8,4.3,3.3
SYN-06305,2.1,2.6,2.7,2.5,2.9,2.2,2.5,2.9,3.1,2.5,3.3,2.6,3.0
SYN-06306,4.1,4.1,4.5,4.4,4.2,3.8,4.9,4.1,4.2,3.6,4.0,4.4,4.1
SYN-06307,3.4,2.7,2.4,3.1,3.3,3.0,2.6,2.5,2.1,2.7,2.7,2.2,2.6
SYN-06308,3.4,3.0,3.2,2.5,3.6,2.9,3.0,3.2,3.0,3.4,3.0,2.9,3.4
SYN-06309,2.8,3.2,3.7,3.9,3.9,2.8,3.5,3.9,3.3,3.5,3.7,3.6,3.8
SYN-06310,3.4,3.7,3.7,3.7,3.7,3.8,3.3,3.4,3.5,4.1,3.6,4.0,3.9
SYN-06311,4.7,4.7,4.0,4.0,4.0,4.6,4.2,4.1,4.2,4.4,4.1,4.1,4.2
SYN-06312,3.1,2.4,2.9,2.7,3.0,2.8,2.6,3.5,3.3,2.9,3.0,2.6,2.9
SYN-06313,4.1,3.7,3.0,3.4,3.3,3.5,3.8,3.0,3.2,3.0,3.4,3.3,3.9
SYN-06314,2.2,2.7,1.6,3.0,2.4,2.5,2.4,2.6,2.2,2.5,2.8,2.3,2.3
SYN-06315,3.5,3.9,3.5,3.4,3.6,3.9,3.2,3.8,3.7,3.7,3.6,3.6,3.8
SYN-06316,2.9,3.1,2.9,3.9,3.8,2.7,3.5,3.3,3.6,3.5,3.3,3.4,3.7
SYN-06317,2.6,2.7,3.0,3.1,2.9,2.7,2.3,2.3,2.8,2.9,2.7,2.5,2.5
SYN-06318,4.3,4.6,4.0,4.2,4.0,4.4,4.2,4.5,4.3,4.3,4.0,4.0,4.4
SYN-06319,4.2,4.7,3.8,4.4,4.1,3.8,3.3,3.9,3.9,3.9,4.4,4.0,4.2
SYN-06320,3.1,3.7,3.1,3.7,3.8,3.1,4.1,3.4,3.6,3.8,3.3,3.3,3.4
SYN-06321,4.3,4.3,4.5,4.5,4.5,4.4,4.4,4.0,4.0,3.7,4.5,4.1,4.2
SYN-06322,2.6,3.3,3.7,3.5,3.3,3.4,4.0,3.4,3.5,3.4,3.5,3.8,4.2
SYN-06323,4.3,4.0,4.3,3.4,3.9,3.7,3.7,4.2,4.3,3.5,3.8,3.7,4.1
SYN-06324,4.3,4.7,4.3,4.3,3.7,3.8,4.0,4.7,4.0,4.4,3.8,4.0,4.0
SYN-06325,2.8,3.1,2.5,2.4,2.8,3.1,2.7,3.6,2.9,2.9,2.6,3.1,3.2
SYN-06326,3.8,3.8,3.8,3.5,4.2,3.6,4.3,3.4,4.0,3.8,3.8,3.6,3.9
SYN-06327,3.8,4.1,3.8,3.5,3.5,3.7,4.0,3.7,3.9,3.7,3.0,3.7,3.5
SYN-06328,3.3,3.4,3.5,2.9,2.8,2.8,2.9,3.0,2.7,2.9,2.3,3.6,2.9
SYN-06329,2.7,3.0,3.0,2.2,2.6,3.2,3.1,2.4,3.2,3.0,2.6,2.8,2.3
SYN-06330,4.0,4.2,3.7,3.8,3.9,3.7,3.2,4.1,4.1,4.0,4.2,3.7,3.9
SYN-06331,3.1,3.1,3.0,3.4,3.4,3.7,2.8,3.4,3.9,3.4,3.6,4.0,3.8
SYN-06332,2.3,2.6,2.8,2.7,3.1,2.7,2.7,3.0,2.3,2.8,2.5,2.9,2.6
SYN-06333,4.0,3.7,3.2,3.9,3.4,4.3,4.0,4.0,3.7,3.8,3.1,3.9,3.5
SYN-06334,4.1,3.7,4.2,4.1,3.6,4.4,4.0,3.7,4.3,3.8,4.0,4.5,4.1
SYN-06335,3.0,2.8,2.7,2.8,2.1,3.1,3.0,2.4,3.0,2.0,3.5,2.7,2.7
SYN-06336,3.7,3.6,3.0,3.5,3.6,3.2,3.7,3.1,3.7,3.1,3.4,3.0,3.7
SYN-06337,4.7,4.8,4.2,4.1,4.6,4.4,4.1,4.1,4.3,4.7,4.0,4.7,4.3
SYN-06338,3.4,2.9,3.3,2.7,3.1,3.2,2.4,3.5,2.6,3.3,2.9,3.2,3.1
SYN-06339,4.3,4.2,4.4,4.3,4.5,4.5,4.2,4.1,4.3,4.4,4.2,4.6,4.4
SYN-06340,3.6,3.4,3.5,3.2,3.7,3.4,3.7,3.6,3.3,3.1,3.4,3.2,3.1
SYN-06341,3.1,4.0,3.1,2.9,3.6,3.2,3.4,3.1,3.6,3.5,3.7,3.6,3.4
SYN-06342,2.2,2.5,2.5,2.4,3.1,3.2,2.6,3.0,2.8,2.6,2.8,2.1,2.3
SYN-06343,2.9,3.0,3.0,2.4,3.0,3.0,2.9,2.7,2.6,3.0,3.0,2.7,2.9
SYN-06344,3.3,3.1,2.9,3.2,3.4,2.9,3.5,2.9,3.7,3.4,3.0,2.7,3.0
SYN-06345,3.9,3.9,3.8,4.0,4.0,3.8,4.3,4.3,4.0,4.3,4.2,3.8,4.1
SYN-06346,4.5,4.5,5.0,4.9,4.9,4.8,4.3,4.3,4.9,5.0,4.6,5.0,4.6
SYN-06347,5.0,4.4,4.7,5.0,4.8,5.0,5.0,5.0,4.8,4.6,4.9,4.8,4.7
SYN-06348,3.2,3.0,3.8,3.0,3.4,3.5,3.5,3.4,3.0,3.2,3.4,3.4,3.1
SYN-06349,3.5,3.0,3.8,2.7,3.5,3.3,3.3,3.5,3.1,3.2,3.0,3.7,3.1
SYN-06350,2.8,3.4,2.4,3.5,2.9,3.3,3.1,2.4,3.2,2.6,2.9,3.5,2.8
SYN-06351,4.4,3.8,4.6,4.1,4.2,4.1,4.1,3.7,4.0,3.9,3.7,4.1,4.5
SYN-06352,2.8,3.6,3.1,3.0,3.0,3.8,3.2,3.2,3.3,2.7,3.4,2.9,2.8
SYN-06353,3.2,3.3,3.4,3.3,3.2,3.2,3.4,2.8,3.4,3.8,3.5,3.6,3.8
SYN-06354,4.0,3.6,3.6,3.8,3.4,4.5,3.8,4.2,3.7,3.8,3.8,4.2,4.5
SYN-06355,3.3,3.7,3.9,3.2,3.6,3.9,3.6,3.8,3.9,3.6,3.5,3.5,3.1
SYN-06356,3.3,3.1,3.5,3.4,3.2,3.3,2.6,3.3,3.1,2.9,3.0,3.4,3.0
SYN-06357,3.4,3.6,3.4,3.5,3.4,3.8,3.5,3.0,3.7,3.3,3.3,3.4,4.1
SYN-06358,3.3,3.8,3.2,3.4,3.7,3.4,3.3,2.8,2.9,3.3,3.5,3.1,3.4
SYN-06359,2.8,2.9,3.2,3.1,2.9,2.9,2.6,3.0,2.6,2.9,3.0,3.5,2.7
SYN-06360,3.1,3.0,2.6,3.0,2.5,3.0,2.9,3.2,2.7,2.3,2.8,3.1,3.0
SYN-06361,2.5,3.1,2.6,2.9,2.7,2.9,2.9,3.1,2.5,2.9,2.3,2.9,2.2
SYN-06362,4.3,3.8,3.8,3.2,4.0,4.1,3.6,3.6,3.6,4.2,3.7,3.7,4.0
SYN-06363,2.6,3.3,3.3,3.4,3.6,3.7,3.3,3.3,3.4,3.6,3.7,2.9,3.5
SYN-06364,2.8,3.5,2.5,2.5,2.7,3.1,3.1,2.7,3.2,2.7,3.1,2.5,2.6
SYN-06365,2.7,2.8,2.6,2.6,3.0,3.1,2.6,2.4,2.9,3.0,2.5,3.3,2.6
SYN-06366,2.7,2.7,2.6,3.4,2.5,3.3,2.7,2.7,2.6,3.0,3.4,2.6,2.7
SYN-06367,3.6,2.8,2.9,3.6,3.3,2.9,3.3,2.7,3.5,2.6,2.9,3.3,2.8
SYN-06368,4.1,4.3,3.9,4.1,4.4,4.3,4.6,3.9,3.8,4.5,4.2,4.0,3.9
SYN-06369,3.4,3.0,3.4,3.5,3.2,2.7,3.3,3.5,3.5,3.2,2.6,3.0,3.0
SYN-06370,4.1,3.9,4.1,3.6,3.9,3.1,3.7,3.4,4.3,3.9,3.9,3.4,3.8
SYN-06371,4.6,4.1,4.2,4.7,4.0,4.2,4.1,4.5,4.6,4.8,4.5,4.7,4.5
SYN-06372,3.2,3.6,3.6,3.9,3.6,3.5,3.3,3.5,3.6,3.8,3.3,4.3,3.3
SYN-06373,2.7,3.2,2.7,3.1,2.9,3.3,3.1,3.4,3.2,3.1,3.1,2.8,2.9
SYN-06374,3.5,3.6,3.4,3.4,3.3,3.6,3.5,3.6,3.3,3.4,3.9,4.1,3.4
SYN-06375,3.9,3.9,3.7,2.9,3.1,3.3,3.3,3.2,3.6,3.7,4.0,3.3,3.3
SYN-06376,4.5,4.1,5.0,4.3,4.4,4.5,4.4,4.4,5.0,4.5,4.6,4.3,4.6
SYN-06377,2.6,2.6,2.7,2.8,2.8,2.5,2.5,2.2,2.5,2.6,2.8,1.8,2.6
SYN-06378,3.9,4.3,4.5,4.1,4.5,4.4,4.2,3.6,4.2,3.9,3.3,3.8,4.5
SYN-06379,2.6,2.9,3.0,2.6,2.4,2.2,2.5,2.3,2.2,2.3,2.5,2.5,2.5
SYN-06380,4.1,3.9,4.2,4.2,4.2,3.9,3.6,3.9,3.7,4.2,3.5,4.0,4.0
SYN-06381,3.5,3.4,3.3,2.9,3.8,3.3,3.2,3.3,3.6,3.2,3.6,3.3,3.5
SYN-06382,4.6,4.7,4.8,4.6,5.0,4.5,4.9,4.3,4.6,4.3,4.3,4.9,5.0
SYN-06383,3.8,3.6,3.9,3.6,4.3,4.1,4.0,3.8,3.7,4.2,3.8,3.6,4.3
SYN-06384,4.6,3.9,3.9,4.4,3.7,4.2,3.6,4.0,3.5,3.7,3.3,4.0,3.9
SYN-06385,2.7,3.6,3.0,2.9,2.7,3.2,2.7,3.2,2.7,3.1,2.9,3.2,2.6
SYN-06386,4.6,4.2,4.3,4.7,4.5,4.6,4.7,4.5,4.5,4.2,5.0,4.7,4.5
SYN-06387,4.9,5.0,5.0,5.0,4.8,5.0,5.0,4.5,5.0,5.0,4.6,5.0,5.0
SYN-06388,4.2,4.6,4.3,4.9,4.3,4.3,4.6,5.0,5.0,4.3,4.2,4.4,4.2
SYN-06389,3.2,3.1,3.2,3.0,3.0,2.6,3.0,3.3,2.8,3.1,3.0,2.8,3.1
SYN-06390,3.9,3.8,3.1,3.4,3.6,3.4,3.0,3.2,3.6,4.0,3.2,3.1,3.7
SYN-06391,2.9,2.7,2.8,2.8,3.1,2.9,2.4,2.8,3.4,3.2,3.2,2.6,3.0
SYN-06392,3.4,3.2,3.5,2.9,3.2,3.0,3.6,3.1,3.1,2.8,3.4,3.3,3.2
SYN-06393,3.8,4.0,3.7,3.8,3.8,3.1,3.8,3.2,3.7,3.8,3.1,3.7,3.5
SYN-06394,3.8,4.1,4.5,4.1,3.9,3.5,4.3,3.9,3.4,3.6,3.5,3.6,4.2
SYN-06395,3.9,4.0,3.0,4.0,4.0,3.3,3.4,4.1,3.6,4.1,3.8,3.6,3.8
SYN-06396,2.0,2.7,2.2,2.0,2.1,2.3,2.7,2.3,2.8,2.8,2.8,3.1,2.7
SYN-06397,3.7,3.3,2.8,3.6,3.1,3.1,3.1,3.7,3.8,3.5,3.1,3.4,3.9
SYN-06398,3.7,3.6,4.2,4.5,3.7,3.3,3.8,3.7,4.2,3.4,3.5,3.7,4.0
SYN-06399,3.7,4.3,3.9,3.6,3.8,3.6,3.6,4.6,4.1,4.3,3.9,4.2,3.8
SYN-06400,4.2,3.7,3.5,3.4,3.4,3.4,4.3,3.7,3.6,4.7,4.2,3.4,4.1
SYN-06401,3.7,3.7,3.6,3.7,3.6,3.7,3.6,3.9,3.9,3.8,4.2,4.1,4.2
SYN-06402,3.1,3.0,3.5,3.5,3.1,3.5,2.9,3.3,3.0,3.5,3.6,2.7,2.4
SYN-06403,4.1,3.3,3.5,3.3,4.0,3.9,3.5,3.9,3.7,3.7,3.8,3.6,3.5
SYN-06404,5.0,5.0,4.9,5.0,4.7,4.5,4.7,5.0,4.9,4.6,4.5,4.6,4.9
SYN-06405,4.6,3.8,4.4,3.7,4.4,4.0,4.1,4.4,4.2,4.2,4.2,4.7,3.8
SYN-06406,3.7,3.7,3.4,3.9,3.6,3.9,3.7,3.6,4.2,3.2,3.9,4.1,3.3
SYN-06407,3.9,4.0,3.6,4.1,4.3,4.1,4.5,3.6,3.8,3.4,3.8,4.1,4.0
SYN-06408,3.4,3.5,2.9,3.6,4.0,3.1,3.5,4.0,3.2,3.5,3.9,4.3,3.6
SYN-06409,3.6,3.2,3.6,3.4,3.6,3.7,3.5,3.9,3.7,3.3,3.2,4.0,3.9
SYN-06410,4.1,3.6,3.9,4.2,3.7,4.6,3.7,3.7,4.1,4.4,3.3,3.8,3.2
SYN-06411,3.6,2.9,3.7,2.7,2.9,3.1,3.3,3.2,3.0,2.4,3.1,3.1,3.0
SYN-06412,3.8,3.3,3.9,3.6,3.6,3.7,3.5,3.3,3.6,3.7,3.6,3.0,3.7
SYN-06413,3.0,3.0,2.7,2.5,2.7,3.0,2.3,2.8,2.1,2.3,3.1,2.8,2.4
SYN-06414,4.1,3.7,4.1,4.1,4.1,4.2,3.9,3.9,4.3,3.7,4.1,3.7,3.9
SYN-06415,4.6,3.7,3.7,4.5,4.2,3.9,4.0,4.0,4.0,4.5,3.8,4.0,3.8
SYN-06416,3.8,3.6,3.9,3.8,4.0,4.2,3.5,3.9,3.4,3.8,4.0,3.7,3.9
SYN-06417,3.5,3.5,3.0,3.7,3.3,2.9,3.1,3.0,3.2,3.1,2.9,2.9,3.4
SYN-06418,3.9,3.5,3.3,3.2,3.1,3.4,3.4,3.6,3.4,3.9,3.1,3.1,3.6
SYN-06419,3.4,3.4,3.3,3.2,2.9,3.4,3.2,3.7,3.6,3.4,3.4,3.9,3.3
SYN-06420,4.4,4.5,4.2,4.0,4.0,4.3,4.0,4.8,3.9,4.3,4.4,3.6,4.2
SYN-06421,4.0,4.0,4.4,4.0,4.5,3.7,3.7,4.0,3.9,3.8,3.4,4.4,4.2
SYN-06422,2.9,2.5,2.9,3.4,2.9,2.7,2.7,3.1,2.4,2.7,2.7,2.8,2.5
SYN-06423,2.4,3.0,3.7,3.1,2.7,2.9,2.9,3.5,3.0,3.3,3.1,3.0,2.7
SYN-06424,4.0,3.6,4.1,3.7,3.7,3.5,3.6,3.6,3.8,4.2,3.3,3.8,4.3
SYN-06425,2.4,2.6,3.0,2.4,3.2,3.1,2.8,1.9,2.6,3.1,2.7,2.8,3.4
SYN-06426,4.1,4.1,3.9,4.5,4.3,3.9,3.8,3.8,3.9,3.8,4.0,4.3,3.8
SYN-06427,3.1,3.2,3.4,3.0,2.9,3.3,3.4,3.3,3.3,3.6,3.7,3.3,3.4
SYN-06428,4.4,3.8,3.8,3.5,4.1,3.5,3.7,3.6,3.5,4.3,3.9,3.4,4.0
SYN-06429,3.8,3.7,3.9,3.7,3.8,3.5,4.0,3.8,3.6,3.3,3.8,3.9,4.2
SYN-06430,3.4,3.6,3.6,2.9,3.7,3.6,3.3,3.2,3.1,3.6,3.2,3.6,3.4
SYN-06431,3.0,3.3,3.1,3.0,2.7,3.1,2.9,2.5,2.9,3.3,2.6,3.0,2.9
SYN-06432,3.2,3.1,3.3,2.9,3.4,3.1,3.3,3.3,3.3,3.1,2.8,3.0,3.1
SYN-06433,2.9,3.3,3.8,3.1,3.7,3.3,3.3,3.4,3.5,3.3,3.3,3.9,3.5
SYN-06434,3.0,2.8,3.9,3.7,3.5,3.5,3.4,3.4,3.5,3.7,3.7,3.5,3.5
SYN-06435,4.2,4.1,3.9,3.1,4.1,4.2,3.8,3.6,4.2,4.2,3.6,4.0,3.8
SYN-06436,3.2,3.6,3.3,3.0,3.0,3.7,3.5,3.0,3.1,3.0,3.2,3.4,3.3
SYN-06437,3.7,3.3,3.5,3.7,3.9,2.8,3.6,3.8,2.9,3.9,4.1,3.5,3.6
SYN-06438,4.0,4.9,4.4,3.6,4.6,4.1,4.2,4.4,4.3,4.4,4.5,4.7,3.9
SYN-06439,4.1,4.0,3.9,3.6,4.1,3.7,3.4,3.9,4.1,3.7,3.4,3.9,4.3
SYN-06440,3.3,3.1,3.1,3.3,3.6,3.4,3.6,3.6,3.9,3.5,3.7,3.6,3.6
SYN-06441,2.7,2.4,2.7,2.5,2.4,2.8,2.8,2.5,2.9,2.6,3.0,3.4,2.8
SYN-06442,2.7,2.5,2.8,2.5,2.7,2.5,3.0,2.6,2.7,2.2,2.6,2.6,2.5
SYN-06443,3.8,3.1,3.5,3.3,4.1,3.8,3.1,4.1,4.0,3.8,4.0,3.8,3.7
SYN-06444,3.9,3.9,3.7,4.1,3.7,3.8,4.2,4.2,4.2,3.4,3.9,3.6,3.6
SYN-06445,2.2,2.3,2.3,1.6,2.5,2.4,2.8,2.4,1.9,2.0,1.9,2.3,2.9
SYN-06446,4.0,3.9,3.6,4.0,3.8,4.0,4.0,3.7,4.0,4.4,4.3,4.2,4.6
SYN-06447,3.8,3.6,2.9,2.8,2.8,3.4,3.4,3.3,2.9,3.5,3.1,3.1,3.4
SYN-06448,3.2,3.2,2.9,2.8,3.6,3.4,3.0,3.4,3.3,2.9,3.2,3.4,2.8
SYN-06449,4.3,4.1,4.5,4.4,4.5,3.8,4.2,4.0,4.5,4.4,4.5,3.9,3.6
SYN-06450,3.6,4.0,3.5,4.0,3.8,3.2,4.0,4.1,4.3,3.7,3.6,3.8,3.5
SYN-06451,3.6,3.5,3.1,3.3,3.9,3.4,3.2,3.3,3.5,4.0,3.1,3.9,3.4
SYN-06452,4.3,3.5,4.3,4.4,4.4,3.9,3.9,3.7,3.6,4.1,3.9,4.0,4.0
SYN-06453,2.9,2.9,3.5,3.4,3.3,3.4,3.7,3.6,3.4,3.4,3.7,3.2,3.4
SYN-06454,3.1,2.9,3.0,2.8,3.4,2.9,3.1,3.4,3.5,3.1,3.0,3.3,3.2
SYN-06455,3.8,4.7,4.3,4.4,4.3,4.3,4.1,4.4,4.4,4.4,3.8,3.8,4.2
SYN-06456,4.1,4.6,4.0,4.5,3.7,3.8,4.2,4.3,4.4,4.5,4.3,4.2,4.0
SYN-06457,2.6,3.4,2.9,3.2,3.4,4.0,3.1,2.8,3.2,2.6,3.1,3.2,3.2
SYN-06458,3.6,3.4,3.0,3.6,3.6,3.0,2.7,2.5,3.4,3.5,3.1,3.2,3.4
SYN-06459,4.1,4.1,4.6,3.9,4.0,3.8,4.3,4.4,4.1,4.1,4.4,3.9,4.1
SYN-06460,2.6,3.2,3.1,3.5,3.1,3.0,3.6,3.1,3.3,3.5,2.9,3.4,2.9
SYN-06461,4.1,4.2,3.8,3.3,3.6,4.0,3.6,3.8,4.1,3.9,4.0,3.7,4.5
SYN-06462,2.7,2.9,3.1,2.6,2.9,2.9,3.2,2.9,2.8,3.0,3.3,2.8,3.0
SYN-06463,3.3,3.5,3.1,3.9,3.8,3.2,4.0,2.6,3.6,4.5,3.3,3.6,3.6
SYN-06464,4.0,4.2,4.5,3.8,4.2,4.3,3.8,4.1,4.2,3.8,4.5,4.1,3.8
SYN-06465,2.6,2.9,2.9,3.1,2.6,2.8,3.4,2.5,2.8,2.6,3.0,3.2,4.0
SYN-06466,3.5,2.8,3.4,3.2,3.0,3.2,3.4,3.4,2.8,3.2,2.9,3.2,3.0
SYN-06467,4.0,3.6,3.5,3.7,3.7,3.7,3.6,3.0,4.3,3.3,3.8,3.8,4.4
SYN-06468,3.2,2.6,2.2,2.2,2.3,2.5,2.4,2.2,2.5,2.3,2.9,2.3,2.3
SYN-06469,3.6,3.1,3.4,3.1,3.5,3.3,3.4,3.6,3.4,3.8,3.2,3.4,3.4
SYN-06470,4.4,4.5,3.8,4.0,3.6,4.1,4.2,4.6,4.1,4.1,4.0,4.3,4.2
SYN-06471,4.1,4.6,3.5,3.2,4.2,4.0,3.8,4.3,4.0,3.9,4.2,4.2,4.2
SYN-06472,3.1,3.2,3.6,3.6,3.9,3.3,3.5,3.8,3.4,3.5,3.5,3.6,3.6
SYN-06473,3.0,3.7,4.0,3.1,3.6,3.7,3.1,3.3,3.3,3.6,3.1,3.3,3.6
SYN-06474,4.6,4.3,4.0,4.2,4.4,4.8,4.4,4.9,4.6,4.7,4.1,4.5,4.4
SYN-06475,5.0,4.1,4.8,4.8,4.1,4.3,3.8,4.8,3.6,3.8,4.2,4.0,4.0
SYN-06476,3.3,3.7,3.7,3.6,3.6,3.5,3.8,3.5,3.2,3.4,3.5,3.7,3.5
SYN-06477,2.8,3.4,3.0,3.3,2.7,3.3,3.4,3.0,3.3,3.2,2.9,3.4,3.1
SYN-06478,3.9,4.2,4.0,4.2,4.0,4.1,4.0,3.8,3.8,3.8,3.8,4.9,4.1
SYN-06479,3.9,4.4,4.7,4.0,4.0,3.6,4.0,4.4,4.0,3.8,3.7,4.2,3.9
SYN-06480,4.9,4.3,4.0,4.5,4.9,4.8,4.0,3.9,3.9,4.5,4.2,4.1,4.5
SYN-06481,3.6,4.1,3.5,3.7,4.2,3.9,3.5,4.3,4.2,4.3,3.3,3.9,3.6
SYN-06482,3.1,3.5,2.8,3.4,3.8,3.3,3.6,3.3,3.0,3.9,3.2,2.9,2.9
SYN-06483,2.5,2.8,2.6,2.1,2.6,2.9,2.5,3.0,2.3,2.9,2.7,2.7,2.7
SYN-06484,4.5,4.7,4.4,4.6,4.7,4.5,4.5,4.1,4.6,4.7,4.6,4.6,4.1
SYN-06485,4.5,4.0,4.2,4.0,4.1,4.4,4.0,4.0,4.9,4.9,4.7,4.3,4.7
SYN-06486,3.2,2.5,3.4,2.7,2.9,3.2,3.2,3.2,3.4,3.2,3.1,3.5,3.1
SYN-06487,3.6,3.7,4.2,3.4,3.1,3.6,4.0,3.8,3.5,3.6,3.3,3.1,3.5
SYN-06488,3.1,3.3,2.9,3.9,3.7,3.2,3.4,3.7,3.5,3.3,3.5,3.3,3.3
SYN-06489,4.1,3.7,3.5,3.2,3.7,3.8,3.9,4.3,3.2,2.9,3.8,3.2,3.2
SYN-06490,3.4,3.4,3.1,3.0,3.3,3.1,3.3,3.0,3.0,2.8,3.4,3.1,3.5
SYN-06491,3.2,3.5,3.8,3.7,3.6,3.8,3.8,4.1,4.0,4.2,4.3,3.7,4.2
SYN-06492,3.1,2.9,3.0,2.9,2.9,3.0,3.0,3.2,2.6,3.1,2.5,2.9,3.0
SYN-06493,2.5,3.2,3.4,3.3,3.0,3.5,3.0,3.3,3.3,3.3,3.3,3.1,3.6
SYN-06494,3.7,4.2,3.9,3.4,3.7,4.4,4.3,3.4,3.8,3.4,4.0,3.8,4.1
SYN-06495,2.6,2.9,2.9,3.0,2.7,2.4,1.9,2.2,2.0,2.6,3.0,2.1,2.0
SYN-06496,3.4,4.2,4.0,4.0,3.3,3.9,3.7,3.9,3.4,3.7,3.5,3.9,4.3
SYN-06497,2.8,3.1,3.5,3.1,3.0,3.2,3.1,3.7,3.3,3.3,2.9,3.2,3.2
SYN-06498,4.6,4.6,4.2,4.4,4.7,4.2,5.0,4.0,4.3,4.1,4.5,4.4,4.0
SYN-06499,4.3,3.5,3.1,3.8,3.7,3.5,3.4,3.7,3.4,3.9,3.9,3.7,3.3
SYN-06500,2.7,3.2,3.2,3.1,3.2,3.2,3.1,3.1,2.6,3.1,3.0,2.8,3.2
SYN-06501,4.3,4.4,3.7,4.2,4.5,4.2,4.2,4.4,4.3,4.7,4.5,4.4,4.4
SYN-06502,3.9,3.6,3.2,3.8,3.3,3.7,3.2,3.0,3.4,4.0,3.2,3.2,3.3
SYN-06503,3.0,4.0,4.1,3.5,3.3,3.4,3.3,3.6,3.8,4.1,3.3,3.3,3.8
SYN-06504,3.9,4.0,3.9,4.1,4.1,4.0,3.8,4.3,3.9,4.4,3.7,3.8,3.6
SYN-06505,3.4,3.3,3.3,3.1,3.4,3.3,3.0,3.7,3.2,3.2,3.4,2.9,3.2
SYN-06506,4.1,3.9,4.5,3.5,3.8,4.5,3.8,4.1,4.4,4.4,4.4,4.5,4.0
SYN-06507,4.0,3.7,3.0,4.3,3.7,3.8,3.6,4.0,3.7,3.6,4.6,3.0,3.7
SYN-06508,3.2,2.8,2.9,3.2,2.4,3.6,3.2,3.2,3.1,3.0,3.1,3.2,3.0
SYN-06509,3.1,3.4,2.8,3.4,4.0,3.9,3.4,2.9,3.7,3.2,3.7,3.0,3.1
SYN-06510,3.0,2.6,3.4,3.0,3.3,2.5,2.5,3.6,2.3,3.2,2.9,2.7,3.1
SYN-06511,4.2,3.7,3.8,3.7,3.6,3.2,3.4,4.0,3.5,3.4,3.6,3.6,3.2
SYN-06512,3.4,3.4,3.2,3.5,4.2,3.3,3.0,3.7,3.7,3.7,3.5,3.2,3.4
SYN-06513,3.5,4.1,4.0,3.2,3.5,3.9,3.3,3.7,3.1,3.6,3.7,3.3,3.7
SYN-06514,2.7,2.3,2.8,2.9,2.5,2.0,2.4,2.6,2.2,2.5,2.3,2.6,2.5
SYN-06515,3.2,3.4,3.1,3.7,3.6,3.3,3.4,3.0,3.3,3.4,3.4,3.5,3.3
SYN-06516,3.1,3.3,3.0,2.8,3.1,3.2,2.8,2.8,3.0,3.3,2.8,2.5,2.5
SYN-06517,3.4,3.4,3.6,3.6,3.9,4.1,4.0,3.6,3.6,4.5,3.3,4.0,3.5
SYN-06518,3.4,3.5,3.2,3.5,4.2,2.8,3.5,3.5,2.7,3.3,3.1,3.4,3.2
SYN-06519,4.0,3.5,4.4,3.8,4.3,3.9,4.2,3.8,4.1,3.5,4.1,3.5,3.7
SYN-06520,2.9,3.0,3.1,3.4,3.3,3.1,3.4,3.4,3.1,3.1,3.1,3.8,3.0
SYN-06521,4.7,4.2,4.3,4.5,4.6,4.5,4.6,4.6,4.6,4.2,4.3,4.4,4.7
SYN-06522,3.7,3.6,3.6,3.2,3.5,3.4,3.8,3.6,3.9,4.2,3.8,3.2,3.5
SYN-06523,3.5,4.5,4.7,3.7,3.9,3.8,3.8,3.6,4.3,3.7,4.0,3.8,3.5
SYN-06524,3.3,3.0,3.4,3.6,3.6,3.5,3.6,3.2,3.3,3.3,3.0,3.2,3.1
SYN-06525,4.0,4.2,3.9,3.7,4.0,3.9,3.8,4.5,4.3,4.1,3.9,3.9,3.8
SYN-06526,2.9,3.0,2.3,3.5,3.2,2.8,3.5,3.3,3.3,3.0,3.2,2.6,3.2
SYN-06527,3.4,3.8,3.4,3.3,3.8,3.8,3.7,3.6,3.7,3.4,3.2,3.6,3.0
SYN-06528,3.6,3.2,3.2,3.0,3.6,3.5,3.3,3.4,3.3,3.5,3.1,3.3,3.4
SYN-06529,4.1,4.1,5.0,4.3,5.0,4.4,4.2,4.9,4.7,4.7,4.2,4.7,3.6
SYN-06530,3.0,2.6,3.3,3.1,2.9,3.2,3.6,2.8,2.9,2.5,2.6,2.6,2.9
SYN-06531,4.8,4.4,4.7,4.9,4.7,5.0,4.1,4.2,4.8,4.7,4.7,4.7,4.3
SYN-06532,2.2,3.0,3.1,2.5,2.1,2.7,2.5,3.0,2.5,3.0,2.8,3.1,2.9
SYN-06533,3.8,4.0,3.9,3.4,4.1,3.9,3.3,3.5,3.7,4.2,3.7,4.1,4.1
SYN-06534,3.1,3.4,3.1,2.9,3.1,2.9,3.4,3.3,3.6,3.1,3.3,3.3,3.3
SYN-06535,3.8,3.4,3.7,3.7,4.3,3.1,3.9,4.1,3.4,4.3,3.7,3.6,3.7
SYN-06536,3.5,3.5,3.1,3.5,2.9,3.3,3.3,3.4,3.4,3.5,3.0,3.4,3.1
SYN-06537,3.1,3.6,3.1,3.5,3.1,2.9,3.1,2.4,3.1,3.4,2.7,3.4,2.8
SYN-06538,3.5,3.2,3.5,4.4,3.4,3.5,3.6,3.5,3.9,3.4,3.6,3.4,4.0
SYN-06539,3.3,3.3,3.5,3.7,3.6,3.5,3.6,3.3,3.9,3.5,3.4,3.2,2.8
SYN-06540,3.8,3.6,3.7,3.9,4.2,3.8,3.5,3.4,3.5,4.5,3.6,3.3,3.9
SYN-06541,2.8,2.9,3.2,3.3,2.9,3.0,3.3,2.7,2.6,3.1,2.6,2.8,2.9
SYN-06542,3.8,3.7,4.1,3.7,3.3,3.8,3.8,3.7,3.7,3.6,3.5,4.2,3.9
SYN-06543,4.2,3.9,3.7,3.1,4.3,4.6,3.6,3.4,4.2,4.5,3.7,4.6,4.1
SYN-06544,2.7,3.8,3.4,3.4,3.4,3.5,3.2,3.1,3.6,3.1,3.1,2.8,3.7
SYN-06545,3.5,2.4,2.6,2.8,3.0,2.8,3.3,2.5,2.8,2.8,2.2,2.7,2.9
SYN-06546,4.0,4.2,5.0,4.2,4.5,4.4,4.3,4.1,4.6,4.2,4.3,4.8,4.2
SYN-06547,4.1,3.6,3.7,3.9,3.3,4.0,3.5,3.8,3.4,3.9,3.3,3.6,3.6
SYN-06548,3.3,3.5,3.0,3.0,2.9,3.6,3.0,3.2,3.2,2.9,3.3,3.5,3.0
SYN-06549,4.1,3.9,3.4,4.2,4.0,3.4,3.5,4.2,3.5,3.4,3.3,3.6,4.0
SYN-06550,2.7,2.2,2.5,2.8,2.3,2.5,3.1,2.6,3.1,2.3,2.5,3.0,2.6
SYN-06551,3.8,4.8,4.2,4.7,3.9,4.1,4.3,4.6,4.5,3.4,3.9,4.2,4.4
SYN-06552,4.6,4.5,4.7,4.4,4.5,4.7,4.7,4.3,4.7,4.8,5.0,4.7,5.0
SYN-06553,3.3,3.9,3.8,3.8,4.1,3.4,3.4,4.1,4.0,3.7,4.3,4.3,4.1
SYN-06554,2.5,3.4,2.4,2.6,3.2,2.5,3.4,3.5,3.1,2.7,2.6,2.5,3.0
SYN-06555,2.4,2.5,2.8,2.6,2.5,2.4,2.1,2.6,2.5,2.7,2.5,3.1,2.8
SYN-06556,3.7,4.3,4.6,4.1,4.1,4.8,4.0,4.4,4.2,4.5,4.1,4.1,4.6
SYN-06557,3.9,3.4,3.5,3.7,3.5,3.6,3.9,3.0,3.7,4.1,3.7,3.0,3.9
SYN-06558,3.3,3.5,3.6,3.7,3.0,3.3,3.4,3.0,3.5,3.2,3.3,3.1,3.5
SYN-06559,4.0,4.1,4.1,4.0,3.6,4.3,4.1,4.0,4.1,4.4,4.8,3.6,4.3
SYN-06560,3.0,3.6,2.8,3.2,3.1,2.8,3.0,3.1,3.2,2.5,3.1,3.4,3.6
SYN-06561,4.0,4.1,3.5,3.8,3.5,3.9,4.6,4.4,4.2,4.0,3.8,4.1,3.7
SYN-06562,4.2,3.8,3.8,3.4,3.4,3.3,3.1,3.9,3.7,3.4,3.3,4.0,3.7
SYN-06563,3.5,4.0,4.2,3.5,3.5,3.6,3.7,3.6,3.2,3.4,3.7,4.1,3.7
SYN-06564,4.7,4.5,4.3,4.1,4.5,4.8,4.0,4.6,4.2,4.5,4.2,4.4,4.1
SYN-06565,3.5,3.2,3.8,3.3,2.9,2.8,3.7,3.1,2.9,3.6,3.1,3.5,3.3
SYN-06566,2.6,3.4,2.9,2.8,2.5,2.8,3.1,3.2,3.2,3.4,2.7,2.6,3.9
SYN-06567,3.4,3.5,3.0,3.6,3.7,2.8,3.5,3.5,2.6,3.4,3.2,3.5,3.6
SYN-06568,3.0,2.7,2.7,2.9,2.8,2.4,2.9,2.8,2.8,2.7,2.8,2.6,3.1
SYN-06569,3.9,4.0,3.8,3.7,4.0,4.2,4.3,4.2,3.7,4.0,4.0,4.2,4.2
SYN-06570,3.8,4.0,4.1,4.0,3.9,3.7,3.8,4.6,3.6,4.5,4.5,3.6,3.8
SYN-06571,3.4,3.3,3.3,3.7,3.6,3.7,3.4,3.4,3.3,3.6,3.8,3.2,3.7
SYN-06572,3.1,2.6,2.6,2.9,2.8,3.3,2.9,2.8,2.9,2.9,3.1,3.3,2.6
SYN-06573,2.1,1.6,2.3,1.5,2.4,2.3,1.8,1.8,1.4,1.5,1.9,2.0,2.3
SYN-06574,3.0,3.0,2.7,3.0,3.1,3.2,3.0,3.3,3.0,3.0,3.3,3.3,2.9
SYN-06575,3.9,3.5,3.4,3.3,3.5,3.6,3.4,3.4,3.0,3.1,3.1,3.4,3.0
SYN-06576,1.9,2.0,2.6,3.0,2.7,2.1,2.2,2.3,2.0,2.4,2.6,2.2,2.1
SYN-06577,5.0,4.6,4.6,4.2,5.0,5.0,4.8,4.9,5.0,5.0,4.8,4.7,4.8
SYN-06578,3.6,3.8,3.4,4.1,4.3,3.5,3.5,3.5,3.6,4.3,3.6,3.8,3.6
SYN-06579,3.2,3.6,3.8,4.3,3.3,4.1,3.9,3.8,3.5,4.2,3.9,3.8,3.8
SYN-06580,3.7,3.2,3.8,4.1,3.3,3.8,3.2,3.1,3.2,3.5,3.3,3.5,3.5
SYN-06581,3.8,3.5,3.9,3.5,3.9,4.0,3.2,4.3,3.8,4.1,3.7,3.8,4.4
SYN-06582,2.9,3.2,3.3,2.6,3.1,3.6,2.9,3.4,3.4,3.5,3.0,3.4,3.0
SYN-06583,3.3,3.7,3.2,3.6,3.4,3.6,2.8,3.8,2.9,3.0,3.8,3.4,3.3
SYN-06584,4.6,4.2,4.0,4.6,4.4,3.9,4.0,4.0,3.9,4.2,4.2,4.4,4.4
SYN-06585,4.4,4.4,4.2,4.2,4.4,4.2,3.8,3.7,3.8,4.2,4.0,4.2,4.0
SYN-06586,3.2,2.7,3.1,4.0,3.8,3.3,3.3,3.3,3.8,3.8,3.8,3.2,4.0
SYN-06587,4.5,4.9,4.7,4.1,4.5,4.6,4.4,4.2,4.5,5.0,4.8,4.4,4.7
SYN-06588,3.0,3.4,2.9,3.1,3.7,3.3,3.3,3.4,3.9,2.3,3.2,4.2,3.8
SYN-06589,3.4,3.3,3.1,2.8,3.1,3.2,3.6,3.3,3.2,3.0,3.1,2.7,3.3
SYN-06590,3.2,3.5,3.9,3.6,3.7,3.9,3.8,3.5,3.0,3.4,3.5,3.6,3.1
SYN-06591,3.7,3.9,3.5,3.8,3.5,3.7,4.2,3.5,3.3,3.9,3.6,3.4,3.4
SYN-06592,2.9,2.8,3.2,3.0,3.1,2.8,3.0,2.8,3.4,3.0,2.4,2.8,2.9
SYN-06593,3.8,4.0,3.6,3.8,4.0,3.3,3.5,4.3,3.7,4.0,4.1,3.4,3.5
SYN-06594,4.7,4.5,4.8,4.8,4.7,4.6,4.8,5.0,5.0,4.7,4.4,4.6,4.9
SYN-06595,4.4,4.3,4.0,4.1,4.2,4.5,3.8,4.2,3.9,4.4,4.0,4.1,3.8
SYN-06596,3.7,4.5,4.0,3.9,4.3,4.3,3.9,3.6,3.8,3.8,3.9,3.9,4.6
SYN-06597,3.5,3.4,3.6,2.9,3.2,3.4,4.1,3.4,3.3,3.5,3.9,3.6,3.7
SYN-06598,2.8,2.6,2.7,2.7,3.1,2.6,3.3,3.2,2.5,3.1,3.0,3.4,2.7
SYN-06599,3.1,3.2,2.4,3.3,2.7,3.1,2.9,2.9,2.7,2.8,3.1,3.4,2.6
SYN-06600,3.4,3.7,3.7,3.7,3.9,3.1,3.4,3.9,3.5,3.2,3.2,3.6,3.5
SYN-06601,3.9,3.2,3.0,3.6,3.2,3.5,3.8,3.7,3.4,3.5,3.7,3.0,2.9
SYN-06602,3.3,2.3,3.4,2.5,2.4,2.9,2.2,3.5,3.3,3.2,2.2,3.1,3.1
SYN-06603,3.4,3.6,3.5,2.9,3.2,3.2,2.9,3.5,3.6,3.4,3.9,3.4,3.3
SYN-06604,3.6,3.8,2.9,4.3,3.9,4.1,4.1,4.0,3.4,2.7,4.4,3.8,3.6
SYN-06605,3.7,3.7,3.8,3.8,3.9,3.7,4.1,4.0,3.7,3.9,3.5,4.0,4.3
SYN-06606,3.3,3.0,2.8,3.2,2.9,3.1,3.3,2.8,3.1,2.7,2.9,2.9,3.4
SYN-06607,3.5,3.3,3.4,3.8,3.0,3.2,3.2,3.5,3.5,3.4,3.5,3.1,3.2
SYN-06608,3.9,3.3,3.7,4.0,3.8,3.5,3.9,3.5,3.7,3.5,3.3,3.7,4.1
SYN-06609,3.1,3.0,3.0,3.0,2.7,2.4,2.9,3.1,3.1,2.9,2.9,2.4,3.3
SYN-06610,3.0,2.4,3.0,3.1,3.2,3.1,2.9,2.9,3.1,3.0,3.7,3.0,2.8
SYN-06611,3.8,3.5,3.8,3.5,3.7,3.9,3.9,3.7,2.9,3.0,3.6,3.1,3.2
SYN-06612,3.3,2.8,2.8,2.9,3.4,3.4,3.7,3.3,3.5,2.8,2.6,3.2,2.9
SYN-06613,3.8,3.2,3.1,3.2,3.3,3.3,3.4,3.7,3.0,3.6,3.5,3.4,3.5
SYN-06614,4.7,4.5,5.0,4.7,5.0,4.8,5.0,5.0,5.0,5.0,4.9,5.0,4.8
SYN-06615,2.5,2.7,3.1,2.6,2.9,2.4,2.1,2.5,2.7,3.0,2.6,3.2,2.8
SYN-06616,4.2,4.4,4.0,4.2,4.2,4.3,4.2,4.4,3.8,4.6,4.3,4.5,4.6
SYN-06617,3.7,3.9,3.8,3.8,3.5,4.1,3.7,4.1,3.4,3.5,3.4,4.0,3.9
SYN-06618,2.4,2.6,2.5,3.1,3.2,2.7,2.2,2.2,3.2,3.2,3.3,2.8,2.2
SYN-06619,4.0,3.7,4.4,4.1,3.9,3.8,4.3,3.7,3.5,3.9,4.2,4.4,3.4
SYN-06620,3.9,3.5,3.8,3.1,3.4,3.7,3.5,3.5,3.4,3.5,3.5,3.2,3.4
SYN-06621,4.3,4.1,4.3,4.1,4.0,4.5,4.4,4.1,4.4,4.3,4.0,4.2,4.3
SYN-06622,4.0,4.4,4.1,4.1,3.5,4.7,3.5,3.7,3.7,3.8,3.6,3.4,4.2
SYN-06623,3.5,3.0,3.5,3.7,3.1,3.8,3.7,3.3,3.7,4.1,3.6,3.5,3.4
SYN-06624,3.9,3.3,3.3,3.6,3.5,2.9,3.4,3.2,3.7,3.0,3.6,2.7,3.5
SYN-06625,4.4,3.9,4.4,4.1,3.5,4.2,3.9,4.4,4.5,4.0,3.8,4.1,4.4
SYN-06626,3.1,3.4,3.6,3.6,3.4,2.8,3.2,3.2,3.3,2.5,3.0,3.2,3.4
SYN-06627,3.4,2.9,2.4,2.5,2.5,2.6,2.8,2.4,2.7,2.7,2.8,2.6,2.5
SYN-06628,2.2,2.6,2.2,2.7,2.6,2.1,2.8,2.5,2.3,3.0,2.5,2.6,2.5
SYN-06629,3.3,3.4,2.9,2.8,3.1,2.7,2.9,2.6,3.4,3.1,3.4,2.7,3.1
SYN-06630,4.1,4.0,4.4,3.7,3.8,3.8,3.5,3.3,3.9,4.2,3.9,3.7,4.3
SYN-06631,3.0,2.7,2.8,3.8,3.2,3.7,3.7,2.7,3.3,3.5,3.0,2.9,3.5
SYN-06632,2.7,3.2,3.3,3.3,3.3,3.5,2.8,3.6,2.9,2.8,3.4,3.3,2.6
SYN-06633,3.5,3.3,3.3,3.1,3.7,3.7,3.5,2.9,2.9,3.0,3.6,3.2,3.4
SYN-06634,3.8,4.4,3.6,3.9,3.9,4.2,4.1,4.4,4.3,3.7,4.0,4.0,3.8
SYN-06635,3.4,3.8,4.1,3.9,3.9,4.3,3.6,3.6,3.7,4.2,4.1,3.9,4.3
SYN-06636,3.3,3.5,3.7,3.5,3.8,4.1,3.6,3.7,3.9,3.8,4.1,3.7,3.6
SYN-06637,2.9,3.3,2.9,2.9,3.3,3.1,2.4,3.9,2.7,3.1,2.8,3.1,3.0
SYN-06638,3.1,3.3,3.0,3.4,3.4,3.3,3.4,3.6,2.9,3.8,3.8,3.5,3.2
SYN-06639,4.1,3.8,3.0,3.3,3.6,3.0,3.8,3.4,3.1,3.4,3.3,2.9,3.4
SYN-06640,2.9,3.0,2.7,3.1,3.7,2.6,3.0,3.1,3.0,3.0,3.0,2.9,3.5
SYN-06641,3.6,3.3,3.8,3.2,3.1,3.3,3.9,3.1,3.4,3.3,3.7,3.1,3.6
SYN-06642,2.6,3.3,3.1,3.2,3.0,2.7,3.2,3.2,2.8,2.6,3.0,3.0,3.2
SYN-06643,3.5,3.8,4.0,3.1,3.0,3.8,3.8,3.5,3.3,4.2,3.7,3.7,3.6
SYN-06644,3.7,3.7,4.2,4.5,3.5,4.1,4.2,3.5,3.6,3.4,3.6,3.5,3.7
SYN-06645,3.7,4.3,4.4,4.0,3.8,4.2,4.2,3.9,4.0,4.0,4.4,4.2,3.6
SYN-06646,4.4,3.5,3.9,3.7,3.5,3.9,4.2,3.3,3.4,4.1,4.3,3.8,4.0
SYN-06647,3.5,3.1,3.6,4.1,3.4,4.1,4.0,3.7,4.5,3.6,3.2,3.5,3.7
SYN-06648,2.8,2.8,3.2,3.3,3.1,3.0,2.9,2.8,3.0,2.7,2.9,3.1,2.7
SYN-06649,2.9,3.3,3.1,3.3,3.7,3.7,3.5,3.6,4.1,3.4,3.2,3.7,3.3
SYN-06650,2.6,2.9,3.1,3.0,2.5,3.1,2.5,2.6,3.3,2.4,2.2,3.1,2.8
SYN-06651,2.4,3.0,2.9,2.8,2.6,2.7,2.4,2.4,2.6,2.7,3.0,2.9,2.8
SYN-06652,3.3,3.3,3.4,3.4,3.0,3.2,3.4,3.5,3.3,3.9,3.2,3.4,3.3
SYN-06653,3.3,3.2,3.1,3.4,3.0,2.8,3.5,3.2,3.7,3.2,2.8,3.3,2.7
SYN-06654,3.4,3.8,3.9,3.9,3.6,3.6,4.6,3.5,3.6,4.3,3.6,3.8,3.8
SYN-06655,2.9,3.3,3.3,3.2,3.4,2.9,3.4,3.1,2.7,3.1,2.8,2.5,2.5
SYN-06656,4.7,5.0,4.2,4.9,5.0,5.0,4.9,4.8,5.0,4.9,4.6,4.9,5.0
SYN-06657,3.0,3.4,3.2,3.3,3.7,2.7,3.1,3.0,3.0,3.3,3.2,2.7,2.9
SYN-06658,3.8,3.1,3.7,2.9,3.0,3.6,3.9,3.8,3.3,3.2,3.6,3.0,3.6
SYN-06659,3.0,3.7,3.3,3.1,3.3,3.1,3.3,2.9,3.5,3.1,3.4,3.4,3.2
SYN-06660,4.1,3.8,4.1,3.4,3.6,3.9,3.4,4.0,4.6,3.7,3.9,3.6,4.3
SYN-06661,3.3,3.4,3.3,3.3,3.0,3.4,3.3,2.9,2.8,3.3,3.3,3.0,3.6
SYN-06662,2.8,3.1,2.7,2.8,2.8,2.8,3.0,2.9,3.1,2.6,2.7,3.1,3.2
SYN-06663,2.5,2.7,2.2,2.3,2.7,2.4,2.4,2.4,2.1,2.2,2.3,2.9,2.4
SYN-06664,3.7,4.0,3.8,3.7,3.8,3.5,3.5,4.1,3.9,3.2,4.1,3.8,3.7
SYN-06665,4.1,3.6,3.9,4.3,3.8,3.7,4.4,3.7,4.1,3.5,4.1,3.7,4.1
SYN-06666,3.5,3.8,3.1,3.7,3.7,3.4,3.7,4.5,3.4,3.8,3.5,4.1,3.8
SYN-06667,3.2,3.4,3.9,3.2,3.6,3.1,3.5,3.4,3.7,3.4,3.8,3.1,3.0
SYN-06668,3.0,3.5,3.0,2.7,3.2,3.4,3.2,3.0,3.7,3.6,3.4,3.7,3.1
SYN-06669,3.9,4.3,4.0,4.4,3.4,3.4,3.8,4.1,4.1,3.9,4.2,4.1,3.9
SYN-06670,3.8,3.5,3.2,3.4,3.1,3.4,3.2,3.0,3.3,3.0,3.7,3.6,3.7
SYN-06671,4.0,4.3,3.8,3.9,4.4,4.5,4.2,4.3,4.0,4.4,3.8,4.2,4.5
SYN-06672,3.3,3.4,3.6,3.7,3.2,3.6,3.7,3.7,3.4,3.3,3.4,3.2,3.6
SYN-06673,3.5,2.7,3.5,3.3,3.5,3.9,3.2,3.3,3.4,3.0,3.5,3.6,3.3
SYN-06674,3.9,4.2,3.5,3.7,3.6,4.2,3.9,4.0,3.6,4.2,4.0,3.4,3.3
SYN-06675,4.3,4.4,4.2,4.0,4.6,4.4,4.2,4.0,4.2,4.0,4.5,4.5,4.0
SYN-06676,3.9,4.5,4.4,4.4,4.5,3.9,4.1,4.7,4.6,4.3,4.2,4.3,4.1
SYN-06677,3.3,3.2,4.1,3.3,3.8,2.8,3.3,3.4,3.3,3.2,3.8,3.6,3.3
SYN-06678,3.1,2.9,3.0,3.0,3.2,4.2,3.1,3.2,3.1,3.4,2.9,3.0,3.6
SYN-06679,2.9,2.9,3.1,2.8,2.5,3.0,3.0,2.4,2.9,3.0,3.0,3.1,3.0
SYN-06680,4.2,3.6,4.3,3.3,4.1,3.6,4.3,4.1,3.7,3.8,3.7,4.1,3.5
SYN-06681,2.4,2.7,1.9,2.1,2.9,2.0,2.2,3.0,2.6,2.9,2.3,2.1,2.5
SYN-06682,4.6,3.9,4.4,4.2,4.5,4.7,4.4,4.8,4.4,4.7,4.7,4.6,4.5
SYN-06683,4.5,4.0,4.2,3.5,4.2,4.3,3.8,4.3,3.7,3.7,4.1,4.1,3.8
SYN-06684,2.7,3.4,2.6,3.2,2.8,3.2,3.1,3.6,3.5,3.0,3.4,2.5,3.0
SYN-06685,4.1,3.6,4.0,4.5,4.2,4.3,3.8,3.9,4.1,4.3,4.4,4.2,4.0
SYN-06686,3.6,3.6,3.6,3.5,4.0,3.8,4.0,3.7,3.8,3.2,4.0,3.9,3.8
SYN-06687,4.0,4.3,3.5,4.2,4.1,3.6,3.4,3.8,4.1,3.4,3.4,3.9,3.8
SYN-06688,3.6,3.4,3.5,3.4,3.4,3.6,2.9,3.3,3.2,3.2,3.5,3.6,3.6
SYN-06689,4.0,3.9,3.4,3.7,3.9,3.8,4.1,3.9,3.8,3.6,3.7,4.1,3.7
SYN-06690,3.0,2.2,2.5,2.2,2.0,2.2,2.7,3.2,2.2,2.7,2.7,2.7,2.7
SYN-06691,3.3,2.9,3.7,3.8,3.5,3.6,3.1,3.4,3.7,3.2,3.5,4.2,3.6
SYN-06692,2.8,4.0,3.2,2.9,3.1,2.6,2.9,3.4,2.8,2.7,3.4,3.8,3.3
SYN-06693,3.9,3.0,3.5,3.7,3.2,3.1,3.3,3.4,3.3,3.4,3.0,3.4,3.6
SYN-06694,3.2,2.9,2.6,3.1,2.9,3.6,3.5,2.6,3.0,2.9,2.8,3.1,2.9
SYN-06695,2.9,2.8,3.5,3.1,3.1,3.5,3.1,3.2,2.9,3.0,3.2,3.2,3.4
SYN-06696,4.5,4.2,4.5,4.0,4.4,4.0,4.0,4.5,3.5,4.4,4.3,4.3,4.7
SYN-06697,2.4,2.4,3.0,2.6,3.1,2.9,2.8,2.6,2.6,3.3,2.5,3.0,2.4
SYN-06698,3.5,3.8,3.7,4.0,3.6,3.6,3.3,4.4,3.3,4.7,3.9,3.9,3.3
SYN-06699,3.0,2.4,2.8,3.2,2.4,3.1,2.8,3.0,2.5,3.3,3.1,2.6,2.6
SYN-06700,4.6,4.1,4.0,4.4,4.4,4.1,4.7,4.2,4.5,4.5,3.8,4.6,4.5
SYN-06701,3.8,3.0,3.8,3.5,3.3,3.7,3.1,3.7,4.1,3.9,4.1,3.6,3.9
SYN-06702,2.4,2.1,2.4,2.5,2.5,3.1,2.7,3.4,3.2,2.4,3.0,3.0,2.6
SYN-06703,3.7,3.5,4.4,4.2,3.6,4.2,3.6,4.0,3.8,3.7,3.4,3.5,3.9
SYN-06704,3.1,3.0,3.6,3.2,3.1,3.0,3.2,3.3,3.2,3.3,2.9,2.8,3.0
SYN-06705,3.8,3.9,4.3,3.8,3.0,4.0,3.7,3.4,3.9,3.8,3.5,3.7,3.4
SYN-06706,2.7,2.4,2.9,2.9,3.1,3.1,2.6,2.9,2.9,2.5,3.0,2.7,2.6
SYN-06707,4.1,3.7,3.6,4.4,4.0,3.8,3.7,3.8,3.9,3.6,4.4,4.3,3.9
SYN-06708,2.8,2.2,2.4,2.8,2.3,2.6,2.6,2.3,2.3,2.0,1.6,2.2,2.5
SYN-06709,2.7,3.2,2.9,3.4,2.7,3.0,2.7,2.5,3.0,2.7,3.0,3.2,2.6
SYN-06710,3.2,2.5,2.7,2.7,3.0,3.1,3.1,2.7,3.1,3.2,2.7,2.4,2.8
SYN-06711,4.1,4.2,3.1,3.8,3.8,4.1,3.8,3.8,3.6,3.4,3.5,3.8,3.4
SYN-06712,3.6,3.3,2.8,3.3,3.1,3.7,2.8,3.2,3.0,3.4,3.5,2.8,3.3
SYN-06713,3.9,3.7,3.9,3.5,3.0,2.9,3.2,3.2,3.9,4.0,3.6,3.6,3.1
SYN-06714,3.3,2.7,2.8,3.6,3.2,3.4,2.4,3.0,3.0,3.5,3.4,3.4,3.2
SYN-06715,3.2,2.5,2.7,3.3,2.8,3.1,2.6,2.8,3.1,3.1,2.7,2.3,2.5
SYN-06716,3.3,3.5,3.1,3.5,3.5,3.2,2.8,3.5,2.9,3.6,4.0,3.4,3.2
SYN-06717,3.2,2.7,2.9,3.0,2.5,3.2,3.1,3.5,3.0,2.7,2.4,2.8,2.8
SYN-06718,2.9,2.4,2.3,2.0,2.5,2.3,2.4,2.4,2.5,2.2,2.3,2.9,2.4
SYN-06719,4.1,3.7,3.8,4.2,3.7,4.1,4.0,3.7,3.5,4.1,3.7,3.8,3.7
SYN-06720,2.3,2.8,2.2,3.0,3.0,2.8,2.4,3.0,1.7,2.8,3.2,2.9,2.6
SYN-06721,3.9,5.0,4.2,4.2,4.1,4.0,3.6,4.1,4.3,4.0,3.5,4.4,4.3
SYN-06722,4.7,4.2,3.7,4.7,4.7,3.9,4.4,4.7,4.8,4.7,4.4,4.3,4.1
SYN-06723,3.8,3.6,4.1,3.9,3.9,3.9,4.3,4.2,3.4,4.7,4.3,3.8,4.0
SYN-06724,2.8,2.6,2.8,2.6,3.2,2.4,2.7,2.6,3.4,3.1,3.0,3.2,2.9
SYN-06725,4.6,4.6,4.5,4.9,5.0,4.9,4.5,4.5,5.0,4.6,5.0,4.5,4.6
SYN-06726,2.3,2.7,2.3,2.0,2.9,2.3,2.1,2.4,1.9,2.4,1.9,2.4,2.7
SYN-06727,2.7,3.1,3.1,3.3,3.2,3.0,3.4,3.1,2.8,2.7,3.4,3.5,3.1
SYN-06728,3.5,3.8,4.4,4.1,3.5,4.1,3.9,4.2,3.8,4.4,3.9,3.1,3.8
SYN-06729,4.0,4.0,3.8,3.4,4.3,4.4,3.6,4.2,4.1,3.5,4.0,4.8,3.5
SYN-06730,3.5,3.1,3.0,3.5,2.9,3.1,3.1,2.8,3.5,3.2,3.8,3.1,3.1
SYN-06731,3.0,3.0,3.5,2.9,3.2,3.0,2.7,3.2,2.6,3.1,2.9,3.0,3.0
SYN-06732,3.4,3.3,3.5,3.4,4.2,3.1,3.0,3.3,3.1,3.7,3.9,3.3,3.5
SYN-06733,3.6,3.3,3.6,3.7,3.0,3.1,3.4,3.4,3.5,3.2,3.1,3.3,3.1
SYN-06734,3.6,3.6,3.4,3.5,3.1,3.1,3.4,3.5,3.4,3.3,3.3,3.5,3.6
SYN-06735,4.3,4.6,3.8,3.9,4.3,4.2,4.9,4.3,4.5,4.5,4.0,4.5,4.4
SYN-06736,3.6,3.0,3.3,3.3,2.9,2.4,3.1,3.5,3.2,3.4,2.9,3.4,2.6
SYN-06737,4.5,3.8,4.5,4.1,4.6,4.3,4.6,4.4,4.3,4.7,4.4,4.8,4.3
SYN-06738,3.7,3.5,3.6,3.7,3.5,3.9,3.3,3.5,3.1,3.5,4.1,3.6,3.5
SYN-06739,3.8,4.2,4.4,4.3,3.7,4.5,4.4,4.2,3.7,3.8,3.8,3.9,4.1
SYN-06740,1.9,2.3,2.6,3.0,2.6,2.7,3.0,2.4,2.4,2.3,2.6,2.5,3.2
SYN-06741,4.1,4.3,3.8,4.1,4.0,4.1,4.2,4.0,4.0,4.4,3.8,4.3,4.2
SYN-06742,4.3,4.0,4.4,3.9,4.2,4.2,4.1,4.4,4.4,4.3,4.6,3.9,4.0
SYN-06743,3.2,3.1,3.0,2.7,3.4,3.1,3.1,2.8,3.0,3.2,2.8,3.1,3.0
SYN-06744,3.9,3.9,3.6,4.2,3.2,4.0,4.3,3.9,3.6,4.2,3.5,3.9,4.3
SYN-06745,2.7,2.7,3.1,2.2,2.7,2.7,2.5,2.5,3.0,2.1,2.6,2.5,2.7
SYN-06746,3.1,3.3,3.2,3.2,3.2,3.3,3.3,3.3,3.2,3.5,3.0,3.9,3.0
SYN-06747,4.0,3.6,4.1,4.4,3.9,4.6,4.1,3.7,3.9,4.3,4.0,4.6,3.9
SYN-06748,3.4,3.2,3.7,3.0,2.8,3.2,3.3,2.9,3.5,3.6,3.3,3.2,3.8
SYN-06749,3.0,3.5,3.2,3.4,3.6,3.5,2.8,3.6,2.8,3.6,3.5,3.3,3.5
SYN-06750,3.9,3.9,4.4,4.2,4.7,4.2,4.0,5.0,3.8,4.3,4.3,4.5,4.2
SYN-06751,2.3,2.4,3.0,2.7,2.2,2.3,2.4,2.2,1.9,2.2,2.2,2.9,2.5
SYN-06752,3.0,3.3,3.5,3.6,3.5,3.6,3.4,3.4,4.4,3.2,3.0,3.3,3.4
SYN-06753,3.0,3.6,3.3,2.8,3.5,3.2,3.8,3.2,3.3,3.6,3.4,3.2,3.2
SYN-06754,3.4,2.9,2.7,3.0,3.0,3.2,2.7,3.6,2.9,3.6,3.1,3.2,3.3
SYN-06755,4.1,3.8,4.5,4.9,4.3,4.3,4.4,3.8,4.6,3.9,4.7,4.3,4.6
SYN-06756,2.5,3.3,3.1,2.9,3.3,3.2,3.1,2.3,2.9,3.3,2.8,3.1,3.2
SYN-06757,3.4,3.1,2.7,3.4,2.9,3.2,2.8,2.6,2.6,3.4,3.0,3.2,3.6
SYN-06758,2.4,2.7,1.8,2.1,1.9,1.8,2.0,1.9,2.0,2.2,2.2,2.4,2.3
SYN-06759,4.7,4.7,4.0,4.2,4.1,3.8,4.4,4.4,4.3,4.4,3.9,4.5,4.5
SYN-06760,2.7,3.2,3.5,4.2,3.4,3.4,3.2,3.3,3.8,3.4,3.8,3.3,3.4
SYN-06761,2.8,3.1,3.2,3.3,3.3,3.3,3.7,3.2,3.5,3.3,3.2,4.0,3.5
SYN-06762,3.3,3.6,3.6,3.4,3.1,3.3,2.5,3.2,3.6,3.5,3.3,3.5,3.7
SYN-06763,4.2,4.1,4.1,3.9,4.4,4.8,3.8,4.0,4.2,4.1,4.3,3.9,3.5
SYN-06764,4.7,4.6,4.6,5.0,4.2,4.9,4.8,4.3,4.0,4.1,4.6,4.1,4.5
SYN-06765,2.5,2.6,2.8,2.7,2.8,3.1,2.0,2.6,2.5,2.6,1.9,2.6,2.4
SYN-06766,3.5,4.0,2.9,3.4,2.7,3.3,3.5,3.4,3.7,3.4,2.7,3.8,2.8
SYN-06767,3.4,3.1,3.0,3.4,3.1,3.2,2.9,2.7,2.6,3.5,3.3,2.8,2.7
SYN-06768,3.9,3.7,3.7,3.8,3.7,4.0,3.6,3.0,3.3,3.5,3.5,3.6,3.4
SYN-06769,3.0,3.5,2.9,2.9,3.6,3.2,3.3,3.6,3.3,3.6,3.8,3.2,3.3
SYN-06770,2.7,2.4,2.7,2.7,2.5,3.0,2.2,2.7,1.9,2.6,2.6,2.2,3.0
SYN-06771,3.4,3.6,4.1,3.8,3.6,3.5,3.7,3.6,3.7,3.5,4.0,3.5,3.3
SYN-06772,4.1,3.6,3.1,3.0,3.5,3.1,3.6,3.4,3.3,3.3,3.7,3.2,3.3
SYN-06773,3.7,4.1,3.7,4.3,4.3,3.4,4.2,3.6,3.8,3.9,3.8,3.8,4.2
SYN-06774,3.8,3.5,3.5,3.7,3.2,3.5,3.4,3.6,3.2,3.6,3.6,4.1,3.1
SYN-06775,3.3,3.1,2.9,2.4,2.9,2.0,1.9,2.4,2.3,2.0,3.0,2.3,2.7
SYN-06776,4.7,3.8,3.5,4.4,3.8,4.1,3.0,3.9,3.8,3.7,4.1,3.6,3.8
SYN-06777,2.8,3.0,2.7,2.7,2.7,2.7,2.4,3.0,3.0,2.3,2.6,3.2,2.8
SYN-06778,2.7,2.5,3.2,2.6,3.0,3.4,2.9,3.2,3.0,3.1,2.7,2.6,2.7
SYN-06779,3.2,3.4,3.5,2.9,3.4,3.4,3.3,3.0,3.4,3.4,3.6,3.3,3.4
SYN-06780,3.5,3.4,2.9,2.7,3.1,2.8,3.4,3.0,3.1,3.9,3.2,3.7,3.4
SYN-06781,2.1,2.5,1.8,2.6,2.3,2.5,2.3,2.9,2.5,2.4,2.4,2.6,2.4
SYN-06782,2.7,3.3,3.4,3.2,3.5,3.5,2.8,3.2,3.8,3.6,3.6,3.7,3.3
SYN-06783,3.3,3.7,3.8,3.8,3.3,3.6,3.4,3.7,3.4,3.4,3.7,3.4,3.3
SYN-06784,3.7,3.6,3.1,3.8,3.9,3.5,3.3,3.9,3.9,3.2,3.4,3.4,3.9
SYN-06785,2.8,2.5,2.6,2.5,2.3,2.7,2.7,2.7,2.6,2.2,2.4,2.6,2.8
SYN-06786,3.7,3.2,3.0,3.6,3.7,3.8,4.1,3.9,3.8,3.4,4.0,3.3,3.9
SYN-06787,4.4,4.3,3.7,3.3,3.6,3.9,3.8,3.9,3.3,4.1,3.7,3.8,3.7
SYN-06788,3.0,2.6,2.2,2.9,2.3,2.7,3.1,2.9,2.8,2.8,2.4,2.9,2.9
SYN-06789,3.0,2.9,2.9,3.1,2.7,2.5,3.2,2.5,2.7,3.0,3.0,2.9,3.3
SYN-06790,4.2,3.9,3.8,4.0,4.0,4.3,3.9,4.2,3.5,4.0,3.7,3.9,3.9
SYN-06791,4.0,4.1,4.2,4.9,4.2,3.8,4.1,3.8,4.1,3.6,4.2,4.5,4.2
SYN-06792,3.3,4.2,3.2,3.5,3.4,3.5,3.2,3.6,3.8,3.4,3.8,3.6,3.5
SYN-06793,2.9,3.2,3.6,3.1,3.3,2.9,3.4,3.4,4.0,3.3,3.3,3.2,3.2
SYN-06794,3.5,4.0,3.5,4.0,3.6,3.4,3.4,3.4,3.4,3.2,3.4,2.9,3.6
SYN-06795,4.1,4.2,4.0,4.7,3.7,4.5,3.8,4.0,4.4,4.8,4.5,3.5,4.4
SYN-06796,2.8,3.8,3.1,3.3,2.8,2.8,3.0,2.8,3.1,2.9,3.0,3.3,3.0
SYN-06797,3.2,3.0,3.1,3.4,3.2,2.9,3.1,3.5,3.1,2.5,3.5,3.2,3.5
SYN-06798,3.1,3.4,3.4,3.0,2.8,2.9,3.3,3.2,3.2,3.3,3.1,3.1,3.0
SYN-06799,2.8,3.2,2.6,2.9,3.1,2.5,3.2,2.4,2.9,2.4,2.9,2.5,2.0
SYN-06800,4.4,4.0,3.8,3.9,3.9,3.9,3.9,3.9,4.6,3.3,3.4,4.1,3.2
SYN-06801,3.5,3.4,3.6,3.5,3.6,3.4,3.3,3.6,3.8,3.8,3.7,4.0,3.7
SYN-06802,2.6,2.3,2.5,3.0,2.4,2.7,2.4,2.0,2.4,2.6,2.6,2.2,3.5
SYN-06803,3.8,3.9,3.8,3.2,3.4,3.7,2.9,3.4,3.3,3.7,3.2,4.1,4.5
SYN-06804,4.5,4.8,4.6,4.3,4.1,4.5,4.2,4.7,4.2,4.5,4.2,4.1,4.8
SYN-06805,3.5,3.5,3.5,3.5,3.6,3.0,3.9,3.8,3.9,4.0,3.7,3.7,3.8
SYN-06806,4.0,4.3,4.7,4.6,5.0,4.4,4.7,4.4,4.1,4.4,4.3,4.3,4.1
SYN-06807,3.1,2.9,3.8,3.5,2.8,3.0,3.1,3.1,2.9,3.2,3.5,3.1,2.8
SYN-06808,3.4,3.4,4.1,4.1,4.0,3.9,3.9,4.1,3.9,4.0,4.0,4.1,3.4
SYN-06809,4.5,4.3,4.1,4.1,4.4,4.2,4.4,4.3,4.5,3.9,4.3,3.7,3.9
SYN-06810,3.1,3.4,3.4,3.3,3.1,3.0,3.1,3.7,3.5,3.2,3.4,3.5,3.5
SYN-06811,3.1,3.1,3.1,3.6,3.5,3.7,3.3,3.0,3.7,3.2,2.9,3.0,3.5
SYN-06812,4.1,3.9,3.9,4.9,4.2,4.1,4.2,3.5,3.8,3.9,4.5,3.5,3.8
SYN-06813,3.8,3.7,3.5,3.7,4.3,4.1,3.3,3.8,3.3,3.9,4.1,3.4,3.9
SYN-06814,4.5,3.4,4.1,4.1,4.0,3.7,4.1,3.9,4.1,3.8,4.0,4.8,3.6
SYN-06815,2.9,3.8,3.6,3.7,3.4,3.8,4.2,3.5,4.0,3.8,3.9,3.8,3.6
SYN-06816,3.7,3.3,3.7,3.8,3.4,3.1,3.4,3.8,3.3,3.5,3.4,3.3,4.0
SYN-06817,3.7,3.2,2.8,3.6,3.2,3.5,3.4,3.8,3.4,3.5,4.1,3.8,2.9
SYN-06818,3.2,3.1,3.5,3.1,2.8,3.3,3.6,3.3,3.2,3.3,3.1,3.2,3.2
SYN-06819,3.9,4.1,3.9,3.6,3.2,3.7,3.9,4.0,3.6,3.5,3.4,4.0,3.3
SYN-06820,3.7,3.2,3.1,3.8,3.0,3.0,4.0,3.6,3.5,3.5,3.2,3.3,3.9
SYN-06821,3.6,3.4,4.0,3.4,3.8,4.1,3.6,3.0,3.9,4.0,3.6,3.6,3.6
SYN-06822,3.1,3.0,3.6,3.1,3.1,3.3,2.9,3.0,3.2,3.1,3.3,3.0,3.2
SYN-06823,3.3,3.3,2.4,3.1,3.3,2.7,3.4,3.1,2.9,3.2,3.3,2.4,3.5
SYN-06824,3.2,3.5,4.2,4.1,3.7,4.1,3.9,3.9,3.0,3.5,3.7,3.1,4.1
SYN-06825,3.7,4.1,3.6,3.3,3.4,3.8,4.0,3.7,4.0,3.7,3.9,4.2,3.9
SYN-06826,3.0,3.3,3.3,3.2,3.0,3.9,3.2,2.6,3.1,3.0,3.2,2.8,3.1
SYN-06827,4.3,3.9,4.6,4.3,4.3,4.1,4.3,4.5,4.3,4.6,4.3,4.5,4.4
SYN-06828,2.4,2.8,2.8,2.8,2.7,3.4,3.5,2.6,3.3,3.2,3.7,3.0,2.6
SYN-06829,3.3,4.1,3.5,4.0,3.7,4.0,3.3,3.8,4.0,3.9,4.0,3.2,3.7
SYN-06830,3.7,4.2,4.6,4.2,4.0,3.9,3.8,4.1,3.8,3.6,3.7,3.5,3.2
SYN-06831,3.0,3.5,2.9,3.2,3.7,3.3,3.2,3.2,3.9,3.8,3.3,3.7,3.6
SYN-06832,4.4,4.6,3.7,4.3,4.2,4.5,3.7,3.8,4.2,4.1,4.3,3.7,4.6
SYN-06833,4.4,4.4,4.4,4.1,4.2,4.9,4.4,4.4,4.7,4.2,4.5,4.4,4.3
SYN-06834,2.7,3.1,3.0,2.6,3.0,2.5,2.7,3.0,2.9,2.5,3.0,2.8,3.2
SYN-06835,2.4,1.9,2.3,2.0,2.3,2.4,2.4,2.0,2.1,2.3,2.1,2.1,1.9
SYN-06836,3.3,3.0,3.1,3.2,2.5,2.8,3.7,2.8,3.5,3.5,3.2,3.7,3.5
SYN-06837,3.0,3.1,3.2,3.1,3.2,3.4,3.3,2.9,2.7,3.0,3.6,2.6,2.9
SYN-06838,3.2,3.0,3.3,3.1,3.2,3.2,3.3,3.0,3.1,3.2,3.2,3.3,3.4
SYN-06839,4.2,4.4,4.2,4.2,4.6,4.5,4.3,4.3,4.1,4.8,4.5,4.0,4.5
SYN-06840,4.8,4.8,5.0,4.9,5.0,5.0,5.0,4.7,5.0,4.8,5.0,5.0,4.6
SYN-06841,3.0,3.0,2.7,2.4,3.2,2.6,3.2,2.9,3.4,2.6,3.0,3.6,2.8
SYN-06842,4.1,3.4,3.7,3.4,3.8,3.2,3.5,3.5,3.4,4.1,3.4,3.7,4.2
SYN-06843,3.7,2.9,4.2,3.9,4.0,4.0,3.6,3.2,3.9,3.1,3.2,3.6,3.9
SYN-06844,3.5,3.5,4.5,4.0,3.8,4.1,3.9,3.4,3.3,3.6,3.6,4.3,3.7
SYN-06845,3.3,2.9,3.0,1.9,3.5,2.5,3.1,2.3,3.2,2.3,2.5,2.6,2.6
SYN-06846,4.1,4.3,3.9,4.3,4.7,3.9,4.1,4.4,3.7,3.8,4.3,4.1,4.2
SYN-06847,4.1,3.5,4.5,4.0,4.0,3.9,4.2,4.2,3.1,4.2,3.6,3.8,3.7
SYN-06848,3.1,3.1,3.2,2.7,3.2,3.4,3.2,3.1,3.0,2.4,3.4,3.3,3.1
SYN-06849,3.7,4.1,4.0,4.6,4.5,3.9,4.4,3.8,4.6,4.2,4.8,4.0,4.6
SYN-06850,3.1,2.6,2.3,2.9,2.4,2.6,2.5,3.3,2.7,2.8,2.7,2.5,2.9
SYN-06851,2.8,2.4,2.6,2.9,2.2,2.5,2.8,2.3,2.6,2.4,2.4,2.4,2.2
SYN-06852,3.0,3.4,3.8,3.4,3.5,3.2,3.7,4.2,3.8,3.6,3.8,4.0,3.9
SYN-06853,4.1,3.8,4.3,3.6,4.2,3.9,3.5,3.2,3.8,3.3,3.8,3.4,4.0
SYN-06854,3.0,4.0,3.5,2.9,3.6,2.9,3.6,3.2,4.1,3.4,2.8,3.4,3.1
SYN-06855,4.5,4.2,4.0,4.2,4.4,4.3,3.4,4.5,3.6,4.4,3.9,4.0,4.0
SYN-06856,3.2,3.5,3.5,3.2,3.4,3.1,3.0,3.4,3.5,3.0,3.6,3.5,2.6
SYN-06857,3.9,4.0,4.1,3.8,4.1,4.2,4.7,4.5,4.9,3.8,4.2,4.1,4.1
SYN-06858,3.8,3.8,3.8,4.2,4.0,3.7,4.2,3.5,4.2,4.1,3.6,4.0,3.6
SYN-06859,4.7,4.0,4.7,3.9,4.7,4.2,4.6,4.8,4.2,3.7,4.1,4.4,4.2
SYN-06860,2.0,2.2,2.9,3.0,2.1,2.7,2.7,2.2,3.2,2.5,2.5,2.0,2.7
SYN-06861,2.7,3.3,3.1,3.0,3.0,3.6,3.5,3.5,3.2,3.0,3.1,3.0,3.3
SYN-06862,3.1,3.0,3.3,2.9,3.1,2.6,3.6,3.3,2.8,3.3,3.3,2.5,3.3
SYN-06863,3.6,4.1,4.5,4.0,4.8,4.2,3.9,3.9,4.0,3.9,3.4,3.8,3.7
SYN-06864,4.6,4.1,4.5,4.4,4.3,4.2,4.4,4.4,4.1,4.3,4.3,4.5,4.4
SYN-06865,3.4,3.3,3.2,3.1,3.7,3.1,3.8,3.8,3.1,3.5,3.5,3.5,3.4
SYN-06866,3.5,4.3,4.3,3.7,3.6,3.2,4.0,3.8,3.5,3.9,3.6,4.0,3.6
SYN-06867,4.1,4.3,4.2,3.9,4.6,4.2,4.6,4.4,3.7,4.5,4.2,4.2,5.0
SYN-06868,3.8,3.6,3.6,4.3,3.7,4.0,3.8,3.7,4.0,3.8,3.7,3.8,3.3
SYN-06869,4.0,3.9,3.7,4.0,3.7,3.6,4.2,4.1,4.1,4.3,4.1,3.4,4.2
SYN-06870,2.3,2.3,2.6,2.7,2.6,2.4,2.7,2.5,2.5,2.1,2.0,2.3,2.1
SYN-06871,4.8,3.9,4.1,3.8,4.5,4.2,4.9,4.5,4.3,4.4,4.5,4.6,4.7
SYN-06872,3.2,3.1,3.4,3.9,3.7,3.9,3.8,3.0,3.3,3.3,3.4,3.4,3.7
SYN-06873,4.5,5.0,5.0,5.0,4.8,5.0,4.8,5.0,4.9,4.7,4.5,5.0,4.8
SYN-06874,3.0,3.2,2.7,3.2,3.1,2.6,2.8,3.3,3.4,3.3,2.8,2.9,2.7
SYN-06875,4.0,3.4,4.3,3.7,3.7,3.6,3.6,3.8,3.5,4.1,4.0,3.8,4.0
SYN-06876,3.7,3.6,4.1,3.9,4.0,3.6,4.0,3.6,4.3,3.9,4.4,4.0,3.7
SYN-06877,2.4,1.8,2.0,2.1,1.4,2.6,2.3,1.7,2.2,1.8,2.2,1.8,2.1
SYN-06878,4.6,4.6,4.4,4.3,4.4,4.8,4.6,4.7,4.5,4.8,4.9,4.1,4.2
SYN-06879,4.2,4.4,3.6,3.5,3.7,3.8,4.0,4.1,3.9,4.4,3.9,3.7,3.6
SYN-06880,2.5,2.7,2.6,2.6,2.6,2.4,2.7,3.3,2.6,2.8,2.5,3.2,2.5
SYN-06881,3.6,3.2,3.1,3.6,3.5,3.9,3.9,3.8,3.8,3.9,3.8,3.5,3.5
SYN-06882,3.6,3.6,3.8,4.0,3.6,3.8,4.3,3.8,3.9,4.2,3.6,3.9,3.4
SYN-06883,3.3,3.3,3.6,4.1,3.2,3.8,3.7,3.5,3.5,3.6,3.4,3.3,3.8
SYN-06884,3.1,3.2,2.9,3.2,2.7,3.2,2.7,2.6,2.7,3.3,2.9,3.1,3.0
SYN-06885,3.6,2.9,3.4,3.3,3.7,3.6,2.8,3.8,3.8,3.6,3.0,3.6,3.7
SYN-06886,3.9,4.3,4.5,3.9,3.7,3.9,4.1,4.0,3.7,4.3,3.9,4.2,4.2
SYN-06887,3.9,4.1,4.5,4.2,3.5,3.9,3.7,4.3,4.0,3.9,3.5,4.9,4.0
SYN-06888,3.5,3.1,3.6,3.5,3.5,3.1,3.0,4.0,3.2,3.7,3.4,3.8,3.6
SYN-06889,3.7,3.7,3.4,3.3,3.6,3.2,3.0,3.7,3.5,3.9,3.9,3.8,3.8
SYN-06890,3.2,3.6,3.2,3.6,4.3,2.7,3.7,3.5,3.2,3.7,3.1,4.0,3.7
SYN-06891,2.8,2.4,2.8,3.4,3.5,2.9,3.2,2.8,2.9,2.7,3.4,2.8,3.1
SYN-06892,3.5,4.3,3.5,3.3,3.2,3.7,4.1,4.0,3.3,3.7,3.2,3.5,3.1
SYN-06893,3.1,2.8,3.1,3.5,2.8,3.0,3.4,3.0,2.7,3.0,3.1,3.3,2.6
SYN-06894,3.1,3.0,2.3,2.9,3.0,2.7,2.6,2.9,2.9,2.3,2.7,2.7,2.6
SYN-06895,2.4,2.5,1.7,2.1,2.3,2.5,2.4,2.1,2.2,2.5,2.0,1.9,2.5
SYN-06896,3.0,2.8,3.4,3.5,3.6,3.5,3.5,2.9,3.4,3.4,3.1,3.3,3.6
SYN-06897,4.2,4.3,3.8,4.4,3.8,3.5,3.9,3.9,3.7,4.0,4.7,4.1,4.2
SYN-06898,4.4,4.0,3.9,4.1,4.2,4.6,3.9,4.2,4.2,4.1,4.3,4.2,4.6
SYN-06899,3.8,3.2,3.4,3.6,3.0,3.4,4.0,3.3,3.9,3.4,3.7,3.7,3.8
SYN-06900,2.4,3.1,2.7,2.5,2.9,2.8,2.6,2.7,1.9,2.7,2.7,2.7,2.6
SYN-06901,3.6,3.5,3.5,3.1,3.2,2.6,3.5,3.8,2.8,3.7,3.8,3.1,4.2
SYN-06902,2.6,2.7,2.8,3.0,2.6,2.7,2.5,2.9,3.3,2.8,3.1,2.8,3.3
SYN-06903,4.6,4.2,4.6,4.5,4.5,4.7,4.1,4.5,4.9,4.9,4.3,4.1,5.0
SYN-06904,3.0,3.2,3.0,3.3,3.1,3.5,3.5,2.9,2.8,2.9,3.1,3.5,3.4
SYN-06905,3.7,3.0,2.9,3.2,2.7,3.3,3.1,3.8,3.2,3.8,3.4,3.5,3.4
SYN-06906,3.5,4.4,4.2,4.0,3.6,3.5,3.9,4.3,4.0,4.1,4.5,4.3,4.2
SYN-06907,3.7,3.6,3.7,3.6,3.6,4.5,3.4,2.8,3.2,3.8,3.6,3.4,3.6
SYN-06908,4.4,4.3,4.5,4.7,4.4,4.1,4.5,3.9,3.7,3.7,4.0,3.8,4.2
SYN-06909,3.1,3.4,2.8,3.2,3.0,3.1,3.4,3.1,2.7,2.5,2.4,2.4,2.8
SYN-06910,3.6,3.6,3.4,3.0,3.9,3.3,3.7,3.2,3.1,3.4,3.7,3.0,3.5
SYN-06911,3.7,3.7,3.4,3.7,3.6,3.3,4.1,4.1,3.6,3.6,3.7,4.0,4.2
SYN-06912,1.6,2.3,2.1,2.0,1.7,2.0,2.0,2.0,2.0,2.4,2.2,2.3,1.6
SYN-06913,3.0,3.0,3.3,3.2,3.4,3.6,3.2,3.1,3.0,2.6,2.7,2.6,3.0
SYN-06914,3.0,3.7,3.2,3.2,2.9,3.1,2.5,3.4,3.0,2.8,3.1,3.4,3.4
SYN-06915,4.1,3.5,3.2,3.6,3.8,3.7,3.6,3.8,3.4,3.5,3.6,2.7,3.3
SYN-06916,3.0,2.9,2.9,3.4,3.5,3.0,3.0,3.5,3.6,3.4,3.6,3.3,3.6
SYN-06917,3.6,3.8,3.3,4.1,4.2,3.7,4.2,3.8,3.6,3.5,4.2,3.6,3.7
SYN-06918,3.6,3.5,3.3,3.7,2.9,3.3,3.4,3.3,3.6,3.1,3.3,4.1,3.6
SYN-06919,4.4,4.1,4.5,3.7,4.5,4.1,3.9,3.9,4.1,4.4,3.8,4.6,3.8
SYN-06920,4.6,4.5,4.7,4.5,4.5,4.3,4.7,4.3,4.6,4.4,4.3,4.4,4.4
SYN-06921,2.8,2.5,3.1,2.5,2.6,2.5,2.6,2.7,2.7,2.9,2.7,2.7,3.0
SYN-06922,3.4,3.9,3.6,2.7,3.6,3.9,3.7,3.5,3.4,4.0,3.5,3.2,3.5
SYN-06923,3.8,3.4,4.1,4.1,4.0,4.0,4.1,3.9,3.8,3.7,4.0,4.2,3.4
SYN-06924,3.3,3.0,2.9,3.6,3.5,3.3,2.8,3.5,2.8,3.0,3.2,2.5,3.2
SYN-06925,3.4,3.5,3.3,4.0,3.5,3.7,4.1,3.9,3.7,3.4,3.4,3.8,3.4
SYN-06926,2.7,3.1,3.4,3.1,3.6,3.1,3.2,3.1,3.2,3.0,3.7,3.6,2.9
SYN-06927,3.3,3.4,3.1,3.3,3.0,3.1,3.1,2.7,3.2,3.1,2.6,2.5,3.0
SYN-06928,2.9,2.6,3.3,3.1,3.1,3.0,2.6,2.6,3.3,3.0,2.6,2.9,3.1
SYN-06929,2.0,2.2,2.5,2.7,1.6,2.4,2.3,2.2,1.9,2.3,2.0,2.3,2.3
SYN-06930,4.0,3.8,3.0,3.6,4.0,3.1,3.6,3.7,2.9,3.7,3.4,3.6,3.7
SYN-06931,3.6,3.6,3.3,3.6,3.5,3.7,3.6,3.3,3.4,3.4,3.6,3.7,3.6
SYN-06932,3.0,2.8,2.7,2.6,2.9,2.8,3.7,3.6,3.1,2.7,3.0,3.1,2.3
SYN-06933,3.3,2.9,3.2,3.1,3.3,3.2,3.4,3.6,3.5,3.9,3.2,3.8,3.0
SYN-06934,2.2,2.9,3.2,2.5,2.9,2.5,3.0,3.0,2.8,2.4,2.8,2.2,2.7
SYN-06935,3.6,3.8,3.8,3.8,3.3,3.4,4.3,4.0,3.9,3.3,3.9,3.9,3.7
SYN-06936,2.9,3.1,3.6,3.5,3.6,3.5,3.0,2.8,3.3,3.6,3.6,3.0,3.4
SYN-06937,3.7,3.8,3.5,4.1,4.1,3.6,3.8,3.5,3.4,3.5,3.9,3.8,3.9
SYN-06938,3.2,3.6,3.2,3.7,3.2,3.5,3.3,3.0,3.8,3.9,3.3,3.3,3.6
SYN-06939,2.9,3.2,3.0,3.0,2.8,2.8,3.3,3.4,3.0,3.3,2.7,3.1,2.9
SYN-06940,3.2,3.1,3.1,2.4,2.8,2.7,3.1,2.9,2.7,2.9,3.1,4.1,3.2
SYN-06941,4.2,3.9,4.0,4.6,4.8,4.1,4.4,5.0,4.9,4.4,4.0,4.0,3.7
SYN-06942,4.6,5.0,4.4,4.6,4.6,4.7,4.4,4.6,4.7,4.8,4.8,4.4,4.6
SYN-06943,2.8,3.0,2.8,2.4,2.7,2.8,2.8,2.9,2.8,2.2,2.4,3.0,2.4
SYN-06944,4.1,3.8,4.3,4.3,3.7,4.2,4.3,4.2,3.9,3.5,4.3,3.8,3.9
SYN-06945,3.0,2.6,2.6,2.6,2.6,2.6,2.9,3.0,2.7,2.9,2.1,3.0,2.9
SYN-06946,3.4,3.2,3.2,2.9,2.6,3.1,2.6,3.1,3.2,3.1,2.8,3.6,3.0
SYN-06947,3.9,4.1,4.0,3.8,4.1,3.7,3.9,3.7,3.4,3.7,3.2,3.6,3.5
SYN-06948,4.0,4.2,3.4,3.9,3.9,4.2,4.0,4.1,3.9,3.4,3.6,3.9,3.4
SYN-06949,2.9,3.0,3.1,3.2,3.2,3.3,2.8,3.0,3.2,2.8,3.3,3.1,2.7
SYN-06950,4.1,3.9,4.4,4.2,3.3,3.8,3.9,3.9,3.6,3.9,3.8,3.6,3.7
SYN-06951,4.0,4.7,4.5,4.2,3.6,4.6,3.5,3.8,3.7,3.9,4.7,4.4,4.2
SYN-06952,3.9,3.6,4.1,4.3,4.2,4.1,4.2,3.9,3.3,4.2,3.6,3.9,4.4
SYN-06953,3.0,3.5,3.0,2.7,2.9,2.8,3.3,2.9,3.2,3.1,2.4,2.7,3.0
SYN-06954,3.1,3.3,3.4,3.6,3.4,3.3,3.4,3.1,3.3,3.4,3.3,3.3,3.5
SYN-06955,3.7,3.7,3.9,4.3,3.6,4.3,4.4,4.0,3.7,3.5,4.6,3.6,3.8
SYN-06956,3.8,3.7,4.6,4.2,4.6,4.3,4.7,4.3,4.6,4.1,4.1,4.1,4.2
SYN-06957,2.3,2.5,2.5,3.4,2.8,2.7,3.0,2.7,2.9,3.0,3.0,2.8,2.8
SYN-06958,3.8,3.8,3.8,3.7,3.4,3.8,3.3,3.7,3.7,3.2,3.4,4.1,3.4
SYN-06959,4.1,3.5,3.5,4.1,4.2,3.9,4.0,4.3,3.8,3.9,3.8,3.7,3.4
SYN-06960,2.5,3.1,3.2,2.4,3.0,2.7,3.2,2.7,2.5,2.8,2.3,2.8,2.6
SYN-06961,4.0,3.9,3.8,4.1,4.1,4.0,4.2,4.0,4.0,3.9,4.4,4.7,3.3
SYN-06962,4.6,4.6,4.7,5.0,4.7,4.6,4.8,4.9,4.5,4.6,4.7,5.0,4.7
SYN-06963,4.0,3.7,4.0,3.8,3.8,3.7,3.9,3.8,3.6,3.6,3.9,3.9,4.1
SYN-06964,3.8,3.5,4.0,3.6,4.1,4.1,3.6,3.6,3.5,3.4,4.3,3.6,3.7
SYN-06965,3.8,3.4,3.4,3.3,3.4,2.4,3.0,2.9,2.6,2.6,3.0,2.7,3.0
SYN-06966,3.1,3.7,3.4,3.5,2.9,3.6,3.4,3.2,2.8,3.3,3.1,3.0,3.3
SYN-06967,3.0,3.1,2.8,2.7,3.6,2.8,2.8,3.0,3.4,2.9,3.1,2.9,3.5
SYN-06968,2.4,3.1,3.6,2.9,2.7,2.4,3.1,3.3,3.4,3.5,3.2,2.5,3.4
SYN-06969,3.1,3.2,3.6,3.5,3.1,3.5,2.6,3.6,3.2,4.0,3.3,3.7,3.6
SYN-06970,3.9,3.9,3.8,3.9,3.9,3.6,3.5,3.5,3.6,3.7,3.9,3.7,4.0
SYN-06971,3.0,3.7,3.1,3.0,2.8,3.4,3.3,3.5,3.4,3.0,2.7,3.1,3.3
SYN-06972,3.3,3.2,3.2,3.7,3.2,3.5,3.6,3.5,3.1,3.2,2.8,3.2,2.8
SYN-06973,4.0,3.3,3.4,3.6,3.5,4.3,4.0,3.6,4.1,3.8,3.7,3.4,3.5
SYN-06974,3.0,2.5,2.3,2.4,2.4,2.3,1.6,2.6,2.9,2.4,2.5,2.1,2.2
SYN-06975,4.1,4.1,4.0,4.3,4.1,4.2,3.9,4.3,3.7,4.0,4.1,3.9,4.0
SYN-06976,3.8,3.8,3.6,3.5,3.7,4.2,3.8,4.1,3.7,3.7,2.9,3.6,3.9
SYN-06977,3.7,3.6,3.6,4.2,3.4,3.9,4.1,3.8,3.4,3.8,3.8,4.1,3.6
SYN-06978,3.5,3.8,4.1,4.1,4.4,4.1,4.0,3.9,4.1,4.2,4.2,4.3,4.2
SYN-06979,3.6,3.6,3.9,3.9,4.4,3.8,4.2,4.5,4.2,4.3,4.5,4.1,4.3
SYN-06980,3.9,4.4,3.9,3.6,3.6,3.7,3.4,4.3,4.3,4.1,3.9,3.5,3.7
SYN-06981,3.8,3.5,3.7,3.3,3.4,3.5,4.0,3.7,3.4,3.5,4.1,3.9,3.4
SYN-06982,3.5,3.5,3.7,3.2,3.4,3.8,3.7,3.3,3.6,3.4,3.6,3.7,3.3
SYN-06983,3.1,3.2,3.0,3.0,3.3,3.5,3.0,3.0,2.9,3.2,3.6,3.1,3.6
SYN-06984,2.8,2.6,3.5,2.9,3.3,3.2,3.2,2.9,3.1,2.9,2.6,2.9,3.2
SYN-06985,4.0,4.0,3.7,4.1,3.4,4.5,3.7,3.7,3.4,3.6,3.9,3.9,3.3
SYN-06986,3.8,3.2,4.1,4.1,3.4,3.8,3.3,3.6,3.8,3.7,3.8,3.8,3.8
SYN-06987,3.4,3.5,3.6,3.5,4.4,3.6,3.2,3.3,3.7,3.5,3.5,3.1,3.2
SYN-06988,2.4,2.5,2.4,3.0,2.8,3.0,3.2,2.8,2.5,3.0,2.4,2.6,2.7
SYN-06989,2.1,2.4,1.8,1.6,2.5,2.3,2.9,1.6,2.1,1.6,2.5,1.5,1.8
SYN-06990,3.6,3.6,3.5,3.7,3.8,3.7,3.4,3.3,3.6,3.7,3.7,3.4,3.0
SYN-06991,2.7,2.3,2.5,2.5,2.1,2.5,2.6,2.7,1.9,2.0,2.3,2.4,2.0
SYN-06992,3.5,3.3,3.3,3.7,3.5,3.3,3.9,3.4,4.1,3.1,3.9,3.7,3.6
SYN-06993,4.5,4.6,4.6,5.0,4.5,4.9,4.5,4.6,4.5,4.0,4.3,5.0,4.3
SYN-06994,3.9,3.0,3.6,3.8,3.7,3.8,2.9,3.4,3.5,3.4,3.6,3.1,3.6
SYN-06995,3.8,3.1,2.8,3.6,3.1,2.8,3.2,3.1,3.3,3.3,3.4,3.3,3.9
SYN-06996,2.7,2.5,2.6,3.3,2.4,3.2,3.6,3.3,2.8,3.1,3.2,2.8,2.6
SYN-06997,3.2,3.4,3.6,3.2,3.1,3.1,3.8,3.2,3.4,3.5,3.1,3.0,3.2
SYN-06998,3.2,3.3,2.9,3.8,3.2,3.8,3.2,3.1,3.0,2.8,3.9,3.7,3.5
SYN-06999,4.5,3.8,3.8,4.1,3.9,4.5,5.0,4.4,4.2,4.1,4.6,4.1,4.3
SYN-07000,3.3,3.4,3.7,3.9,3.5,3.7,3.3,3.7,3.9,3.6,3.5,3.4,3.4
SYN-07001,3.7,3.2,3.3,3.1,3.3,3.6,3.0,3.1,3.8,3.2,3.6,3.2,3.1
SYN-07002,4.5,3.8,4.1,3.8,3.8,4.2,3.8,3.6,3.8,3.9,3.7,3.7,3.5
SYN-07003,4.2,3.9,4.0,4.5,4.6,4.3,3.9,4.2,4.7,4.4,4.0,4.6,4.2
SYN-07004,3.5,3.8,3.6,4.2,3.9,3.7,3.9,3.4,4.1,3.8,4.4,3.5,3.1
SYN-07005,3.5,3.0,4.3,3.6,3.2,3.4,3.1,3.3,4.1,3.8,3.8,3.7,3.6
SYN-07006,2.2,2.7,3.3,2.9,2.7,2.5,2.4,3.6,2.8,2.6,2.5,2.3,3.1
SYN-07007,2.8,2.9,2.4,2.9,2.7,2.9,2.7,2.7,2.9,2.5,2.5,2.2,2.8
SYN-07008,2.8,2.4,2.3,2.7,2.9,2.2,2.5,3.0,2.4,2.5,2.9,2.6,2.8
SYN-07009,3.6,3.8,3.7,4.0,4.0,3.6,3.4,3.3,3.2,2.9,3.2,3.7,3.2
SYN-07010,3.5,3.0,3.4,3.4,2.8,3.6,3.6,3.2,2.4,2.8,2.6,3.0,2.9
SYN-07011,3.4,2.9,2.5,3.5,3.5,2.5,3.1,3.1,3.0,3.6,3.3,2.7,3.4
SYN-07012,3.1,3.1,3.2,2.5,3.0,3.2,2.9,2.9,2.9,3.3,2.7,3.0,2.9
SYN-07013,3.5,3.1,3.1,2.5,2.7,3.3,3.0,3.3,3.3,3.4,2.7,3.6,3.2
SYN-07014,2.6,1.9,2.7,2.2,2.5,3.0,2.6,2.5,2.6,2.3,2.0,2.7,2.5
SYN-07015,4.0,3.3,3.2,3.8,3.4,3.2,3.4,3.3,3.2,3.7,3.8,3.5,4.2
SYN-07016,3.8,4.1,3.4,3.5,4.2,4.2,3.8,4.1,4.0,4.1,3.6,4.7,4.9
SYN-07017,3.4,3.5,3.8,3.8,3.4,3.8,3.5,3.2,3.4,3.6,3.7,3.3,3.5
SYN-07018,4.0,3.9,3.7,3.7,4.1,4.1,3.6,2.8,3.2,3.3,3.7,3.9,3.9
SYN-07019,3.5,3.6,3.7,3.7,3.6,4.5,3.8,3.4,3.8,3.6,3.7,3.5,3.5
SYN-07020,3.2,3.7,3.7,3.6,4.0,3.7,3.7,3.8,3.7,3.8,3.3,4.1,3.3
SYN-07021,4.2,4.1,3.8,4.1,3.9,4.3,3.8,4.0,3.7,3.7,3.9,4.4,4.1
SYN-07022,4.1,4.1,3.7,3.9,3.9,4.2,4.4,4.1,4.2,4.2,4.2,4.2,4.3
SYN-07023,4.2,4.6,4.0,3.9,4.4,4.3,4.3,4.2,4.6,4.1,4.1,4.5,4.6
SYN-07024,2.2,2.8,2.4,2.3,2.5,2.5,2.7,3.2,2.1,2.3,2.3,3.0,1.9
SYN-07025,3.7,3.9,4.1,3.7,4.1,3.5,3.6,3.2,4.0,3.5,3.7,4.2,3.5
SYN-07026,3.2,3.1,2.8,2.8,2.7,2.8,2.6,3.3,2.9,3.1,2.6,3.2,3.1
SYN-07027,4.4,4.5,4.3,4.5,4.5,4.5,4.5,4.3,3.8,4.2,4.0,3.9,4.4
SYN-07028,4.0,2.9,3.3,3.5,3.7,3.4,3.7,3.9,3.6,3.7,3.1,2.9,3.4
SYN-07029,3.7,3.7,3.7,3.5,3.8,3.6,3.7,3.7,3.5,3.5,4.2,3.9,3.6
SYN-07030,3.6,3.5,3.6,3.6,3.4,3.7,3.6,3.4,3.8,3.4,3.3,3.8,3.3
SYN-07031,3.8,4.2,3.9,3.5,3.4,3.9,3.7,3.1,3.8,3.5,3.7,3.7,3.7
SYN-07032,5.0,4.9,4.0,4.6,3.9,4.8,4.7,4.2,4.4,4.7,4.4,4.2,4.4
SYN-07033,4.6,3.7,3.9,4.0,4.7,4.6,3.9,4.2,4.4,4.4,4.2,4.2,4.8
SYN-07034,4.3,3.9,4.4,4.5,4.4,4.0,4.5,4.1,4.4,4.2,4.7,3.9,4.0
SYN-07035,3.4,3.4,3.3,3.5,3.4,3.7,3.4,3.9,3.1,3.9,3.4,2.8,2.7
SYN-07036,2.2,2.5,2.6,2.1,2.1,2.7,1.9,2.1,2.5,2.1,2.4,2.2,2.2
SYN-07037,3.6,3.7,4.6,3.7,4.0,4.0,4.7,4.4,3.4,4.1,4.1,4.3,3.5
SYN-07038,2.9,2.8,3.0,2.8,2.8,2.5,3.1,2.8,2.8,2.8,2.8,3.2,3.0
SYN-07039,2.7,2.9,2.7,2.6,3.6,3.5,3.8,3.2,3.6,3.5,2.7,3.6,3.2
SYN-07040,3.6,3.3,3.0,3.6,3.9,3.1,3.5,3.8,2.7,3.2,3.5,3.3,3.3
SYN-07041,3.1,3.5,3.2,3.1,3.1,3.9,3.3,3.6,3.3,3.0,3.3,3.3,3.5
SYN-07042,3.9,3.5,4.3,4.3,3.9,3.9,3.6,3.4,3.8,3.7,4.3,4.6,3.6
SYN-07043,3.0,3.2,3.1,3.1,3.4,3.4,3.1,3.7,3.2,2.8,3.3,2.8,3.0
SYN-07044,4.1,3.7,4.1,3.9,3.5,3.3,3.3,3.7,3.7,4.3,3.8,3.7,3.9
SYN-07045,3.4,3.2,3.4,3.3,3.3,3.2,3.6,3.2,3.0,3.4,3.4,3.2,4.1
SYN-07046,5.0,4.9,4.7,4.5,4.6,4.8,5.0,5.0,5.0,5.0,5.0,5.0,4.9
SYN-07047,2.4,2.6,2.4,2.7,2.3,2.6,3.1,3.2,2.9,3.0,2.4,2.5,2.8
SYN-07048,4.2,4.0,3.3,3.6,3.8,4.0,3.5,3.5,3.7,3.2,3.5,3.8,3.5
SYN-07049,4.4,4.0,3.4,3.7,3.3,3.8,3.6,3.9,3.8,4.0,4.3,4.2,4.3
SYN-07050,3.2,3.2,3.0,3.1,3.4,2.9,3.2,2.9,3.3,3.0,2.9,3.2,2.8
SYN-07051,3.3,3.0,3.2,2.6,3.6,2.8,3.7,3.1,3.6,3.5,3.0,3.4,3.1
SYN-07052,4.2,4.5,3.8,4.1,4.4,4.5,4.3,4.0,4.4,4.1,4.9,4.3,3.7
SYN-07053,3.8,3.7,3.5,3.6,3.9,3.7,4.0,4.0,3.9,4.0,4.5,4.4,4.0
SYN-07054,3.1,3.2,3.2,3.2,2.6,3.1,3.3,3.0,2.8,3.0,3.1,2.6,2.9
SYN-07055,2.9,2.8,2.8,3.1,2.7,2.7,3.0,2.7,2.8,2.1,2.8,2.6,2.7
SYN-07056,4.3,3.9,3.9,3.7,3.8,4.2,4.0,4.3,3.6,3.4,3.8,4.1,3.9
SYN-07057,3.3,3.5,3.9,4.0,3.5,4.1,3.9,3.5,4.2,3.5,3.6,3.9,3.6
SYN-07058,4.3,4.2,3.9,4.1,3.7,3.7,3.4,3.9,4.5,3.6,3.2,4.0,3.9
SYN-07059,3.6,3.3,2.9,3.1,2.8,3.7,3.6,3.3,3.1,3.3,2.9,3.3,4.1
SYN-07060,4.0,4.7,3.4,3.9,3.6,3.8,4.0,3.8,3.6,3.8,3.7,4.1,4.2
SYN-07061,4.7,4.4,4.4,3.9,4.4,4.4,4.3,4.0,4.6,4.1,4.6,4.6,3.7
SYN-07062,4.6,4.3,3.8,4.2,4.6,4.3,4.1,4.4,4.3,4.0,4.0,4.4,4.5
SYN-07063,2.9,3.1,2.8,3.6,3.0,2.5,2.7,3.0,3.4,3.2,2.9,2.6,3.0
SYN-07064,4.7,4.8,4.9,5.0,4.8,4.2,5.0,5.0,4.7,4.5,5.0,4.8,4.6
SYN-07065,3.9,4.2,3.7,3.8,3.8,3.5,3.8,4.3,3.3,3.8,4.1,3.5,3.9
SYN-07066,3.0,2.3,3.2,2.7,2.6,2.3,2.5,2.2,2.1,2.8,2.7,2.2,2.8
SYN-07067,3.3,3.8,3.9,3.1,3.7,3.9,3.4,3.6,4.0,3.6,4.0,4.2,4.2
SYN-07068,3.5,3.3,3.8,3.6,3.6,4.2,3.6,3.4,2.7,3.3,3.5,3.9,4.0
SYN-07069,3.5,3.3,3.3,3.5,3.2,3.7,3.8,3.8,3.0,3.5,3.4,2.9,3.4
SYN-07070,3.3,3.2,3.9,2.9,3.4,3.4,2.6,3.4,3.5,3.6,2.6,3.4,3.2
SYN-07071,4.0,4.0,4.0,3.9,3.9,3.9,3.3,4.8,4.1,4.4,3.9,4.1,3.4
SYN-07072,4.4,4.3,3.6,3.7,3.8,4.0,3.8,4.1,4.0,4.0,3.9,4.3,4.1
SYN-07073,3.1,3.5,2.9,3.0,3.4,3.3,3.3,3.3,3.7,3.2,3.2,3.6,2.9
SYN-07074,3.1,3.4,3.0,3.2,2.9,3.3,2.7,2.8,3.3,3.5,3.2,3.6,3.3
SYN-07075,3.0,3.6,3.3,3.3,3.6,3.1,3.4,3.0,3.2,2.9,3.3,3.4,3.2
SYN-07076,3.5,2.7,3.5,3.0,3.7,3.7,3.1,3.2,3.8,3.8,3.5,3.2,2.9
SYN-07077,4.2,3.8,4.2,4.2,3.9,4.1,4.4,3.9,3.8,4.1,3.9,4.0,4.3
SYN-07078,3.8,4.3,4.0,4.1,4.2,4.1,3.7,4.6,4.5,4.1,4.4,4.0,3.9
SYN-07079,3.4,3.0,3.6,3.2,2.9,2.3,3.3,3.5,3.8,2.9,3.7,3.2,3.4
SYN-07080,4.1,4.1,3.5,4.3,4.4,4.4,4.3,4.0,3.7,4.2,4.1,4.1,4.2
SYN-07081,3.7,3.6,3.4,3.7,4.2,3.4,4.0,4.0,3.2,3.9,3.7,3.7,4.3
SYN-07082,3.9,3.3,3.8,3.3,3.3,3.6,3.9,3.1,3.4,3.9,3.3,3.6,3.5
SYN-07083,4.9,4.6,4.4,4.3,5.0,4.5,4.5,4.7,4.7,4.1,4.5,4.2,4.4
SYN-07084,4.1,4.0,3.9,3.3,3.7,3.5,4.0,3.5,3.4,3.8,4.0,4.0,4.1
SYN-07085,3.8,3.9,3.5,3.3,3.2,3.8,3.4,3.2,3.6,3.0,3.1,3.5,3.7
SYN-07086,3.9,3.9,4.2,4.2,3.3,4.4,3.9,3.7,3.8,3.6,4.7,3.6,3.5
SYN-07087,2.7,2.4,2.9,3.3,2.9,2.9,2.7,2.5,2.7,3.1,3.2,2.8,3.1
SYN-07088,3.1,3.2,2.9,3.7,3.2,3.0,3.5,3.8,3.3,2.8,3.3,3.5,3.6
SYN-07089,3.9,3.7,3.6,3.8,3.2,3.4,3.4,3.5,3.2,3.9,3.3,2.8,3.9
SYN-07090,4.1,3.9,4.0,3.9,4.2,3.7,4.4,4.2,3.7,3.7,3.9,3.6,3.8
SYN-07091,4.0,3.7,4.3,3.4,3.8,3.5,3.6,3.8,3.4,3.4,3.5,3.5,3.3
SYN-07092,3.2,2.7,3.0,3.0,3.1,2.4,2.7,3.0,2.6,3.2,2.4,3.0,2.7
SYN-07093,3.3,3.1,2.8,3.3,2.5,2.9,2.9,3.1,2.2,3.1,3.1,2.8,2.9
SYN-07094,3.3,3.5,2.6,3.2,3.4,3.5,3.2,3.4,3.2,3.6,3.0,3.1,3.4
SYN-07095,3.8,3.8,3.5,3.5,3.6,3.3,3.4,4.1,3.6,3.5,3.5,3.7,4.3
SYN-07096,3.1,2.4,3.2,2.5,2.6,2.6,2.4,3.2,2.6,2.2,2.5,2.8,2.3
SYN-07097,4.4,4.0,4.6,4.4,4.3,3.8,3.9,4.1,4.2,4.7,4.4,4.2,4.7
SYN-07098,3.6,3.8,4.1,3.9,3.8,3.8,3.7,3.7,3.2,3.5,3.7,3.8,3.5
SYN-07099,4.4,3.9,3.7,3.2,3.6,3.8,3.6,3.6,3.6,3.4,3.3,4.3,3.4
SYN-07100,3.3,3.5,2.8,3.9,3.8,3.0,3.3,3.7,3.4,3.7,3.9,3.2,3.5
SYN-07101,2.3,2.6,2.7,2.8,2.5,2.9,2.3,2.4,3.0,2.5,2.8,3.2,2.7
SYN-07102,4.0,3.1,3.4,3.6,3.2,3.4,3.6,3.6,3.5,3.0,3.4,3.1,3.5
SYN-07103,3.9,3.9,3.6,3.4,4.3,3.9,3.8,3.9,3.5,4.3,3.7,3.9,4.1
SYN-07104,3.6,3.4,3.1,3.6,3.7,3.8,3.6,4.0,3.5,3.5,3.8,3.9,3.8
SYN-07105,4.1,4.3,4.4,4.1,3.8,3.8,4.2,4.4,4.0,3.9,3.9,4.1,4.3
SYN-07106,3.6,3.5,3.9,4.3,3.5,3.9,3.3,3.8,3.2,3.4,3.5,2.9,2.9
SYN-07107,3.6,4.3,3.8,4.2,3.4,4.0,4.0,3.6,4.4,3.5,3.8,4.6,3.6
SYN-07108,3.3,3.5,3.0,3.6,2.9,3.4,3.9,3.6,3.4,3.3,3.4,3.4,3.6
SYN-07109,3.9,3.8,3.9,3.9,3.3,3.0,3.8,3.6,3.8,4.2,3.6,3.8,3.5
SYN-07110,4.1,3.7,4.3,4.0,3.9,3.5,3.6,4.2,4.3,4.0,3.9,4.0,3.9
SYN-07111,2.7,2.5,2.5,2.7,2.9,2.5,2.9,2.7,2.4,2.7,3.0,2.7,3.3
SYN-07112,4.0,4.2,4.8,3.7,3.4,3.6,3.9,4.0,3.9,3.7,4.0,4.2,3.6
SYN-07113,3.8,4.7,3.7,4.3,4.0,4.5,4.0,4.2,3.7,3.9,4.2,3.9,3.7
SYN-07114,5.0,4.7,5.0,5.0,4.5,4.7,4.7,4.8,5.0,5.0,4.9,4.6,4.7
SYN-07115,3.2,3.8,4.2,3.6,4.0,3.8,3.4,3.3,3.2,3.6,3.7,3.7,3.2
SYN-07116,2.7,2.2,2.4,2.2,2.0,2.0,2.6,2.3,2.0,2.2,2.8,2.6,2.5
SYN-07117,3.2,3.0,2.5,2.4,3.3,2.9,2.4,2.1,1.8,2.1,2.4,2.9,2.8
SYN-07118,3.1,3.2,2.8,2.6,2.9,3.3,3.0,3.2,3.0,2.6,3.1,2.9,3.3
SYN-07119,3.7,4.7,3.8,4.1,3.8,4.5,3.9,4.0,4.5,4.1,4.2,4.4,4.3
SYN-07120,4.8,4.5,4.6,4.8,4.6,4.8,4.1,4.7,4.9,4.9,4.6,4.8,4.5
SYN-07121,3.7,3.2,3.7,3.2,2.9,3.2,3.0,3.2,3.0,3.2,3.6,3.7,3.1
SYN-07122,3.7,4.0,3.2,3.0,3.1,3.5,2.9,3.9,2.9,3.5,3.6,3.7,3.9
SYN-07123,2.6,2.2,1.9,2.1,2.2,2.2,1.9,2.4,2.0,2.0,1.8,2.4,2.7
SYN-07124,4.2,3.5,3.6,3.4,3.9,4.0,3.7,3.7,3.3,3.8,3.6,3.7,4.5
SYN-07125,3.8,3.6,3.6,3.4,3.9,3.5,3.2,4.1,3.3,4.2,3.8,3.8,3.3
SYN-07126,3.8,4.1,3.1,3.3,3.1,3.3,3.3,3.8,2.9,3.6,3.6,3.1,3.4
SYN-07127,2.8,3.0,3.5,2.7,3.1,2.7,3.2,3.1,3.1,2.8,2.6,2.5,3.0
SYN-07128,3.5,3.4,3.5,3.1,3.3,2.6,3.3,3.8,3.4,3.9,3.4,3.6,3.5
SYN-07129,3.0,2.9,3.0,2.6,3.2,3.2,2.9,2.7,2.4,2.9,2.8,2.6,2.5
SYN-07130,2.7,3.0,3.2,3.2,4.0,3.2,3.4,3.0,2.6,2.9,3.6,2.8,3.1
SYN-07131,2.8,3.3,3.0,3.0,2.8,2.1,2.7,2.8,2.9,2.6,2.4,3.0,2.7
SYN-07132,2.9,2.4,2.9,3.2,3.0,2.8,2.8,2.9,3.0,3.0,3.1,3.2,3.0
SYN-07133,3.4,3.1,2.6,3.0,3.0,3.1,2.7,2.3,3.3,2.8,2.2,2.8,3.1
SYN-07134,3.5,3.5,3.7,3.8,3.6,3.7,4.1,3.8,3.4,4.2,3.8,3.5,3.8
SYN-07135,2.5,2.9,3.0,2.7,2.8,2.7,3.1,2.8,2.7,2.9,2.8,2.8,2.6
SYN-07136,3.7,3.3,3.4,3.5,4.1,3.7,3.3,3.1,3.6,3.3,3.4,3.4,3.4
SYN-07137,2.8,2.8,2.3,3.0,3.1,2.6,3.1,3.0,2.9,3.0,3.1,3.1,2.4
SYN-07138,3.3,3.1,2.6,2.4,2.6,3.3,2.9,3.2,3.5,2.6,2.6,2.9,3.0
SYN-07139,3.1,2.6,2.7,3.3,3.0,3.0,2.8,3.3,3.2,2.9,2.4,3.2,3.1
SYN-07140,4.1,4.4,4.2,3.9,4.3,4.1,4.3,4.1,4.2,4.5,4.5,3.9,4.3
SYN-07141,3.2,3.6,3.4,2.9,3.5,3.7,3.6,3.1,3.5,3.4,3.6,3.7,3.0
SYN-07142,3.1,2.8,3.1,2.7,3.1,3.2,2.4,3.0,2.6,3.3,2.5,3.0,3.5
SYN-07143,2.6,2.7,2.9,3.0,2.3,2.9,3.2,3.6,2.7,2.9,3.1,2.7,3.4
SYN-07144,2.7,2.8,2.9,2.2,2.8,2.6,2.5,2.9,3.1,2.8,3.2,2.7,2.2
SYN-07145,2.8,3.6,3.6,3.2,2.9,3.0,3.1,3.1,3.3,3.2,2.7,2.8,3.3
SYN-07146,2.6,2.7,2.7,2.5,2.7,2.9,2.7,3.1,3.2,2.5,2.8,2.6,2.5
SYN-07147,3.2,2.6,3.5,3.5,3.3,3.6,3.1,2.4,3.1,2.9,3.3,3.7,3.3
SYN-07148,3.0,3.4,3.6,3.2,2.9,3.1,3.2,3.1,3.5,3.4,2.8,2.7,3.0
SYN-07149,2.8,2.9,3.1,3.0,3.1,3.0,2.7,2.8,2.8,2.8,3.2,3.0,2.8
SYN-07150,4.2,4.3,4.3,4.9,4.0,4.3,4.5,4.7,4.1,3.6,4.1,4.3,5.0
SYN-07151,2.9,3.3,3.2,3.6,3.2,2.9,2.7,3.4,3.4,3.5,3.4,3.5,3.5
SYN-07152,3.1,3.4,3.6,3.1,2.9,3.5,3.3,3.8,3.6,3.3,3.0,3.8,3.6
SYN-07153,4.6,4.5,3.8,4.3,4.5,4.2,4.1,4.1,4.0,4.2,3.8,3.7,4.0
SYN-07154,2.6,3.4,3.2,2.7,2.7,3.1,2.7,2.7,2.7,2.7,2.4,3.1,2.7
SYN-07155,3.6,3.6,3.4,3.6,3.2,3.1,3.0,3.3,3.4,3.3,3.8,3.4,3.1
SYN-07156,2.7,2.9,2.5,2.5,3.0,2.9,2.7,2.5,2.6,2.7,2.9,3.0,2.7
SYN-07157,3.2,4.0,3.9,3.8,3.9,3.8,3.6,3.2,3.3,3.4,3.8,4.0,4.0
SYN-07158,3.7,3.8,3.4,4.3,3.4,3.8,4.2,4.0,4.0,3.9,3.3,4.0,4.0
SYN-07159,2.0,2.4,2.0,2.6,2.2,2.3,2.3,2.4,2.2,2.4,2.4,1.8,2.4
SYN-07160,3.8,3.9,3.9,3.9,4.4,3.6,3.2,3.8,3.9,3.7,3.7,4.2,4.0
SYN-07161,4.4,3.4,3.8,3.8,3.6,3.3,3.6,3.8,3.5,3.6,3.6,3.4,4.1
SYN-07162,3.6,3.5,3.8,3.6,3.9,3.3,3.7,3.5,3.9,3.8,3.6,3.6,3.5
SYN-07163,3.2,2.7,2.8,3.0,2.6,2.5,3.1,2.4,3.1,2.7,2.5,3.2,2.3
SYN-07164,4.3,4.8,4.4,3.8,4.4,4.3,3.7,3.6,4.0,4.1,4.2,4.2,4.0
SYN-07165,4.3,4.7,4.8,4.5,4.4,4.3,4.0,4.2,4.9,4.4,4.2,4.4,4.3
SYN-07166,3.4,3.2,3.3,2.7,3.0,3.4,3.2,3.5,3.4,3.7,2.4,3.3,3.5
SYN-07167,3.3,3.2,3.2,3.1,3.2,3.1,3.2,3.1,3.7,3.1,3.8,3.6,3.7
SYN-07168,3.5,3.2,3.0,3.8,3.5,3.4,3.7,4.3,3.5,3.8,3.5,3.8,3.5
SYN-07169,3.6,3.5,3.1,2.9,2.6,3.4,3.7,3.5,3.7,3.8,3.4,2.6,2.9
SYN-07170,3.2,3.0,2.9,3.4,3.1,3.2,3.5,3.1,3.4,3.3,3.7,3.2,3.0
SYN-07171,4.0,4.7,4.5,4.6,4.2,4.1,3.8,4.2,3.7,4.0,4.2,3.9,4.2
SYN-07172,3.3,2.7,3.7,3.7,3.3,3.4,4.2,3.7,3.3,3.6,3.6,3.4,3.4
SYN-07173,3.1,3.6,3.3,3.3,3.5,3.8,3.1,3.6,3.2,4.3,3.2,3.6,3.3
SYN-07174,4.7,3.9,5.0,5.0,5.0,4.7,4.5,4.3,4.2,4.4,4.8,4.5,4.6
SYN-07175,4.4,4.6,4.9,3.8,4.9,4.7,4.5,4.2,4.2,4.6,4.2,3.7,4.3
SYN-07176,2.7,3.2,2.5,3.7,2.9,2.4,2.9,3.1,3.3,2.9,3.0,2.9,2.6
SYN-07177,4.5,4.5,4.2,3.9,4.3,4.6,4.9,4.4,4.4,4.4,4.6,4.3,4.6
SYN-07178,3.6,4.4,4.1,4.2,3.8,4.2,4.4,4.6,4.3,4.4,4.4,4.0,4.6
SYN-07179,3.9,4.6,4.0,3.9,4.1,4.5,4.0,4.6,4.3,4.0,4.2,4.6,4.7
SYN-07180,3.4,3.4,3.2,3.0,3.1,3.6,2.9,3.2,3.3,3.1,3.6,3.3,3.2
SYN-07181,3.7,4.0,3.5,3.4,3.8,3.8,3.8,2.9,3.6,3.6,3.8,3.3,3.8
SYN-07182,3.1,3.3,3.7,3.3,3.3,3.5,3.5,2.5,3.5,3.7,3.3,2.7,3.1
SYN-07183,3.2,3.6,3.6,3.9,4.0,4.3,3.4,3.6,3.6,3.4,3.7,3.8,4.3
SYN-07184,4.7,4.1,4.1,4.2,4.7,4.5,4.1,4.2,4.8,4.8,3.8,4.5,4.7
SYN-07185,3.5,3.9,4.1,3.9,3.7,3.3,4.1,3.3,3.7,3.4,3.3,4.0,4.0
SYN-07186,2.2,2.7,2.5,2.2,2.3,2.4,2.6,3.2,2.9,2.6,2.5,2.1,2.4
SYN-07187,3.6,3.6,2.9,3.2,2.9,3.5,3.4,2.9,3.5,3.6,3.5,3.2,3.5
SYN-07188,3.4,2.5,3.3,2.6,3.0,3.1,3.3,3.1,3.4,3.0,3.3,3.3,3.2
SYN-07189,4.4,4.4,4.5,4.3,4.5,4.6,4.5,4.2,4.4,4.5,4.4,4.5,4.3
SYN-07190,3.1,3.3,2.9,3.2,3.4,3.0,3.2,2.9,3.1,3.0,2.5,3.5,2.9
SYN-07191,3.4,3.2,3.0,3.7,3.5,3.0,3.5,3.8,3.4,3.6,3.7,3.0,3.5
SYN-07192,2.9,3.3,3.1,3.2,3.0,3.0,3.0,2.8,3.2,2.9,3.1,3.0,2.9
SYN-07193,4.5,4.4,4.5,4.4,4.6,4.3,4.9,4.0,3.9,3.7,3.8,4.2,4.3
SYN-07194,4.3,3.9,4.5,4.1,4.2,4.3,3.9,4.5,4.1,4.5,4.3,4.2,3.9
SYN-07195,3.8,3.9,3.5,3.1,3.7,3.7,4.0,4.2,3.8,3.5,3.8,3.9,3.7
SYN-07196,3.4,4.2,3.9,3.8,3.1,3.3,3.2,3.5,4.0,3.6,3.5,3.1,3.7
SYN-07197,3.5,3.9,3.4,3.6,3.4,3.5,3.8,3.3,3.6,3.6,3.8,3.5,3.9
SYN-07198,2.9,3.7,3.5,3.8,3.2,4.0,4.0,3.4,3.7,3.2,3.7,3.3,3.6
SYN-07199,4.3,5.0,4.8,5.0,4.7,4.2,4.7,5.0,4.6,4.8,4.8,4.3,4.7
SYN-07200,3.0,3.0,2.7,2.5,2.6,2.7,2.8,2.4,3.1,3.1,3.6,2.9,2.7
SYN-07201,1.5,1.5,1.7,1.6,1.8,1.8,2.3,2.1,2.2,1.5,2.0,1.5,2.2
SYN-07202,3.5,3.3,3.6,3.6,4.0,3.6,3.8,3.5,3.6,3.4,3.6,3.9,3.8
SYN-07203,4.7,3.9,4.2,4.1,4.3,4.3,4.0,4.4,4.2,4.7,3.8,4.1,4.7
SYN-07204,3.7,3.3,3.6,3.0,3.8,3.3,3.6,3.7,3.5,2.8,3.5,2.9,4.1
SYN-07205,2.3,2.1,1.8,2.6,2.5,2.4,2.4,2.2,2.2,2.8,2.3,2.5,2.3
SYN-07206,3.9,4.5,4.3,4.1,3.9,4.1,3.4,3.9,3.7,4.1,4.2,4.3,3.9
SYN-07207,2.9,3.1,3.3,2.5,2.9,2.2,3.2,2.7,3.0,2.5,2.9,2.8,2.7
SYN-07208,3.1,2.5,3.2,3.3,2.6,3.3,3.1,3.5,3.3,2.9,3.1,2.7,3.2
SYN-07209,2.6,2.8,2.8,2.9,2.9,3.0,3.2,3.0,3.1,2.7,2.8,2.8,2.9
SYN-07210,3.0,2.6,2.4,2.8,2.6,2.5,3.0,2.9,2.6,2.6,2.5,2.2,2.5
SYN-07211,3.6,3.2,3.3,4.3,4.1,3.4,3.4,3.8,3.5,3.6,3.6,3.5,3.2
SYN-07212,2.9,3.0,3.0,2.8,3.6,3.3,3.1,3.3,3.1,3.9,4.0,3.7,3.4
SYN-07213,2.7,2.2,3.2,2.6,2.8,2.9,2.9,2.9,2.5,2.7,2.7,3.1,2.7
SYN-07214,4.7,4.8,4.7,4.8,4.5,4.5,4.6,4.9,4.5,4.9,5.0,4.4,4.5
SYN-07215,2.8,2.8,2.5,3.3,2.9,3.3,3.5,2.9,3.4,3.5,3.0,2.6,2.8
SYN-07216,4.3,3.5,3.8,3.5,3.0,3.7,3.3,4.1,3.3,4.0,4.0,3.1,3.7
SYN-07217,4.2,4.7,4.5,4.4,4.2,4.5,3.9,4.6,4.6,4.5,4.1,4.1,4.2
SYN-07218,3.6,4.0,3.7,3.8,3.7,3.5,3.7,4.2,4.1,4.0,4.3,3.7,3.8
SYN-07219,4.8,4.5,4.3,4.2,4.3,4.9,4.6,4.6,4.6,4.3,3.8,4.1,4.9
SYN-07220,3.3,3.6,3.2,3.3,2.7,2.6,3.4,3.2,3.1,3.0,3.7,2.9,3.6
SYN-07221,4.1,3.5,4.3,4.1,3.9,4.1,3.3,4.1,4.1,4.6,4.8,4.0,4.4
SYN-07222,4.2,3.8,3.8,3.7,3.4,4.1,3.5,3.7,4.1,3.4,3.7,4.2,3.3
SYN-07223,3.9,3.7,4.3,4.6,4.4,4.2,4.0,4.3,4.2,3.7,3.7,3.6,4.1
SYN-07224,3.9,4.1,4.3,4.1,3.9,4.4,3.5,4.0,3.9,3.9,3.8,4.4,3.4
SYN-07225,3.3,2.8,2.5,3.2,3.2,3.5,3.1,3.4,3.3,3.1,2.7,3.3,3.3
SYN-07226,4.7,4.9,4.5,5.0,4.7,5.0,5.0,5.0,5.0,5.0,5.0,5.0,4.9
SYN-07227,2.6,2.3,2.2,2.3,2.6,2.1,2.3,2.0,2.1,2.4,2.1,2.5,2.7
SYN-07228,2.9,2.9,3.3,3.1,2.6,2.8,3.1,3.6,3.3,3.8,3.0,2.3,3.8
SYN-07229,3.6,3.4,4.1,4.3,4.3,4.0,3.3,4.0,4.3,4.0,3.9,4.2,4.2
SYN-07230,3.5,3.8,3.6,3.7,3.6,3.6,3.4,3.8,3.9,3.5,3.3,3.6,3.6
SYN-07231,3.9,3.9,3.2,3.5,3.7,3.5,4.0,3.1,3.4,3.6,3.4,3.5,3.0
SYN-07232,4.3,4.1,3.3,4.2,3.8,3.8,3.9,3.8,3.9,3.6,3.8,3.7,4.0
SYN-07233,3.0,3.0,2.7,3.2,3.2,3.4,3.1,3.0,3.2,2.8,2.9,2.9,3.4
SYN-07234,3.9,4.0,3.8,4.0,4.0,4.4,3.9,4.2,3.7,4.0,4.1,3.7,4.0
SYN-07235,3.1,2.8,3.5,3.7,2.8,3.7,3.8,2.8,3.4,3.1,4.0,3.5,2.9
SYN-07236,4.5,4.2,4.3,3.9,4.5,4.4,4.5,4.1,4.0,4.5,4.6,3.7,4.4
SYN-07237,3.4,3.3,3.5,2.6,3.8,4.0,3.4,3.5,3.1,3.6,3.3,3.3,3.3
SYN-07238,3.5,4.1,4.2,3.5,3.9,4.0,3.4,3.6,3.6,4.1,4.0,4.0,3.6
SYN-07239,4.0,4.2,4.3,3.6,3.2,3.5,3.7,3.9,4.0,3.8,4.0,4.0,3.7
SYN-07240,3.9,4.2,4.1,3.6,4.2,4.0,3.7,3.9,3.9,3.7,4.0,4.1,4.4
SYN-07241,3.0,3.6,3.4,3.4,4.1,3.8,3.9,3.6,3.6,3.2,4.0,3.2,3.6
SYN-07242,3.2,3.2,2.9,3.4,2.8,2.6,3.2,3.5,3.0,2.8,3.9,4.0,3.5
SYN-07243,3.0,3.2,3.3,3.2,3.3,3.2,3.0,3.1,3.3,3.2,3.3,2.8,3.2
SYN-07244,3.5,3.8,3.6,3.7,4.0,3.9,3.5,3.6,4.0,4.3,4.0,3.6,3.7
SYN-07245,2.6,2.6,2.5,2.2,2.3,2.5,2.3,2.8,1.9,2.8,3.1,2.6,2.2
SYN-07246,4.1,3.6,3.4,3.8,4.0,4.3,3.5,3.7,3.7,3.5,3.7,3.8,3.8
SYN-07247,3.4,3.7,3.4,3.2,3.7,3.8,3.7,3.6,3.8,4.2,3.8,4.4,3.7
SYN-07248,4.5,4.6,3.8,4.6,4.2,4.7,4.4,4.3,4.6,4.3,4.3,4.5,5.0
SYN-07249,3.1,3.8,3.5,3.0,3.2,3.2,3.1,3.2,2.8,3.5,3.2,3.4,3.0
SYN-07250,4.2,3.5,3.4,3.0,3.7,3.8,3.9,3.6,3.3,4.1,3.5,3.0,3.6
SYN-07251,3.0,2.8,3.4,3.3,3.4,3.6,3.2,3.8,3.3,3.4,3.7,4.1,3.4
SYN-07252,2.7,3.1,2.9,2.9,3.0,2.7,2.9,3.5,2.9,3.5,2.4,2.8,2.9
SYN-07253,3.1,3.4,3.3,3.3,3.5,4.0,3.7,3.7,3.6,3.2,3.4,3.5,3.4
SYN-07254,2.7,2.9,3.1,3.2,2.7,3.2,2.7,2.8,2.9,3.1,3.4,2.4,2.7
SYN-07255,4.2,3.7,3.6,4.0,3.7,4.2,3.8,4.2,4.5,4.6,4.1,3.8,4.4
SYN-07256,3.9,3.9,4.0,3.5,3.5,4.1,3.7,4.0,3.8,4.2,4.3,3.9,4.1
SYN-07257,3.7,4.1,3.3,3.9,3.6,3.9,3.7,3.9,3.6,2.9,4.1,3.2,3.4
SYN-07258,3.3,3.3,3.4,3.3,3.5,3.4,2.7,3.2,3.0,3.7,3.0,3.4,2.7
SYN-07259,4.2,4.3,3.8,4.2,4.4,4.6,4.6,4.3,4.4,3.9,3.8,4.3,3.9
SYN-07260,2.2,2.8,2.8,2.7,3.0,3.1,3.0,2.8,2.8,2.5,2.9,3.1,2.9
SYN-07261,3.6,3.6,3.5,3.3,3.5,3.6,3.7,4.2,3.6,3.7,3.3,3.6,3.2
SYN-07262,2.4,2.5,2.9,2.3,2.9,2.9,2.5,2.8,2.8,3.1,2.6,3.2,2.8
SYN-07263,3.3,2.8,2.4,3.3,2.9,3.1,3.3,3.7,3.3,3.3,3.2,3.5,4.1
SYN-07264,4.4,3.8,4.3,4.0,4.5,4.2,4.3,4.5,4.8,4.0,3.6,3.7,4.1
SYN-07265,3.9,3.7,3.8,3.4,3.8,3.8,3.2,4.4,4.0,3.8,4.4,3.6,3.8
SYN-07266,2.5,3.5,3.2,2.8,2.8,3.3,3.5,2.8,3.2,2.7,3.2,3.0,2.5
SYN-07267,3.1,3.5,3.4,2.8,2.9,2.7,3.0,3.3,3.4,2.7,3.3,2.9,3.2
SYN-07268,3.8,2.9,3.3,2.4,3.5,3.2,3.6,3.2,3.4,3.9,3.5,3.5,3.7
SYN-07269,3.2,2.8,2.3,2.9,3.2,2.9,3.0,3.0,2.9,3.2,3.2,3.0,3.3
SYN-07270,3.7,3.7,3.5,3.5,3.5,3.6,3.8,3.5,3.7,4.0,4.0,3.3,4.4
SYN-07271,4.9,4.6,4.1,5.0,4.8,4.4,4.7,4.3,4.3,4.6,4.6,5.0,4.7
SYN-07272,3.1,3.0,3.3,2.4,3.2,3.7,3.5,3.8,3.0,3.3,3.1,3.6,3.2
SYN-07273,4.9,4.3,4.5,4.5,4.9,4.3,4.4,4.5,4.0,4.5,4.6,5.0,4.5
SYN-07274,3.5,3.3,3.4,3.4,3.5,3.6,3.7,3.4,3.6,3.4,3.3,3.9,3.5
SYN-07275,3.5,3.8,4.0,3.5,3.8,3.8,3.7,3.7,4.2,3.6,3.7,3.6,3.8
SYN-07276,3.2,4.0,3.2,3.8,3.5,4.1,3.7,2.9,3.6,3.8,3.6,3.3,2.9
SYN-07277,3.1,3.4,2.3,2.6,2.4,2.9,2.5,2.5,2.2,2.3,2.8,2.7,2.5
SYN-07278,4.2,3.4,3.4,3.7,4.0,4.2,3.0,3.6,4.1,3.3,3.1,3.7,4.1
SYN-07279,2.2,2.5,2.7,2.5,2.6,1.7,2.0,1.9,2.0,2.5,2.4,2.1,2.5
SYN-07280,3.2,4.3,3.8,4.1,3.5,3.4,4.1,3.7,3.5,3.6,3.5,3.7,4.0
SYN-07281,3.6,3.0,3.3,3.5,3.5,3.0,3.5,3.6,3.4,3.6,4.0,3.4,3.1
SYN-07282,3.3,2.5,2.6,2.7,2.2,2.7,2.5,2.7,2.8,3.0,3.2,2.6,2.5
SYN-07283,3.2,3.7,3.5,3.5,3.2,3.3,3.7,3.8,3.6,3.6,3.9,3.8,3.8
SYN-07284,3.1,4.0,3.8,3.5,3.1,3.1,3.5,3.4,3.3,3.0,3.4,3.3,2.9
SYN-07285,3.4,3.7,3.5,3.3,3.9,3.2,3.5,3.3,3.4,3.3,3.8,3.5,3.5
SYN-07286,3.3,3.4,3.6,3.6,3.5,3.6,3.8,3.6,2.9,3.5,4.0,3.7,3.4
SYN-07287,3.4,3.1,3.3,3.4,3.6,2.7,2.8,3.1,3.4,3.5,3.2,2.6,3.6
SYN-07288,3.7,3.7,2.8,4.0,3.5,3.9,3.8,3.4,3.7,3.9,3.0,3.8,3.1
SYN-07289,3.7,3.6,4.7,4.0,3.4,3.8,3.8,4.0,3.8,3.5,4.4,3.9,3.9
SYN-07290,3.9,3.9,3.3,3.0,3.4,4.1,3.1,3.1,3.4,3.3,3.5,3.4,3.3
SYN-07291,3.3,3.4,3.1,3.4,3.4,3.4,3.6,3.4,3.5,3.5,3.5,3.2,3.2
SYN-07292,4.2,4.0,3.5,3.3,4.1,4.1,3.7,3.9,3.9,3.6,3.9,3.8,3.6
SYN-07293,4.8,4.8,4.4,5.0,4.6,4.5,5.0,5.0,4.5,4.9,4.9,4.6,4.9
SYN-07294,2.8,3.2,3.7,3.3,3.1,2.6,3.7,3.2,2.9,3.5,3.9,3.4,2.8
SYN-07295,2.3,2.9,2.6,2.2,3.3,2.4,2.5,2.5,2.8,2.5,2.0,2.0,2.4
SYN-07296,3.1,2.9,3.2,3.4,2.6,3.1,2.9,2.8,2.8,3.2,3.0,2.9,3.6
SYN-07297,3.7,3.9,3.8,3.4,3.7,3.7,3.7,4.4,3.6,3.9,4.1,3.6,3.5
SYN-07298,4.4,4.3,4.5,3.8,4.8,4.4,4.6,5.0,4.3,4.1,4.2,4.3,4.4
SYN-07299,3.4,3.0,3.4,3.3,3.0,2.5,3.2,3.2,2.9,2.7,3.0,3.1,2.6
SYN-07300,3.1,4.4,3.1,3.3,4.0,3.2,3.2,3.8,2.9,3.3,3.7,3.9,3.6
SYN-07301,3.7,3.6,3.9,3.9,3.6,3.6,3.2,3.3,2.9,3.5,3.2,3.3,3.9
SYN-07302,3.3,2.9,3.0,3.7,2.8,3.3,3.5,3.1,3.2,2.6,3.0,3.1,3.5
SYN-07303,4.2,4.4,4.7,4.7,4.5,4.2,4.5,4.4,4.0,4.3,4.5,4.8,4.1
SYN-07304,4.4,4.0,4.1,4.0,4.7,4.3,4.4,3.9,4.3,3.8,3.4,4.0,4.5
SYN-07305,3.6,3.9,4.5,3.7,4.2,3.1,3.5,3.8,3.6,3.9,3.4,4.3,4.2
SYN-07306,3.5,3.0,3.3,3.6,3.1,3.7,3.4,3.2,3.6,3.0,3.2,3.1,2.8
SYN-07307,3.4,3.8,3.8,4.2,3.9,4.2,3.5,4.1,3.6,3.9,4.3,3.9,3.7
SYN-07308,4.2,4.1,4.2,3.4,3.2,4.2,3.4,3.8,3.7,3.6,3.4,3.7,4.1
SYN-07309,3.1,2.9,3.3,2.7,3.3,3.4,3.1,3.5,3.2,3.2,2.9,3.5,3.1
SYN-07310,4.0,4.2,3.8,3.8,4.0,3.6,4.1,4.0,3.5,3.4,3.9,3.9,4.4
SYN-07311,4.3,3.4,3.4,4.1,3.8,4.8,3.6,4.0,4.4,3.3,3.4,3.8,3.7
SYN-07312,2.6,2.4,2.6,2.5,2.7,2.9,2.1,3.0,2.6,2.9,2.5,2.9,2.8
SYN-07313,3.1,3.0,3.1,3.5,3.3,3.2,2.8,2.8,2.7,2.6,3.2,3.0,3.1
SYN-07314,2.3,2.5,2.7,2.4,2.4,2.5,2.9,2.0,2.7,3.2,3.1,3.1,2.7
SYN-07315,4.7,3.9,4.2,4.2,3.7,3.5,4.3,3.8,4.0,4.2,4.1,4.3,4.2
SYN-07316,3.3,3.2,2.7,3.1,3.3,3.8,3.2,3.1,3.3,2.9,3.5,3.1,3.0
SYN-07317,3.4,3.7,3.8,4.4,3.7,3.8,4.1,3.6,3.7,4.2,3.4,3.6,4.0
SYN-07318,4.8,5.0,4.7,4.5,4.6,5.0,4.5,4.6,5.0,4.6,4.9,4.2,4.4
SYN-07319,3.8,3.5,3.6,3.7,4.6,4.1,4.2,4.1,3.3,4.0,3.8,3.5,4.1
SYN-07320,2.7,3.3,3.2,3.0,3.6,3.2,3.3,3.5,3.5,3.3,3.0,3.2,3.5
SYN-07321,2.9,3.2,2.9,3.3,3.1,2.8,3.9,3.1,2.3,2.8,3.5,3.3,3.5
SYN-07322,3.2,3.6,3.2,3.4,2.9,3.3,2.6,3.3,3.1,3.4,3.0,3.3,4.3
SYN-07323,2.9,2.8,3.0,2.0,2.8,2.9,3.0,3.3,3.1,2.6,2.4,3.2,2.8
SYN-07324,3.0,3.3,3.0,2.4,3.0,2.8,2.4,3.2,3.0,3.4,2.9,2.7,3.0
SYN-07325,3.0,3.4,3.1,2.9,3.1,3.2,3.1,3.0,3.1,2.9,3.1,2.8,2.8
SYN-07326,4.4,3.6,3.9,3.3,3.7,4.1,3.9,3.3,3.6,4.1,3.4,3.9,3.9
SYN-07327,2.7,3.4,3.4,3.2,3.3,3.0,3.1,3.3,3.5,3.4,3.1,3.1,3.3
SYN-07328,3.3,3.4,2.6,3.1,3.9,3.5,3.5,3.5,3.5,3.4,3.7,3.5,2.9
SYN-07329,3.5,3.6,4.5,3.8,4.2,3.7,3.9,3.8,3.6,3.5,3.8,3.5,3.8
SYN-07330,3.8,4.1,3.7,3.9,3.8,3.8,4.1,3.4,3.3,3.8,4.5,4.0,4.3
SYN-07331,2.8,2.0,2.4,2.2,2.1,1.9,2.2,2.6,2.6,2.5,2.2,2.3,2.1
SYN-07332,3.0,2.7,2.1,2.6,2.2,2.7,2.8,1.7,3.2,2.9,2.3,2.5,2.8
SYN-07333,2.7,3.4,3.4,3.6,3.0,3.4,3.6,3.0,3.5,3.0,3.1,2.8,2.6
SYN-07334,3.1,3.2,3.0,2.6,3.1,3.0,3.0,3.0,2.7,2.9,2.8,2.9,3.1
SYN-07335,3.8,4.2,4.0,3.9,3.9,4.2,3.9,3.9,4.5,4.2,4.3,4.5,4.0
SYN-07336,4.0,3.4,2.8,3.1,2.8,3.6,3.3,3.1,3.3,3.2,3.0,3.9,3.3
SYN-07337,4.5,4.5,4.1,4.0,4.9,4.3,3.8,4.0,4.7,4.7,4.4,4.8,4.1
SYN-07338,3.7,2.7,3.4,3.3,3.5,2.7,3.1,3.5,2.9,3.7,2.6,2.7,3.0
SYN-07339,3.9,4.1,3.5,3.7,4.0,3.9,4.3,3.5,4.1,3.4,3.8,3.7,3.8
SYN-07340,2.8,3.0,2.9,2.9,3.1,2.8,2.9,3.3,3.2,3.6,3.2,3.7,2.7
SYN-07341,3.2,3.7,3.6,3.5,3.6,4.0,3.6,4.0,4.1,4.0,3.7,3.6,4.2
SYN-07342,4.3,3.9,4.0,4.0,3.6,3.8,3.9,4.2,3.7,3.4,3.7,3.7,3.6
SYN-07343,4.3,4.3,3.2,4.4,4.1,4.0,4.1,3.5,3.8,4.2,4.2,3.9,4.0
SYN-07344,3.5,3.5,4.1,3.0,3.2,3.4,3.6,3.4,3.1,3.6,3.5,3.5,3.3
SYN-07345,4.3,4.6,4.5,3.9,3.9,4.4,4.0,3.8,4.0,4.0,4.1,4.1,3.7
SYN-07346,3.7,3.8,3.7,3.8,3.8,3.3,3.7,3.8,3.8,4.1,3.8,3.7,3.9
SYN-07347,3.4,3.2,3.5,3.2,3.0,3.4,2.9,3.6,3.0,2.8,2.9,3.4,3.0
SYN-07348,2.9,3.0,2.4,3.5,2.7,3.5,3.5,3.3,3.2,3.1,3.6,3.8,2.6
SYN-07349,4.1,3.8,4.6,4.0,3.7,3.6,3.9,3.3,3.6,3.5,3.1,4.1,4.1
SYN-07350,4.5,3.9,4.3,4.2,3.9,4.1,3.8,3.7,3.9,4.0,4.4,4.0,4.5
SYN-07351,3.2,2.9,2.7,2.6,2.6,3.1,3.1,2.8,2.9,2.4,2.7,3.0,2.7
SYN-07352,3.5,3.6,3.5,3.6,4.2,4.3,4.4,3.9,3.9,4.1,3.5,3.7,3.7
SYN-07353,3.1,2.5,3.0,2.5,2.4,3.2,2.7,2.5,2.2,2.5,3.2,2.6,1.9
SYN-07354,3.0,3.4,3.1,3.3,3.3,3.1,2.9,3.0,3.0,2.7,3.3,3.0,3.5
SYN-07355,4.2,3.6,3.8,3.6,3.3,3.6,3.8,3.9,4.3,3.6,3.5,4.0,2.9
SYN-07356,2.7,3.4,2.7,2.9,3.0,3.2,3.0,3.0,2.9,2.9,2.8,2.7,3.4
SYN-07357,4.1,4.2,4.6,3.7,3.9,4.3,4.3,3.8,3.8,3.9,4.4,4.5,4.4
SYN-07358,3.3,3.4,3.8,3.8,3.7,3.7,3.9,4.4,4.1,3.7,3.8,3.8,3.7
SYN-07359,3.2,3.2,2.9,3.3,2.7,3.0,3.2,3.0,3.3,3.0,2.8,2.5,2.7
SYN-07360,4.1,4.2,3.3,3.7,4.0,3.9,3.6,4.3,4.1,4.5,3.8,3.4,3.9
SYN-07361,3.4,2.8,3.0,2.9,2.4,2.5,2.6,2.7,3.1,2.5,2.0,2.5,2.6
SYN-07362,3.9,3.3,2.5,3.2,3.5,2.8,3.7,3.6,3.5,3.7,3.4,3.3,3.3
SYN-07363,3.9,4.6,3.8,4.2,3.7,4.0,4.0,3.0,4.0,3.8,3.5,4.0,4.3
SYN-07364,3.9,4.2,4.5,3.9,4.0,4.0,4.1,3.7,4.2,4.2,4.0,4.3,4.2
SYN-07365,3.1,3.5,3.7,3.8,2.7,3.4,3.8,3.8,3.0,3.2,3.6,3.4,3.4
SYN-07366,3.3,3.2,3.2,3.5,3.5,3.3,3.7,3.1,3.3,3.2,2.9,3.5,3.7
SYN-07367,3.1,2.9,2.4,3.1,3.4,2.8,2.9,3.2,2.9,2.8,2.9,3.1,3.1
SYN-07368,3.0,3.8,3.6,3.4,4.0,3.8,3.2,3.8,4.0,3.4,3.7,3.6,3.6
SYN-07369,3.8,3.8,4.1,4.0,4.2,4.3,4.4,3.7,4.3,4.1,4.0,4.0,3.9
SYN-07370,4.2,4.9,4.8,4.7,4.2,4.7,4.8,5.0,4.8,4.1,4.8,5.0,4.5
SYN-07371,2.8,3.8,3.3,3.1,3.5,3.0,3.0,3.1,3.3,3.1,3.4,3.5,3.2
SYN-07372,3.9,4.2,4.1,3.6,4.3,4.2,3.8,3.5,4.1,4.0,4.0,4.4,4.0
SYN-07373,4.0,4.1,3.8,4.2,4.3,3.8,3.4,3.7,3.9,3.4,3.8,3.9,4.1
SYN-07374,3.5,3.3,3.2,3.1,3.2,3.5,3.4,3.2,3.6,3.1,3.6,3.1,2.9
SYN-07375,3.9,3.4,3.8,4.1,4.1,4.3,3.7,3.6,4.1,3.7,4.0,3.6,3.8
SYN-07376,2.9,3.0,3.0,3.1,3.1,3.2,2.9,3.2,3.4,2.7,2.8,3.3,3.3
SYN-07377,3.5,3.8,3.5,3.6,3.6,3.7,4.1,4.4,3.2,3.5,3.4,4.1,4.0
SYN-07378,3.7,3.3,3.4,2.9,3.6,3.5,3.2,3.6,3.3,2.8,3.8,3.9,3.0
SYN-07379,3.8,4.2,3.3,3.1,3.7,3.8,4.1,4.4,3.9,3.2,3.9,3.7,4.0
SYN-07380,3.2,4.1,4.3,3.9,4.1,4.0,3.1,3.8,3.9,3.5,3.9,3.3,3.8
SYN-07381,3.3,3.9,2.9,3.4,2.8,3.6,3.2,3.4,2.9,3.4,3.0,3.2,2.9
SYN-07382,3.4,3.6,3.5,3.9,3.3,4.0,3.4,4.0,3.6,4.1,3.5,3.0,3.4
SYN-07383,3.4,3.9,2.9,3.2,3.5,3.5,3.8,2.8,3.2,3.7,3.4,3.6,3.4
SYN-07384,3.2,2.7,2.8,2.9,2.7,2.9,2.8,3.0,3.0,2.7,3.1,3.0,2.7
SYN-07385,3.6,3.3,3.6,3.7,3.0,3.8,3.5,3.4,3.1,3.4,2.6,3.0,2.7
SYN-07386,3.1,3.6,3.3,3.4,3.1,3.2,2.6,3.5,3.3,3.4,3.3,3.0,3.3
SYN-07387,2.8,2.9,3.2,3.2,2.7,3.0,3.2,2.4,2.9,2.9,2.4,2.6,2.5
SYN-07388,3.0,3.1,2.6,2.8,3.0,3.6,2.9,3.0,3.2,3.6,3.1,3.6,2.6
SYN-07389,3.6,3.1,3.3,3.2,3.0,3.7,3.1,3.2,3.3,3.2,3.4,2.8,3.1
SYN-07390,3.3,3.3,3.9,3.4,3.4,3.6,3.8,3.3,3.6,3.1,3.6,3.5,3.2
SYN-07391,2.3,3.2,3.1,3.0,3.2,3.0,2.5,2.9,3.3,2.7,2.7,2.9,3.3
SYN-07392,4.4,3.9,4.2,4.2,4.4,3.7,3.8,4.1,4.2,3.9,4.2,4.2,4.7
SYN-07393,3.7,3.5,4.3,3.7,4.0,4.2,4.3,3.9,3.5,4.0,3.8,3.5,4.1
SYN-07394,3.7,3.9,3.5,3.0,4.0,3.0,3.2,3.3,3.6,3.4,3.6,3.1,3.4
SYN-07395,3.1,3.2,3.1,3.0,2.6,2.6,3.1,2.9,2.6,3.1,2.7,3.2,2.7
SYN-07396,3.2,3.2,3.3,3.6,3.3,3.9,3.4,3.1,3.4,4.0,3.4,2.9,3.1
SYN-07397,3.4,2.8,3.8,3.2,2.5,4.1,3.8,3.2,3.1,3.3,3.8,3.4,2.9
SYN-07398,3.3,3.1,2.5,2.7,2.9,2.9,3.2,3.2,3.0,3.2,3.0,2.6,2.9
SYN-07399,2.7,3.2,2.7,3.0,2.7,2.4,2.9,3.0,3.2,3.1,2.5,2.9,2.5
SYN-07400,3.7,4.0,4.1,3.4,4.0,4.0,3.6,3.9,3.6,3.4,4.2,4.2,3.9
SYN-07401,3.5,3.0,3.6,3.4,2.9,3.4,3.4,3.2,2.9,3.2,3.7,3.5,3.4
SYN-07402,3.8,3.8,3.7,4.0,4.1,4.3,3.5,3.9,3.8,4.0,4.2,3.8,4.2
SYN-07403,3.7,3.4,3.8,3.6,3.3,3.3,3.8,3.3,3.7,3.2,3.8,3.0,3.0
SYN-07404,3.8,4.3,4.2,4.1,4.1,3.7,3.5,4.3,4.3,3.6,4.0,3.9,3.6
SYN-07405,3.5,4.0,3.8,3.8,3.9,3.9,4.0,4.3,4.2,4.1,3.8,3.7,3.7
SYN-07406,4.0,4.0,3.2,4.1,3.8,3.8,4.1,3.8,3.5,3.5,3.8,3.8,3.9
SYN-07407,4.8,4.5,3.9,4.2,4.1,4.2,3.9,3.7,3.7,3.4,3.9,4.8,4.0
SYN-07408,3.6,3.2,3.3,3.3,3.4,3.5,3.9,4.0,3.8,3.8,3.4,4.2,3.3
SYN-07409,2.7,2.6,3.0,2.5,2.7,3.0,2.4,2.9,2.8,2.4,2.5,2.6,2.7
SYN-07410,3.2,3.3,2.5,3.5,2.6,3.3,3.2,2.5,2.3,2.8,3.0,2.8,2.8
SYN-07411,3.3,2.7,3.2,2.9,3.0,2.8,2.7,3.2,3.1,3.6,3.0,3.4,3.5
SYN-07412,4.0,4.0,4.3,4.3,4.1,4.3,4.0,3.6,4.0,3.7,4.3,3.8,4.2
SYN-07413,3.0,3.0,3.2,2.9,3.5,3.6,3.5,3.7,3.5,3.2,3.3,3.3,3.6
SYN-07414,3.6,3.3,3.2,3.6,3.6,3.2,3.9,3.6,3.9,3.4,3.9,3.3,3.4
SYN-07415,3.7,3.7,4.1,3.9,3.5,3.5,3.8,3.7,3.9,3.3,4.5,3.3,3.7
SYN-07416,3.4,3.2,3.8,3.5,3.2,3.5,3.8,3.9,4.1,3.7,3.4,3.4,3.7
SYN-07417,2.6,1.6,2.2,1.9,2.3,2.8,1.7,1.7,2.7,2.3,2.2,2.5,2.8
SYN-07418,2.9,2.8,2.3,2.6,2.3,2.9,3.3,2.7,3.0,3.1,3.0,2.8,2.4
SYN-07419,4.7,4.8,4.5,4.4,4.7,4.6,5.0,4.3,4.7,4.6,4.5,4.3,4.7
SYN-07420,4.2,3.1,3.7,3.9,3.4,3.8,3.8,3.9,3.6,3.3,3.7,4.1,3.9
SYN-07421,1.6,2.0,2.0,2.2,2.0,2.0,1.8,2.7,1.5,2.0,2.1,2.2,1.9
SYN-07422,3.4,3.7,3.4,3.3,3.9,3.2,3.3,3.6,3.8,3.5,3.7,3.6,3.5
SYN-07423,4.2,4.8,4.2,5.0,4.3,5.0,4.8,4.4,4.8,4.8,4.4,4.0,4.0
SYN-07424,3.8,3.6,3.7,4.0,3.5,3.9,3.5,3.7,3.7,3.3,3.6,3.9,3.8
SYN-07425,4.0,3.4,4.0,3.6,3.4,3.6,3.3,3.6,3.0,3.9,3.3,3.5,3.9
SYN-07426,2.3,2.7,2.8,2.5,2.6,2.9,2.1,2.9,2.0,2.3,3.1,2.8,2.5
SYN-07427,4.0,3.0,3.5,3.3,3.4,3.6,3.5,3.4,3.6,3.8,3.5,3.6,3.4
SYN-07428,2.5,2.6,2.8,2.1,2.7,2.8,2.6,2.3,2.8,2.4,3.1,2.9,2.7
SYN-07429,2.7,2.4,3.4,2.6,3.3,2.2,2.8,2.7,2.5,2.9,3.3,2.7,2.9
SYN-07430,2.5,2.4,2.1,2.5,2.6,2.3,3.3,2.9,2.9,2.3,2.8,3.2,2.7
SYN-07431,4.6,4.4,4.6,4.5,4.4,4.6,4.5,4.6,4.4,4.8,5.0,4.5,4.6
SYN-07432,3.8,4.1,3.4,4.1,3.6,4.3,4.2,3.9,4.1,4.5,3.9,4.0,4.0
SYN-07433,4.4,4.2,4.5,4.3,4.3,4.1,4.6,4.0,3.8,3.6,4.5,4.1,4.1
SYN-07434,2.8,2.4,2.9,3.5,3.0,2.9,3.0,3.5,2.7,2.7,2.6,2.3,2.8
SYN-07435,3.6,3.7,3.3,3.0,3.0,3.7,3.7,4.1,4.0,3.2,3.3,3.8,3.6
SYN-07436,3.2,3.4,3.1,3.0,2.6,2.7,3.1,2.6,2.8,2.6,2.6,2.9,2.9
SYN-07437,3.2,3.4,2.9,2.6,2.9,3.3,2.7,2.7,2.6,3.4,2.3,2.7,2.7
SYN-07438,3.6,3.6,3.8,3.6,3.5,3.6,3.4,4.1,4.2,3.2,3.9,3.8,3.8
SYN-07439,3.4,3.4,3.9,3.9,3.6,3.1,3.6,3.5,3.6,3.6,3.6,3.9,3.4
SYN-07440,4.0,3.6,3.9,3.9,3.8,3.5,3.1,3.8,3.5,3.7,3.9,3.4,3.7
SYN-07441,2.3,2.9,2.6,2.1,2.9,3.6,2.8,2.5,3.0,2.7,2.9,2.5,2.3
SYN-07442,3.7,3.4,3.4,3.9,3.4,3.7,3.4,3.9,4.1,3.8,3.3,3.8,3.6
SYN-07443,3.8,3.6,3.6,3.8,4.3,3.8,3.6,3.5,3.6,4.2,3.5,3.6,3.3
SYN-07444,3.4,3.3,3.5,3.4,3.1,3.6,3.5,3.2,3.2,2.6,3.2,3.2,3.1
SYN-07445,3.5,3.1,4.0,3.6,3.6,3.6,3.6,3.4,3.2,2.9,3.7,3.5,3.0
SYN-07446,2.2,2.1,2.5,2.9,2.2,2.6,2.1,2.2,2.4,3.1,2.4,2.2,2.4
SYN-07447,2.2,2.2,2.1,2.1,2.4,2.3,2.0,2.5,3.0,2.4,2.7,2.2,2.3
SYN-07448,4.3,3.9,4.4,4.5,4.3,4.5,4.2,5.0,4.2,4.3,4.4,4.9,4.8
SYN-07449,3.6,3.4,2.8,3.3,3.6,3.5,3.9,3.8,3.4,3.8,3.2,3.7,3.9
SYN-07450,3.5,3.1,3.5,2.8,3.0,3.0,2.8,3.6,3.7,3.2,3.7,3.0,3.2
SYN-07451,3.8,3.6,4.1,3.9,3.8,4.0,4.2,3.8,4.6,4.1,4.0,4.0,4.5
SYN-07452,3.1,3.0,2.8,3.1,3.2,3.5,3.0,3.1,2.9,3.2,3.2,2.9,3.0
SYN-07453,3.6,3.7,3.9,4.0,3.1,3.8,3.3,3.7,3.7,3.4,4.0,3.4,3.9
SYN-07454,4.1,3.6,4.1,4.3,4.0,3.8,4.3,4.0,4.1,3.7,4.5,4.6,4.0
SYN-07455,2.7,3.6,3.0,2.6,3.0,2.9,3.2,3.6,2.9,3.1,2.8,2.5,2.9
SYN-07456,2.7,4.0,3.5,3.3,2.7,3.3,2.8,3.5,3.6,3.2,2.7,2.8,2.7
SYN-07457,2.5,2.4,2.6,3.2,2.6,2.5,2.8,2.9,3.1,3.3,2.5,2.7,2.1
SYN-07458,3.6,3.9,3.7,3.7,3.7,4.2,3.5,4.4,3.6,4.4,3.5,3.6,4.0
SYN-07459,3.6,3.9,3.3,3.5,3.6,3.8,3.7,3.9,4.0,3.6,4.1,3.6,3.7
SYN-07460,4.3,4.2,4.4,4.2,3.7,3.6,4.2,3.9,4.3,3.7,4.1,3.9,4.3
SYN-07461,3.6,4.1,4.3,4.1,4.1,4.3,4.2,3.4,4.3,4.4,4.1,3.5,3.6
SYN-07462,2.7,3.7,3.7,3.5,3.6,3.3,3.5,3.3,3.4,3.4,3.6,3.1,3.0
SYN-07463,4.2,4.0,3.9,3.7,3.4,3.9,3.5,4.0,3.3,3.7,3.9,3.9,4.0
SYN-07464,3.5,3.9,3.6,3.8,3.2,4.0,3.4,3.8,4.1,4.4,4.0,3.9,4.0
SYN-07465,3.8,3.9,4.2,3.8,3.3,4.3,4.1,3.6,3.6,4.0,5.0,3.9,3.7
SYN-07466,3.8,4.4,4.5,4.2,4.3,4.2,4.0,4.0,3.5,4.0,4.4,4.0,4.4
SYN-07467,2.4,3.0,2.7,2.7,3.3,2.2,3.1,3.1,2.8,2.5,2.9,2.8,3.2
SYN-07468,2.7,2.5,2.1,2.4,2.5,2.4,2.4,2.3,2.1,2.4,2.5,2.5,2.5
SYN-07469,2.3,2.7,3.3,3.1,2.9,2.9,2.6,2.6,2.7,2.8,2.8,3.0,2.9
SYN-07470,3.8,3.2,4.5,3.8,3.7,3.6,3.8,3.6,3.5,3.7,4.0,3.7,3.8
SYN-07471,4.0,4.0,4.2,3.3,3.5,3.5,3.2,3.5,3.9,4.1,3.8,4.3,3.5
SYN-07472,3.4,3.4,3.2,3.2,3.1,3.4,3.3,3.3,3.3,3.2,3.4,3.0,3.2
SYN-07473,3.3,3.3,3.4,3.2,4.1,3.7,3.7,3.5,3.6,3.6,3.3,3.3,3.1
SYN-07474,3.3,2.5,3.2,2.9,2.6,3.1,3.0,3.2,2.9,2.6,3.0,2.8,2.5
SYN-07475,3.7,3.3,3.4,2.8,3.3,3.7,2.8,3.4,3.2,3.7,3.3,3.6,3.6
SYN-07476,3.0,3.3,3.0,3.2,2.8,2.8,2.8,3.2,3.5,3.4,3.0,3.1,3.4
SYN-07477,4.8,3.8,4.2,4.4,4.4,4.4,5.0,4.1,4.2,4.1,3.9,4.2,4.1
SYN-07478,4.1,4.5,4.0,4.5,4.5,4.2,4.4,4.5,4.1,4.2,4.3,4.4,4.2
SYN-07479,4.1,3.8,4.1,4.0,3.7,4.3,4.2,3.6,4.1,3.8,4.1,4.2,4.1
SYN-07480,3.9,3.7,3.4,2.9,3.2,3.3,3.7,3.1,3.1,3.4,3.4,3.5,3.9
SYN-07481,4.0,4.1,4.4,3.8,4.5,3.8,4.0,3.9,4.6,4.2,4.1,3.8,4.5
SYN-07482,3.8,3.3,3.6,3.7,3.6,3.4,4.0,3.5,3.5,3.8,3.8,3.8,4.1
SYN-07483,3.4,3.6,3.3,3.4,3.3,3.6,3.8,3.5,3.6,3.3,3.4,3.2,3.5
SYN-07484,2.5,2.5,2.3,2.6,2.5,2.3,2.6,2.6,2.5,2.9,2.7,3.3,2.4
SYN-07485,3.7,3.3,3.5,3.1,3.8,3.9,3.6,3.1,4.3,3.5,3.5,3.9,3.3
SYN-07486,2.6,3.0,3.2,2.7,2.4,3.1,2.1,2.9,2.4,2.7,2.9,2.5,2.7
SYN-07487,3.1,3.2,3.3,3.3,3.3,3.6,3.7,3.4,3.4,2.8,2.6,3.2,3.7
SYN-07488,3.5,3.8,3.5,3.6,3.4,3.8,3.6,3.4,3.1,3.8,3.7,3.7,3.3
SYN-07489,3.2,2.8,3.3,2.7,2.6,3.0,3.2,3.2,3.1,3.4,3.1,3.0,2.3
SYN-07490,3.5,4.1,3.5,3.7,3.6,3.5,3.6,3.7,3.4,3.7,3.6,3.8,4.0
SYN-07491,4.5,4.1,3.8,4.5,4.2,3.9,4.0,3.9,4.3,4.4,4.2,4.4,4.1
SYN-07492,3.7,3.0,2.4,3.3,2.9,3.3,3.1,2.8,3.0,2.6,2.8,3.1,3.2
SYN-07493,3.8,3.4,3.9,3.6,3.7,3.9,3.6,3.3,3.9,3.7,3.7,3.2,3.9
SYN-07494,2.9,2.4,2.7,2.8,2.8,2.8,2.8,3.1,2.8,2.6,2.9,3.1,3.0
SYN-07495,2.2,2.5,2.3,3.0,3.2,2.8,2.9,2.6,3.2,2.6,3.2,2.7,3.3
SYN-07496,3.2,3.4,4.0,4.0,3.6,3.3,2.9,4.1,3.8,3.7,3.5,3.6,3.9
SYN-07497,3.6,4.1,4.1,4.4,4.1,4.2,3.5,3.8,3.9,4.0,3.9,4.2,3.9
SYN-07498,2.4,2.4,3.1,2.8,2.7,2.7,2.7,2.6,2.9,3.0,2.9,2.7,2.4
SYN-07499,4.2,4.9,4.5,4.7,4.4,4.7,5.0,5.0,4.2,4.8,4.4,5.0,5.0
SYN-07500,3.3,3.3,3.2,3.7,3.3,3.3,3.2,3.2,3.4,3.4,3.5,3.3,3.2
SYN-07501,3.7,3.7,3.4,3.0,3.3,3.2,3.9,3.3,4.0,3.4,3.8,4.2,3.8
SYN-07502,3.8,2.9,3.6,3.0,3.5,3.2,3.3,3.2,3.1,3.2,3.3,2.8,3.1
SYN-07503,3.5,3.4,3.6,2.9,3.4,3.6,3.3,3.2,3.7,2.5,3.2,3.2,3.5
SYN-07504,4.6,4.7,4.1,4.4,4.2,4.6,4.4,4.3,4.4,4.6,4.4,4.2,4.3
SYN-07505,4.5,4.0,4.6,3.7,4.3,4.1,5.0,3.6,4.2,4.1,4.6,4.7,4.3
SYN-07506,1.8,3.2,2.9,3.1,2.5,2.7,2.4,1.9,2.5,2.3,2.6,2.1,2.8
SYN-07507,3.3,2.6,2.5,2.9,3.4,3.8,2.9,3.0,2.8,3.1,3.1,3.5,2.7
SYN-07508,5.0,5.0,4.8,4.8,4.9,4.8,4.9,4.5,4.9,4.9,5.0,5.0,4.9
SYN-07509,3.0,2.7,3.4,3.3,3.2,3.3,3.5,3.4,3.4,3.7,3.3,3.1,3.7
SYN-07510,3.6,3.4,3.9,3.9,3.5,4.0,3.7,3.6,3.7,3.5,3.7,4.2,3.6
SYN-07511,4.0,3.9,4.0,3.7,4.0,3.9,4.1,3.8,4.9,3.9,4.0,4.2,4.2
SYN-07512,4.2,3.9,3.7,4.4,3.7,3.9,4.0,4.2,4.1,3.8,4.0,3.5,4.6
SYN-07513,1.7,2.2,1.7,2.1,1.6,2.2,2.5,2.0,2.1,2.2,1.8,2.2,1.8
SYN-07514,4.3,3.3,3.7,3.4,4.0,4.4,3.8,4.3,3.9,4.2,3.9,4.2,4.2
SYN-07515,4.3,4.3,4.4,4.3,4.6,4.9,4.6,4.4,4.5,3.9,4.1,4.4,4.6
SYN-07516,3.4,3.6,3.4,3.4,3.2,3.6,3.4,3.6,3.3,3.7,3.5,3.6,3.3
SYN-07517,2.7,3.0,2.5,3.2,2.9,2.6,2.5,3.2,2.3,3.1,3.0,3.1,2.6
SYN-07518,2.7,3.0,3.0,3.2,2.9,3.4,3.0,3.4,3.5,3.5,2.7,3.3,2.9
SYN-07519,3.4,3.6,3.3,2.9,3.4,4.0,3.3,3.4,3.5,3.3,3.3,3.4,3.3
SYN-07520,4.3,4.5,4.0,3.7,4.0,3.5,3.5,3.8,4.2,4.3,4.0,4.1,3.9
SYN-07521,5.0,4.6,5.0,4.9,5.0,5.0,4.7,4.8,4.8,5.0,5.0,5.0,4.8
SYN-07522,2.9,3.5,3.9,3.6,4.0,3.2,3.3,3.7,2.8,3.5,3.4,3.8,3.1
SYN-07523,3.7,3.6,3.8,3.4,4.0,3.9,3.7,3.9,3.9,4.3,3.8,4.2,3.6
SYN-07524,2.5,3.1,3.0,2.1,2.0,3.1,2.6,2.5,2.7,2.5,2.7,2.6,2.5
SYN-07525,2.0,2.3,2.9,2.8,2.6,2.8,2.6,2.1,2.2,2.7,2.1,2.3,2.4
SYN-07526,3.3,3.2,3.3,3.4,3.3,3.5,3.3,2.9,2.9,3.3,3.2,3.2,3.0
SYN-07527,3.7,3.3,3.3,4.6,3.1,3.4,3.4,3.4,3.6,3.3,4.0,3.8,3.9
SYN-07528,3.5,3.2,3.2,3.8,3.5,3.5,3.5,3.5,3.0,3.6,4.2,3.5,4.0
SYN-07529,3.6,3.6,3.6,2.9,3.1,3.5,4.0,3.4,3.7,3.2,3.8,3.1,3.9
SYN-07530,3.3,3.3,3.6,3.8,2.9,3.6,2.9,3.1,2.6,3.3,3.4,3.6,3.4
SYN-07531,3.5,3.8,3.9,3.8,4.1,3.3,3.9,3.0,3.1,3.5,3.3,3.7,3.6
SYN-07532,3.8,3.5,3.5,3.0,3.3,3.6,4.2,3.1,3.7,3.3,3.4,3.1,3.2
SYN-07533,2.7,3.0,3.2,2.6,2.6,3.0,2.7,3.1,2.9,2.6,3.0,2.9,2.7
SYN-07534,2.8,2.4,2.6,2.9,2.6,2.8,2.2,2.7,2.8,2.5,2.7,2.7,2.4
SYN-07535,3.4,4.0,3.6,4.5,4.6,3.9,3.9,4.1,4.0,4.0,3.7,4.2,4.0
SYN-07536,2.6,2.9,3.1,3.0,3.2,3.6,3.0,3.5,2.6,2.1,2.8,2.9,2.7
SYN-07537,3.6,3.2,3.3,3.4,3.7,3.2,3.2,3.7,3.8,3.8,3.8,2.7,3.1
SYN-07538,4.8,4.3,4.7,4.4,4.3,4.3,4.1,4.2,3.8,4.0,4.0,4.3,4.4
SYN-07539,3.6,3.9,3.6,3.6,3.0,2.9,3.5,3.3,3.4,3.0,3.4,3.2,3.5
SYN-07540,4.2,4.1,3.6,3.9,4.5,3.8,3.8,4.2,3.8,3.7,3.8,4.3,3.9
SYN-07541,3.3,3.4,2.9,3.0,2.9,2.8,3.3,2.9,2.7,3.5,2.9,3.0,2.8
SYN-07542,4.0,3.9,4.6,4.2,3.7,4.1,4.3,4.1,4.5,4.2,4.6,4.6,4.1
SYN-07543,3.4,3.9,3.7,3.8,3.8,3.4,4.4,3.9,3.5,3.9,3.6,3.7,3.4
SYN-07544,3.2,3.7,3.3,3.3,3.4,3.2,3.5,3.3,3.8,3.8,3.5,3.2,3.4
SYN-07545,3.3,3.9,3.3,3.5,3.6,3.8,3.3,3.0,3.4,3.7,3.5,3.2,3.3
SYN-07546,3.7,3.9,3.7,4.0,4.1,3.9,4.2,4.3,4.4,4.0,3.8,3.3,3.8
SYN-07547,3.2,3.6,3.9,3.9,3.9,3.2,3.2,4.0,3.0,3.8,3.6,3.5,3.7
SYN-07548,2.3,1.5,1.6,2.1,1.5,2.0,1.7,1.1,1.8,1.8,1.8,1.9,1.9
SYN-07549,3.3,3.6,3.1,3.3,3.0,2.6,3.0,3.3,2.8,3.0,3.8,3.2,3.4
SYN-07550,3.4,3.3,3.4,4.0,3.6,3.7,3.5,3.9,4.1,4.4,3.9,3.4,3.1
SYN-07551,3.4,2.4,2.9,3.3,3.5,2.7,3.0,2.9,2.7,3.3,3.1,2.6,2.9
SYN-07552,3.1,3.4,3.8,3.3,3.1,3.2,3.3,2.7,3.6,3.3,3.2,3.1,3.2
SYN-07553,3.0,2.8,3.4,3.1,3.4,3.2,3.7,3.4,3.6,3.5,3.8,2.8,3.7
SYN-07554,4.1,4.1,4.0,4.3,4.5,4.8,3.8,4.5,4.1,4.0,4.2,4.4,4.2
SYN-07555,3.5,3.7,4.0,3.9,3.7,3.8,3.6,3.9,4.1,3.6,3.7,4.0,4.6
SYN-07556,3.9,3.6,3.4,4.0,3.4,3.6,3.6,3.7,3.4,4.0,3.8,3.6,3.6
SYN-07557,2.8,2.9,2.6,2.5,2.8,3.1,3.3,2.9,3.1,3.1,3.0,3.0,2.7
SYN-07558,2.9,2.8,3.1,3.2,3.0,3.1,2.7,3.8,3.6,3.1,3.2,3.6,3.4
SYN-07559,3.8,4.1,3.6,4.0,4.1,3.4,4.3,4.1,3.9,3.9,4.2,3.8,3.8
SYN-07560,3.6,4.1,4.1,3.5,3.9,4.0,4.2,3.7,3.7,4.0,3.7,4.1,3.9
SYN-07561,2.2,2.6,2.8,2.9,2.6,2.5,2.5,2.8,2.7,2.5,2.9,2.8,2.5
SYN-07562,4.1,4.8,3.6,3.8,4.2,4.6,4.0,4.4,3.7,4.2,4.4,4.5,4.4
SYN-07563,2.5,3.0,2.8,3.0,2.9,3.2,3.0,3.1,3.0,2.4,3.0,3.0,3.2
SYN-07564,3.8,3.2,3.4,3.7,3.9,3.6,3.8,4.3,3.8,4.1,3.6,3.9,4.0
SYN-07565,5.0,4.4,4.8,5.0,4.6,4.8,5.0,4.8,4.7,5.0,4.9,4.7,4.7
SYN-07566,3.6,3.4,3.7,3.2,3.3,3.0,3.5,3.0,3.8,2.9,2.9,3.4,3.0
SYN-07567,3.4,3.9,4.0,3.6,3.5,3.5,3.7,2.9,3.6,3.3,3.7,3.5,3.6
SYN-07568,3.2,3.3,3.0,3.5,3.2,3.3,3.2,3.0,3.4,3.3,3.8,3.0,3.6
SYN-07569,3.6,3.6,3.3,3.7,3.5,3.7,3.3,3.7,3.6,3.5,3.6,3.6,3.8
SYN-07570,4.5,4.4,4.3,4.0,4.1,4.5,4.4,4.2,4.5,4.1,4.0,4.6,4.7
SYN-07571,3.2,3.6,3.7,3.4,3.3,3.2,3.4,3.3,3.7,3.7,3.4,3.6,3.5
SYN-07572,3.8,3.3,3.5,3.3,3.5,3.2,3.0,3.9,3.1,3.0,3.5,3.4,3.0
SYN-07573,4.2,3.9,3.7,4.2,4.1,4.3,3.9,4.4,3.8,4.1,4.0,3.8,4.3
SYN-07574,3.0,2.7,2.7,2.8,2.8,2.5,2.7,2.5,3.0,2.1,2.8,3.0,2.9
SYN-07575,3.3,2.8,3.6,3.8,3.5,3.8,3.6,3.5,3.7,3.6,3.9,3.7,3.6
SYN-07576,3.6,2.9,3.2,3.3,3.4,3.2,3.0,3.1,3.2,3.8,2.7,3.4,3.4
SYN-07577,3.6,3.4,3.2,3.2,3.7,3.6,2.9,3.1,3.3,3.2,3.6,3.2,4.2
SYN-07578,2.9,2.8,3.3,2.9,3.3,3.4,3.3,2.9,2.6,3.5,2.6,3.6,3.0
SYN-07579,2.6,2.6,2.7,2.5,2.8,2.7,2.4,2.4,2.6,2.1,2.2,3.1,3.1
SYN-07580,2.6,2.5,2.4,2.4,2.1,2.6,2.0,3.0,2.1,2.0,3.3,2.0,2.5
SYN-07581,3.4,3.4,3.6,3.5,2.8,3.4,3.3,3.5,3.2,3.0,3.0,3.2,2.9
SYN-07582,3.5,3.5,3.5,4.3,3.3,2.8,3.7,3.4,4.0,3.6,3.7,3.2,3.6
SYN-07583,4.3,4.2,4.0,3.6,4.1,4.1,4.3,4.0,4.1,3.8,3.8,4.1,4.0
SYN-07584,2.8,2.8,2.1,2.9,3.0,2.6,3.0,2.7,2.8,2.6,2.8,2.3,2.7
SYN-07585,4.1,3.6,3.5,3.5,3.4,3.6,3.3,3.8,3.8,3.8,3.9,3.9,3.7
SYN-07586,4.2,4.0,3.6,3.8,4.1,3.9,3.6,3.8,3.6,4.1,4.2,3.3,3.9
SYN-07587,3.4,3.3,4.1,4.0,3.8,3.5,3.6,3.5,4.3,4.3,3.9,3.7,3.3
SYN-07588,3.6,3.6,3.4,4.1,4.2,3.6,4.0,3.7,3.4,4.0,4.1,3.8,3.5
SYN-07589,2.6,2.2,2.6,2.8,2.1,2.5,2.2,2.7,2.3,2.8,3.1,2.1,2.4
SYN-07590,3.8,3.4,3.6,3.3,3.0,3.7,3.7,3.2,3.3,3.4,3.6,3.7,3.6
SYN-07591,3.1,3.4,3.4,3.4,3.7,3.8,3.7,3.9,3.5,3.3,3.1,3.4,3.2
SYN-07592,4.4,4.1,3.5,3.7,3.6,3.6,3.7,3.7,3.7,3.8,3.7,4.1,3.8
SYN-07593,4.3,4.1,4.2,3.9,4.2,4.6,4.1,4.4,4.6,4.3,4.2,4.5,4.3
SYN-07594,3.6,3.5,2.9,3.2,3.4,3.7,3.6,3.6,3.3,3.2,3.2,3.1,4.0
SYN-07595,3.9,3.0,3.4,3.3,3.2,3.5,3.2,3.2,3.5,3.7,3.9,3.5,3.1
SYN-07596,3.8,3.5,3.6,4.0,4.0,3.8,4.1,2.9,3.4,3.8,3.6,3.9,3.2
SYN-07597,3.9,3.7,3.6,3.0,4.2,3.2,3.1,3.7,3.9,3.5,3.3,3.4,3.6
SYN-07598,3.6,4.1,3.5,3.3,4.2,3.5,3.9,3.9,3.5,3.9,3.6,3.5,3.7
SYN-07599,4.3,3.9,4.1,3.8,3.6,3.9,3.8,3.7,4.0,3.9,3.6,4.1,3.8
SYN-07600,3.7,3.2,3.1,3.3,3.4,3.3,3.8,3.2,2.8,3.4,3.6,3.3,3.5
SYN-07601,3.5,3.5,3.9,4.0,3.9,3.9,3.9,3.7,4.0,3.5,4.1,4.0,3.3
SYN-07602,3.6,3.6,4.1,3.1,3.0,3.7,3.5,3.0,4.0,3.3,3.3,3.6,4.1
SYN-07603,2.6,2.9,2.4,2.7,3.2,3.1,2.6,3.0,2.8,2.7,2.2,2.6,2.4
SYN-07604,3.0,2.6,2.2,3.0,3.0,2.6,2.2,2.8,2.6,2.4,2.8,2.7,2.6
SYN-07605,2.3,2.2,2.1,2.3,2.2,1.9,2.2,2.4,2.1,3.0,2.2,2.3,2.3
SYN-07606,4.6,4.6,4.2,4.5,4.3,4.2,4.4,4.4,4.8,4.2,4.5,4.5,4.3
SYN-07607,4.6,4.4,3.7,4.7,4.9,4.8,4.3,3.9,4.3,3.8,4.5,4.4,4.9
SYN-07608,4.3,3.8,4.5,4.1,4.0,4.2,3.9,3.9,4.8,4.4,4.3,4.1,3.6
SYN-07609,3.7,3.2,3.3,3.7,2.9,3.3,3.4,3.6,3.2,2.9,3.4,3.1,3.5
SYN-07610,4.4,4.1,3.7,4.1,4.1,3.8,4.4,4.1,4.1,4.0,4.6,4.5,3.9
SYN-07611,4.3,4.0,4.2,3.8,3.9,3.5,4.0,3.7,3.6,4.0,3.7,3.8,4.6
SYN-07612,2.4,2.6,2.4,3.1,2.8,3.0,2.8,2.8,2.9,2.2,2.4,2.8,2.8
SYN-07613,2.7,3.1,3.0,3.4,3.1,3.2,2.8,3.0,2.8,3.1,3.1,3.3,3.4
SYN-07614,3.8,3.1,4.2,4.0,3.5,5.0,3.8,3.6,3.7,4.1,3.6,3.4,4.2
SYN-07615,3.2,3.1,3.5,3.3,3.1,3.2,3.3,3.6,3.4,3.8,2.8,3.0,2.7
SYN-07616,3.0,3.6,3.3,3.4,3.2,2.9,3.6,2.9,3.1,3.7,3.3,3.4,3.0
SYN-07617,3.5,3.6,3.8,3.9,4.0,4.0,4.0,4.2,4.0,4.3,4.1,4.0,3.8
SYN-07618,3.2,2.7,3.4,3.3,3.0,2.9,3.3,3.0,3.3,3.4,2.8,2.6,3.0
SYN-07619,5.0,4.8,5.0,4.5,4.3,4.9,4.6,4.7,4.8,5.0,5.0,4.7,5.0
SYN-07620,5.0,4.4,4.8,5.0,4.6,4.3,4.5,4.1,4.2,4.3,4.4,4.5,4.1
SYN-07621,3.9,3.4,3.3,3.9,3.6,3.5,3.5,3.4,3.4,3.4,3.6,3.2,3.5
SYN-07622,4.0,4.6,4.1,4.1,3.6,4.0,4.5,4.6,3.6,3.9,4.3,4.1,4.9
SYN-07623,3.8,3.9,3.9,3.6,3.4,4.3,3.4,3.4,3.7,3.5,3.3,3.7,3.7
SYN-07624,3.3,2.8,2.9,3.3,3.6,3.6,3.3,2.9,3.6,3.9,3.5,3.8,3.5
SYN-07625,5.0,4.7,4.2,4.6,4.8,4.3,3.9,4.6,4.7,4.6,5.0,4.9,5.0
SYN-07626,4.0,3.6,3.6,3.5,3.9,3.2,3.6,3.6,3.6,3.7,3.5,4.1,4.0
SYN-07627,3.3,3.3,3.8,3.1,3.0,3.6,2.9,2.8,3.2,3.0,3.6,3.1,2.9
SYN-07628,4.0,3.4,3.6,4.0,3.4,3.7,4.0,4.1,4.0,3.0,3.9,4.1,4.4
SYN-07629,4.1,4.0,4.5,4.0,4.4,4.6,4.7,4.6,4.7,4.7,4.5,4.5,4.9
SYN-07630,3.7,3.7,3.6,3.1,3.4,3.6,3.9,4.0,3.4,3.8,3.2,3.6,3.8
SYN-07631,4.2,3.3,3.3,4.1,4.1,3.7,3.8,3.5,3.6,3.1,3.6,3.7,4.2
SYN-07632,3.8,3.5,3.1,3.2,3.3,3.6,2.8,3.3,3.3,2.9,3.6,2.6,3.3
SYN-07633,3.7,4.1,3.9,3.1,3.4,3.2,3.7,3.5,3.6,3.4,3.5,3.9,3.9
SYN-07634,2.7,2.2,3.3,2.9,2.8,2.6,2.9,2.9,3.2,3.6,2.8,3.4,2.8
SYN-07635,2.9,2.5,2.6,2.5,3.4,3.2,3.5,2.7,3.0,3.0,3.0,2.7,3.3
SYN-07636,3.0,3.2,3.7,3.4,3.6,3.3,3.6,3.5,2.7,2.8,3.0,3.3,3.0
SYN-07637,3.9,3.8,3.6,3.6,4.0,3.1,3.9,3.7,4.4,3.9,3.7,3.6,3.8
SYN-07638,3.8,3.6,4.2,4.2,3.7,3.6,4.3,4.3,3.9,3.7,4.5,4.4,4.2
SYN-07639,4.2,3.5,3.4,3.2,3.3,3.0,3.2,3.9,3.5,3.6,2.9,4.0,3.6
SYN-07640,3.9,4.5,3.4,4.7,3.9,3.5,3.7,3.6,4.3,3.8,3.3,3.5,3.4
SYN-07641,3.6,3.4,2.9,3.1,3.2,3.1,3.1,3.1,3.8,3.1,3.8,3.1,3.5
SYN-07642,4.2,3.8,3.7,4.0,3.7,3.8,4.1,3.6,4.2,3.9,3.8,3.9,3.5
SYN-07643,4.5,4.3,4.8,4.3,4.0,3.8,4.0,4.5,4.2,3.7,3.7,4.6,4.1
SYN-07644,3.4,3.4,3.5,3.6,3.3,3.8,3.0,3.8,3.6,3.1,3.9,3.6,3.7
SYN-07645,3.1,3.5,3.6,3.7,3.9,4.0,3.0,3.5,3.6,3.8,4.0,3.9,4.0
SYN-07646,3.1,3.4,2.6,3.3,3.6,2.7,3.2,3.5,3.4,3.6,3.3,3.6,3.4
SYN-07647,3.8,3.9,4.1,3.8,3.8,3.8,3.3,3.4,3.4,4.0,4.3,3.6,3.8
SYN-07648,2.0,1.3,2.0,2.3,1.7,1.9,2.2,1.7,1.9,2.2,1.4,2.0,1.8
SYN-07649,2.9,3.2,2.2,2.2,2.4,2.8,2.6,3.1,2.2,2.3,3.2,2.6,3.2
SYN-07650,4.0,3.9,4.0,3.3,4.2,3.9,3.2,3.8,3.7,4.2,3.6,3.9,3.6
SYN-07651,2.0,2.2,2.6,2.5,2.7,2.5,2.3,2.5,2.1,2.6,1.9,2.7,2.7
SYN-07652,3.6,3.1,3.4,2.7,3.3,3.0,3.1,3.7,3.0,3.4,3.2,3.5,2.9
SYN-07653,3.8,3.9,3.8,4.2,4.2,4.5,4.4,3.8,4.4,4.0,4.5,3.5,4.2
SYN-07654,4.0,3.8,4.0,4.3,3.9,4.2,4.2,3.8,3.2,4.0,4.3,4.3,4.1
SYN-07655,4.6,5.0,4.4,4.9,5.0,4.8,4.5,4.8,4.9,4.5,4.7,5.0,5.0
SYN-07656,3.6,3.3,2.9,3.6,3.1,3.6,3.4,3.7,3.2,3.1,3.6,3.5,3.8
SYN-07657,3.8,3.3,3.7,3.0,3.1,3.5,3.3,2.8,4.0,2.8,3.3,3.7,3.4
SYN-07658,3.7,3.3,3.5,3.9,3.4,3.6,3.4,3.5,3.6,3.1,3.2,3.3,3.7
SYN-07659,3.3,3.5,2.9,2.8,3.0,2.7,3.3,2.7,2.7,2.6,2.8,2.9,2.8
SYN-07660,3.1,3.8,3.3,3.5,3.5,3.2,3.0,3.2,3.5,3.1,3.5,2.6,3.4
SYN-07661,3.0,3.1,2.4,2.9,3.3,3.5,2.8,2.5,3.3,3.0,3.4,3.4,2.3
SYN-07662,4.3,4.2,4.4,4.2,4.7,4.1,4.1,4.5,4.1,4.1,3.8,3.9,3.8
SYN-07663,3.8,3.6,3.6,3.8,4.2,3.6,4.0,4.2,3.5,3.6,4.5,4.0,4.1
SYN-07664,2.7,2.7,2.2,2.7,3.1,2.7,3.5,2.7,2.4,3.1,3.2,2.6,3.2
SYN-07665,3.0,3.6,3.4,3.2,3.4,3.4,3.9,3.1,2.6,2.9,3.3,3.0,2.9
SYN-07666,3.7,4.3,3.4,3.2,4.3,3.9,3.2,3.6,3.9,3.7,3.5,3.8,4.4
SYN-07667,3.6,3.5,3.6,3.5,3.1,3.6,3.6,3.4,3.4,3.5,4.1,4.4,3.9
SYN-07668,2.8,2.6,2.8,3.5,3.1,3.2,2.8,3.0,3.2,2.8,2.5,2.9,2.4
SYN-07669,3.8,3.4,3.7,3.5,4.0,3.7,4.0,3.7,3.3,3.2,3.8,3.6,3.2
SYN-07670,3.8,3.7,4.2,3.8,3.9,3.7,3.6,4.2,3.7,4.1,4.3,4.0,3.6
SYN-07671,3.4,4.6,4.1,4.0,4.5,4.3,4.1,3.9,3.8,4.3,3.5,4.2,3.3
SYN-07672,4.1,4.4,4.9,4.5,4.4,4.2,4.8,4.6,4.4,4.9,4.0,4.9,4.0
SYN-07673,3.4,3.9,3.9,3.8,3.6,4.0,3.9,4.1,3.6,3.8,4.1,4.2,3.5
SYN-07674,2.5,2.5,2.5,3.8,3.5,2.9,2.6,2.8,2.9,2.3,2.9,3.0,2.6
SYN-07675,2.9,3.2,3.0,2.7,3.0,3.4,3.4,2.6,3.4,2.9,3.1,3.2,2.5
SYN-07676,4.3,4.6,4.3,4.3,4.5,4.1,4.2,4.3,4.3,4.0,4.5,4.0,4.0
SYN-07677,4.4,4.7,4.1,4.3,4.1,4.3,4.2,4.4,3.9,4.6,4.7,4.0,4.4
SYN-07678,3.8,3.1,4.0,3.6,3.3,3.3,3.5,3.4,3.7,3.3,3.3,3.6,3.3
SYN-07679,3.6,4.0,3.2,3.8,3.9,4.1,3.7,3.7,3.3,3.6,4.0,3.4,3.1
SYN-07680,3.9,3.5,3.8,3.2,3.5,3.4,3.7,3.6,3.8,3.5,3.9,3.3,3.8
SYN-07681,3.7,3.4,3.1,2.8,3.3,3.0,3.2,4.0,3.3,2.9,3.2,3.6,3.4
SYN-07682,2.9,3.2,2.7,3.1,2.9,2.5,3.1,2.7,3.1,2.6,2.1,2.0,2.8
SYN-07683,3.6,3.2,3.9,4.0,3.8,3.7,4.0,3.7,3.7,3.4,3.4,3.8,3.5
SYN-07684,5.0,4.5,4.2,4.6,4.4,4.6,4.6,4.3,4.6,5.0,4.3,4.4,4.1
SYN-07685,4.0,3.6,3.1,3.2,3.3,4.0,3.6,3.5,3.4,3.6,3.4,4.0,3.6
SYN-07686,3.0,3.1,3.8,3.3,3.8,3.4,3.5,3.2,3.6,3.0,3.1,3.4,3.2
SYN-07687,3.3,3.4,3.3,3.3,3.8,2.7,3.1,3.2,3.5,3.5,2.5,3.6,3.3
SYN-07688,4.0,3.6,4.0,3.9,3.7,4.3,4.5,3.8,3.3,3.9,3.5,3.9,3.9
SYN-07689,4.2,3.8,3.7,3.8,4.1,4.6,4.0,4.5,3.6,4.3,4.6,3.9,4.1
SYN-07690,3.8,4.0,3.5,3.4,4.0,4.0,3.5,4.0,3.8,3.5,3.5,3.7,4.6
SYN-07691,2.5,2.2,2.2,2.7,2.5,2.5,2.3,2.1,2.5,3.1,2.4,2.4,2.7
SYN-07692,4.5,4.2,4.3,4.3,4.7,4.3,4.1,4.8,4.7,4.5,4.3,3.7,5.0
SYN-07693,4.7,4.0,4.0,3.7,3.3,3.9,3.3,4.2,4.1,3.7,4.2,4.3,4.0
SYN-07694,3.3,3.4,3.9,3.4,3.6,4.0,3.1,2.5,3.4,3.6,3.1,3.6,3.8
SYN-07695,2.7,2.9,3.3,2.9,3.1,3.3,2.9,2.6,3.1,3.3,3.4,2.8,2.9
SYN-07696,3.5,2.9,3.0,3.7,3.1,2.9,3.3,3.4,3.4,3.2,3.0,3.7,3.6
SYN-07697,3.8,4.0,3.7,4.0,4.0,4.1,4.4,4.2,3.7,3.6,4.1,4.2,4.6
SYN-07698,2.0,2.7,2.3,2.9,2.3,2.8,3.2,2.6,2.2,2.2,2.1,2.2,2.2
SYN-07699,4.5,3.5,3.8,3.9,3.9,4.3,3.3,3.4,3.5,4.2,3.9,4.4,3.2
SYN-07700,3.8,3.8,3.2,3.8,3.8,3.5,3.8,3.3,3.9,4.0,3.4,3.9,3.2
SYN-07701,3.7,3.7,3.5,3.5,4.1,2.9,4.1,3.3,4.2,3.9,3.8,4.0,3.5
SYN-07702,3.0,2.8,3.0,3.1,3.0,2.7,2.9,2.8,2.7,3.2,3.3,3.6,2.6
SYN-07703,2.9,2.7,2.5,2.8,2.6,2.5,2.5,2.4,2.9,2.6,2.8,3.0,2.3
SYN-07704,5.0,4.8,4.9,5.0,4.5,4.5,4.7,4.8,4.5,4.3,5.0,4.4,5.0
SYN-07705,3.2,3.4,3.5,4.3,3.6,3.7,3.5,3.3,3.8,3.6,4.0,3.2,4.0
SYN-07706,4.6,4.3,4.7,4.3,4.9,4.5,4.3,4.4,4.3,5.0,4.2,4.5,4.6
SYN-07707,3.9,3.6,4.6,3.9,3.6,3.8,4.0,3.9,3.6,4.1,3.6,4.2,4.1
SYN-07708,3.5,4.5,3.4,3.5,4.0,3.8,3.3,3.7,3.9,2.8,3.4,4.1,3.4
SYN-07709,4.1,3.4,3.7,3.7,3.4,3.1,3.9,3.5,4.2,3.5,3.6,3.8,3.4
SYN-07710,4.1,3.6,4.4,3.6,4.4,4.0,3.9,4.0,4.2,4.2,4.0,3.8,3.7
SYN-07711,3.5,4.5,4.2,4.5,4.5,4.5,4.0,4.2,3.9,4.3,4.2,4.3,4.1
SYN-07712,4.1,3.6,3.5,4.2,3.9,3.7,3.3,3.6,3.1,3.5,3.6,4.0,3.8
SYN-07713,3.8,4.5,3.8,3.5,4.4,4.0,4.3,3.9,3.9,3.7,4.2,4.3,4.4
SYN-07714,4.6,4.3,3.8,4.5,4.2,4.4,4.0,4.2,4.2,3.8,3.6,4.0,4.6
SYN-07715,3.6,3.7,3.7,4.0,3.3,3.9,3.6,3.7,3.8,3.7,3.8,3.5,4.0
SYN-07716,3.2,3.5,3.3,3.4,3.4,3.2,3.4,3.3,3.8,3.2,3.3,3.4,3.0
SYN-07717,4.0,3.7,3.6,3.6,3.1,3.9,3.8,3.8,3.9,3.8,4.0,3.6,3.4
SYN-07718,3.0,3.1,3.2,3.2,3.8,2.5,3.2,3.0,3.3,3.2,3.0,2.8,2.9
SYN-07719,3.2,2.9,3.6,3.7,3.1,2.8,3.1,2.8,3.5,3.1,2.8,2.9,2.9
SYN-07720,3.9,3.5,3.7,3.7,3.4,3.3,3.6,4.1,3.6,4.3,3.6,3.4,3.5
SYN-07721,2.8,3.6,3.4,3.2,3.9,3.3,3.7,3.4,3.7,3.6,3.6,3.3,3.5
SYN-07722,4.1,3.9,3.9,4.1,4.3,4.4,4.5,4.7,4.0,4.6,3.9,4.2,3.9
SYN-07723,2.9,2.7,3.1,2.9,3.0,2.9,3.0,3.3,3.5,2.8,3.1,3.2,3.1
SYN-07724,3.0,2.3,1.9,2.2,2.4,2.5,2.2,2.4,2.8,2.9,2.7,2.7,2.5
SYN-07725,4.2,4.2,4.5,4.5,4.4,4.5,3.7,4.3,3.8,4.1,4.2,4.1,4.0
SYN-07726,3.8,3.7,3.9,3.4,3.5,4.3,3.4,3.1,3.8,3.8,3.9,3.8,3.3
SYN-07727,3.8,3.7,3.8,3.5,3.9,3.7,3.7,3.4,3.8,3.5,3.6,3.5,3.8
SYN-07728,3.1,2.8,3.4,3.3,3.2,3.1,2.8,3.1,2.9,3.2,3.3,3.4,3.1
SYN-07729,2.6,2.4,2.1,2.3,2.7,2.4,2.0,2.4,2.4,2.4,2.6,3.1,2.1
SYN-07730,3.5,3.1,3.4,3.2,3.1,3.2,2.6,2.9,3.1,2.7,3.1,2.8,3.2
SYN-07731,4.0,4.2,3.9,3.5,3.6,3.4,3.9,3.7,3.8,3.8,3.4,3.9,4.1
SYN-07732,3.2,3.3,3.6,3.2,3.4,3.5,3.7,3.4,3.2,3.5,3.3,3.4,3.1
SYN-07733,3.1,3.5,3.4,3.2,3.1,3.7,3.5,4.0,3.1,2.9,3.4,3.3,3.3
SYN-07734,2.2,2.6,2.4,2.3,2.4,2.1,2.8,2.5,2.5,2.9,2.4,2.2,2.7
SYN-07735,4.2,3.9,4.7,4.6,4.4,4.1,4.7,4.4,4.7,4.7,4.3,4.1,4.6
SYN-07736,3.6,3.6,3.5,3.8,4.4,4.0,3.5,3.7,3.4,2.8,3.9,3.3,3.1
SYN-07737,5.0,5.0,4.9,4.7,5.0,4.9,4.4,4.5,4.6,4.9,5.0,4.7,5.0
SYN-07738,4.1,3.7,3.3,3.9,4.2,3.6,4.2,3.5,3.7,4.1,3.6,3.3,3.9
SYN-07739,4.0,4.6,4.6,4.8,4.1,4.1,4.4,4.2,3.9,4.3,4.4,4.5,4.4
SYN-07740,3.0,3.6,3.0,2.9,3.0,3.3,3.0,3.3,3.3,2.9,3.0,3.7,3.1
SYN-07741,1.9,2.4,2.8,2.7,2.7,2.9,2.4,2.7,2.6,2.7,2.6,2.6,2.8
SYN-07742,3.1,3.2,3.9,3.6,3.7,3.4,3.4,3.2,3.5,3.5,3.7,3.3,3.4
SYN-07743,4.6,3.8,3.6,4.0,3.9,3.5,3.9,4.1,3.6,4.2,3.6,3.6,3.8
SYN-07744,4.1,4.1,4.0,3.5,3.6,3.8,4.0,3.8,4.2,4.4,3.6,3.9,4.0
SYN-07745,4.0,3.8,3.7,3.2,3.6,3.9,4.1,3.4,4.1,4.0,3.8,3.5,4.1
SYN-07746,4.7,4.9,4.5,4.3,5.0,4.9,4.9,4.4,5.0,5.0,5.0,4.7,4.2
SYN-07747,3.6,3.6,3.7,3.9,3.6,4.0,3.7,3.1,3.7,3.5,3.8,4.0,3.4
SYN-07748,3.3,3.8,3.2,3.1,3.9,3.5,3.8,3.1,3.2,3.0,3.5,3.1,3.1
SYN-07749,3.4,3.5,3.4,3.4,3.8,3.7,3.4,3.6,3.6,3.5,3.1,2.8,3.9
SYN-07750,3.1,3.2,2.8,3.0,2.8,2.8,3.2,3.2,3.1,3.1,3.2,2.2,3.3
SYN-07751,4.3,3.2,3.1,3.2,4.0,3.3,3.7,3.8,3.6,3.5,3.6,3.3,3.9
SYN-07752,4.4,4.2,3.8,4.1,4.0,3.9,4.1,4.0,4.4,3.8,4.0,3.8,4.1
SYN-07753,4.4,4.2,4.5,4.8,3.3,4.5,4.3,4.3,4.2,4.5,4.3,4.5,4.3
SYN-07754,3.5,3.6,3.3,3.6,3.5,3.4,3.1,3.1,3.5,3.5,3.2,3.6,3.1
SYN-07755,3.4,3.3,3.3,3.2,4.5,3.8,3.6,3.4,3.1,3.0,3.4,3.7,3.2
SYN-07756,3.3,3.2,3.2,3.9,3.2,3.2,3.0,2.9,2.8,2.8,3.1,3.3,2.6
SYN-07757,4.0,3.8,4.3,3.9,4.3,3.9,4.2,4.0,4.2,4.3,4.6,4.1,4.0
SYN-07758,3.2,2.6,3.0,2.6,2.8,2.6,3.0,2.8,2.5,2.4,2.9,3.1,2.3
SYN-07759,3.0,2.9,3.4,2.8,3.1,2.7,3.5,2.8,3.5,3.1,2.8,3.3,3.3
SYN-07760,1.7,1.4,1.4,1.5,1.0,1.3,1.5,1.3,1.1,1.0,1.2,1.2,1.3
SYN-07761,2.9,3.0,2.5,3.1,3.2,2.3,2.7,3.1,3.0,2.5,3.0,2.3,3.0
SYN-07762,3.6,3.2,3.4,3.3,2.9,3.0,3.1,3.1,3.5,3.6,3.4,3.6,3.3
SYN-07763,2.4,3.2,3.0,3.4,3.2,3.3,3.2,3.1,3.0,3.1,3.4,3.6,3.4
SYN-07764,3.6,3.0,2.9,3.1,2.4,2.6,3.0,2.6,3.2,2.6,3.0,2.8,3.4
SYN-07765,3.1,3.1,2.8,2.7,2.9,3.0,3.0,2.4,2.8,3.0,2.6,3.0,2.7
SYN-07766,4.4,4.1,4.2,4.2,4.4,4.4,3.8,4.2,4.2,5.0,4.5,4.2,3.8
SYN-07767,3.0,3.8,2.6,3.0,3.5,3.7,3.0,3.3,3.4,3.3,3.2,3.5,3.4
SYN-07768,2.7,3.0,2.6,2.6,2.4,1.8,2.6,2.6,2.2,2.3,2.8,2.1,2.5
SYN-07769,3.2,2.6,3.0,3.0,3.2,3.0,3.1,2.8,3.1,3.2,2.5,3.1,3.8
SYN-07770,2.8,3.0,2.7,3.3,3.1,2.9,3.2,3.2,2.6,3.1,3.0,2.9,2.9
SYN-07771,3.7,3.0,3.3,3.5,3.3,3.4,3.4,3.8,3.5,4.0,3.5,3.8,3.6
SYN-07772,4.1,3.6,3.8,3.3,3.3,4.0,3.5,4.0,3.7,4.0,3.9,3.0,3.6
SYN-07773,2.4,1.8,2.6,2.3,2.7,2.5,2.9,2.8,3.0,3.0,3.0,2.8,2.7
SYN-07774,3.5,3.5,3.6,3.9,4.0,3.2,3.7,3.7,3.3,3.9,4.2,3.5,3.7
SYN-07775,4.4,5.0,4.5,4.1,4.0,4.3,4.2,4.5,4.3,4.3,4.0,4.2,4.4
SYN-07776,4.7,4.0,4.1,3.9,3.8,4.2,4.2,3.7,3.6,4.3,3.8,4.1,4.1
SYN-07777,3.9,3.7,4.0,4.2,3.8,3.4,3.5,4.2,3.6,4.1,3.4,3.4,3.9
SYN-07778,3.5,4.1,3.7,3.5,3.3,4.3,3.7,3.7,3.7,3.8,3.8,3.7,3.2
SYN-07779,3.5,3.2,3.6,3.8,3.3,3.4,3.2,2.9,3.8,3.2,3.4,2.8,3.0
SYN-07780,3.6,4.3,4.0,4.1,4.3,3.8,4.1,4.3,4.3,3.6,4.4,3.9,4.3
SYN-07781,3.8,4.1,3.7,3.6,3.4,3.8,3.3,3.5,2.8,3.3,4.0,3.5,3.6
SYN-07782,2.8,3.4,2.9,3.1,2.8,3.7,2.6,2.9,3.5,3.0,3.2,3.2,3.2
SYN-07783,3.7,3.7,2.8,3.6,3.3,3.6,3.1,3.6,3.3,3.3,3.7,3.2,3.4
SYN-07784,3.2,3.2,3.0,3.0,3.0,3.4,3.2,3.4,3.4,3.3,3.0,3.2,2.5
SYN-07785,3.0,2.5,3.3,3.8,3.6,3.2,3.8,3.4,3.9,2.9,3.4,3.1,3.4
SYN-07786,3.6,4.0,4.4,4.3,4.3,4.1,4.0,4.1,4.3,4.3,3.7,4.2,4.3
SYN-07787,3.2,3.6,3.1,3.5,2.6,3.2,3.2,3.8,3.3,3.1,3.7,3.4,3.5
SYN-07788,2.9,3.5,3.0,3.0,3.2,3.2,3.8,3.4,3.1,2.7,2.7,3.1,3.6
SYN-07789,4.5,4.2,3.6,3.8,4.0,4.1,3.9,4.4,4.5,4.0,3.9,4.0,3.9
SYN-07790,4.3,4.1,4.5,4.1,4.0,4.2,4.1,4.2,4.1,3.6,4.0,4.5,4.0
SYN-07791,2.5,3.1,3.3,3.6,3.3,3.4,3.3,3.1,2.7,3.0,3.3,3.1,3.4
SYN-07792,4.4,4.2,4.4,4.1,4.3,4.2,4.0,4.5,4.0,4.4,4.2,4.4,4.3
SYN-07793,3.9,4.0,4.1,4.4,4.6,3.7,3.8,3.3,3.7,3.7,3.4,3.5,3.9
SYN-07794,3.0,3.1,2.9,4.0,3.3,3.2,3.6,3.1,2.8,3.0,3.7,3.1,2.7
SYN-07795,4.4,4.3,4.0,4.2,4.6,4.4,4.1,4.5,4.6,3.9,4.8,4.2,4.4
SYN-07796,2.9,3.0,3.0,2.7,2.9,3.2,2.7,3.1,2.4,3.0,3.7,3.0,2.4
SYN-07797,3.5,3.7,3.4,3.1,3.0,3.3,3.4,2.7,3.6,2.3,3.5,3.5,3.6
SYN-07798,2.5,3.2,3.6,2.9,3.0,2.5,2.7,2.8,2.5,2.6,2.8,3.1,2.5
SYN-07799,2.9,2.5,2.9,3.4,3.0,3.3,3.0,3.1,2.7,3.2,2.8,2.6,2.9
SYN-07800,3.5,4.2,4.5,3.9,3.9,4.1,4.1,4.0,3.5,4.3,4.3,3.6,3.1
SYN-07801,4.3,3.3,3.1,2.6,3.3,3.7,4.1,3.4,2.9,3.6,3.6,3.3,3.4
SYN-07802,2.9,3.1,3.1,3.0,2.9,3.5,3.1,3.2,3.2,3.0,3.3,2.7,3.1
SYN-07803,2.8,3.2,2.6,2.8,3.0,3.7,3.1,3.4,3.6,3.1,3.7,3.2,2.9
SYN-07804,3.5,3.3,3.0,2.8,3.4,2.8,2.5,3.5,3.4,3.3,3.1,3.3,2.9
SYN-07805,3.7,4.2,3.6,3.8,3.2,3.5,3.6,4.0,4.3,3.7,3.1,3.3,4.0
SYN-07806,4.5,5.0,4.9,4.8,4.8,4.8,4.4,4.7,5.0,4.4,4.4,4.6,5.0
SYN-07807,3.3,3.5,3.3,3.5,3.5,3.8,3.1,3.7,3.3,3.7,3.2,3.5,3.3
SYN-07808,3.7,4.1,3.8,3.8,3.6,3.6,3.6,3.6,3.5,3.4,3.4,3.6,3.4
SYN-07809,4.4,3.9,4.5,4.3,4.8,4.7,4.0,4.3,4.4,4.2,4.1,4.4,4.5
SYN-07810,3.2,3.2,3.1,2.9,3.4,3.3,3.2,3.3,4.0,3.8,3.3,3.0,3.5
SYN-07811,4.2,4.3,4.5,4.4,4.3,4.4,4.6,3.8,4.4,4.0,4.4,3.9,4.2
SYN-07812,3.3,3.2,3.5,3.2,3.2,3.2,3.1,3.1,3.5,3.5,3.0,3.5,2.8
SYN-07813,3.2,3.0,3.3,3.3,3.7,3.7,3.2,3.3,3.0,3.1,2.8,3.5,3.1
SYN-07814,3.1,3.2,3.2,3.1,3.6,3.3,3.1,3.3,3.3,3.3,3.5,3.4,3.9
SYN-07815,3.1,3.9,3.5,3.4,3.2,3.3,3.5,3.1,3.4,4.0,3.5,3.6,3.1
SYN-07816,3.5,2.9,2.7,3.5,3.4,3.8,2.9,3.7,3.3,3.6,3.0,3.5,2.9
SYN-07817,4.1,3.5,3.6,3.8,3.4,3.9,4.0,3.2,3.6,3.5,3.4,3.7,3.8
SYN-07818,3.0,3.8,3.3,3.3,3.3,2.8,2.8,3.6,3.7,3.6,3.1,3.0,3.1
SYN-07819,2.9,3.5,3.5,3.5,3.3,3.6,3.9,3.3,3.4,2.4,3.9,3.4,3.6
SYN-07820,2.5,2.6,2.8,2.4,2.7,2.1,2.8,2.4,2.8,2.8,3.4,2.9,3.0
SYN-07821,4.0,4.0,3.4,4.3,4.5,3.9,3.7,3.8,3.9,3.7,4.0,4.2,3.9
SYN-07822,4.3,4.4,4.0,4.6,4.7,4.5,4.2,3.8,4.3,4.2,4.7,4.0,3.9
SYN-07823,4.2,3.6,3.6,3.4,3.7,3.6,3.6,3.7,3.6,3.2,4.0,3.9,3.8
SYN-07824,3.7,4.2,3.9,3.8,3.9,3.9,3.6,4.1,4.0,4.2,3.7,4.0,3.9
SYN-07825,2.9,3.1,3.2,2.9,3.5,3.0,3.7,2.8,2.9,2.4,3.0,3.4,2.7
SYN-07826,4.5,4.1,4.4,4.6,5.0,4.7,4.2,3.9,4.5,4.8,4.4,4.2,4.6
SYN-07827,3.6,3.5,3.7,3.8,3.3,3.1,3.2,3.4,4.2,3.5,3.8,3.4,3.4
SYN-07828,2.9,2.1,3.0,2.6,2.6,2.9,3.0,2.4,2.2,2.1,2.6,2.3,2.2
SYN-07829,4.3,4.3,4.1,4.1,4.2,3.8,4.3,4.4,4.6,3.6,4.3,4.3,4.6
SYN-07830,3.8,3.8,3.8,3.8,3.6,3.6,3.7,4.0,3.6,4.1,3.9,4.1,4.1
SYN-07831,4.4,4.9,4.9,4.2,4.3,4.4,4.8,4.9,4.6,5.0,4.4,5.0,4.8
SYN-07832,4.5,4.6,4.8,4.3,4.2,4.6,4.4,4.4,4.9,4.2,4.7,4.5,4.1
SYN-07833,3.9,3.5,4.1,3.9,4.3,4.3,3.7,3.6,4.4,4.1,4.0,4.2,4.4
SYN-07834,4.1,3.8,3.8,4.0,4.0,4.1,3.4,2.9,3.5,4.0,3.7,4.1,3.4
SYN-07835,3.7,4.0,4.0,4.0,3.8,3.9,4.4,3.9,4.2,3.9,4.2,3.9,3.8
SYN-07836,2.9,3.2,2.5,2.8,3.1,2.9,2.7,2.9,3.1,3.3,2.6,3.4,2.7
SYN-07837,3.3,3.0,3.4,3.2,3.2,3.5,3.3,3.1,3.2,3.5,3.0,3.4,3.0
SYN-07838,5.0,5.0,4.7,4.7,5.0,5.0,4.9,5.0,4.6,4.4,5.0,4.9,5.0
SYN-07839,2.6,2.4,2.4,2.0,2.2,2.2,2.8,2.7,2.6,3.1,2.6,2.6,2.4
SYN-07840,3.6,3.4,4.0,3.8,3.6,3.6,4.1,3.9,3.4,3.2,3.6,3.8,3.2
SYN-07841,3.0,3.4,3.7,3.5,3.5,3.4,3.8,3.7,4.0,3.4,3.8,3.4,3.4
SYN-07842,4.1,3.9,3.8,4.1,3.8,4.6,4.1,4.1,4.1,4.5,4.4,4.3,4.4
SYN-07843,3.6,3.9,3.7,4.0,3.6,3.7,3.3,3.2,3.9,3.7,3.7,3.7,3.4
SYN-07844,3.8,4.5,4.3,4.6,3.9,4.2,4.4,4.7,4.3,4.3,4.0,4.1,3.8
SYN-07845,3.3,3.8,3.3,3.5,3.4,3.6,3.3,3.6,3.6,3.3,3.1,3.2,3.7
SYN-07846,3.4,3.7,3.9,4.3,4.1,3.8,3.8,3.9,4.4,3.6,3.6,3.9,4.1
SYN-07847,3.4,3.9,3.9,3.7,3.6,3.8,3.1,3.1,3.8,3.3,3.5,3.8,4.0
SYN-07848,3.5,3.3,3.3,3.2,3.3,3.3,3.6,3.3,3.2,3.6,3.4,3.5,2.9
SYN-07849,3.0,3.3,3.5,3.5,3.0,3.4,3.6,3.1,3.1,3.5,3.7,3.3,2.9
SYN-07850,4.4,4.4,4.3,4.0,4.9,4.7,4.2,3.9,4.0,4.4,4.3,4.4,4.3
SYN-07851,4.1,3.6,3.6,3.9,3.5,3.4,3.9,3.6,3.9,3.9,3.6,3.9,3.7
SYN-07852,3.6,4.2,4.4,4.1,4.5,4.2,3.9,4.1,4.6,3.8,4.1,4.3,4.3
SYN-07853,4.0,4.8,4.2,4.2,4.0,4.6,3.8,4.1,4.6,4.4,4.7,4.5,3.9
SYN-07854,3.4,2.9,3.4,2.9,3.2,2.8,3.1,3.1,3.2,3.5,3.0,2.9,3.3
SYN-07855,3.6,3.3,3.5,3.3,3.3,3.6,3.7,3.5,3.4,3.0,3.4,3.1,3.5
SYN-07856,3.2,3.8,3.7,3.5,2.9,3.1,3.6,3.3,3.5,2.9,2.8,3.2,3.5
SYN-07857,3.6,4.3,4.2,4.4,3.9,4.5,3.8,3.5,4.1,4.3,3.9,4.1,4.4
SYN-07858,4.0,3.8,3.5,3.5,3.4,3.6,3.8,3.3,3.4,3.8,3.5,3.6,3.7
SYN-07859,3.6,3.3,4.1,3.7,3.9,3.5,3.7,4.0,3.7,3.6,3.3,3.0,4.1
SYN-07860,2.9,3.7,3.1,2.7,2.9,3.4,3.3,3.2,2.5,2.5,3.3,3.1,3.4
SYN-07861,3.9,3.7,4.1,4.1,3.7,3.6,4.2,3.7,4.6,4.4,4.2,4.5,4.1
SYN-07862,3.9,4.5,4.1,3.9,3.7,3.8,4.3,4.0,4.5,4.2,4.2,3.8,3.8
SYN-07863,3.4,3.6,3.6,3.8,4.4,3.6,4.2,3.5,3.6,3.9,4.1,3.8,3.8
SYN-07864,3.8,3.6,3.2,4.1,3.7,3.7,3.7,3.2,3.1,4.1,3.5,3.6,3.5
SYN-07865,4.1,3.9,4.0,4.0,4.2,4.3,4.1,3.5,4.4,4.3,3.7,4.0,4.0
SYN-07866,3.8,3.7,3.1,4.1,3.5,3.7,3.4,3.2,3.3,2.9,2.9,3.4,3.3
SYN-07867,4.2,4.0,5.0,4.4,4.3,4.7,4.9,3.9,4.4,4.2,4.5,4.3,4.0
SYN-07868,4.2,3.9,4.0,4.1,4.1,3.7,3.8,3.8,3.6,3.9,4.0,3.6,3.9
SYN-07869,3.1,3.1,2.3,2.0,2.8,2.7,2.4,2.7,2.6,2.6,2.6,2.8,2.1
SYN-07870,3.4,4.3,3.7,3.3,3.8,3.9,3.5,3.1,3.2,3.2,2.9,3.7,4.1
SYN-07871,3.7,3.5,3.9,4.0,3.5,3.8,3.2,3.7,3.4,3.8,3.5,3.7,4.3
SYN-07872,3.1,3.3,3.1,2.6,2.9,3.0,3.3,3.2,3.2,3.4,2.8,3.7,2.6
SYN-07873,3.7,4.2,3.8,4.1,3.9,4.2,4.1,3.9,4.1,4.7,4.1,3.7,3.5
SYN-07874,2.2,2.5,2.8,2.7,2.2,2.0,2.4,2.4,2.3,2.6,2.1,2.4,2.5
SYN-07875,3.5,4.0,4.2,4.2,3.9,3.6,3.7,3.9,4.0,3.6,4.0,3.8,3.8
SYN-07876,4.1,3.1,3.9,3.8,3.6,4.4,3.6,4.1,4.1,4.0,3.5,4.1,3.7
SYN-07877,1.7,2.4,2.4,2.6,2.2,3.0,2.4,2.7,2.6,2.6,2.8,2.3,2.6
SYN-07878,3.5,3.5,3.4,3.5,4.0,3.8,3.7,3.4,3.4,3.3,3.9,3.8,3.1
SYN-07879,3.6,3.6,3.3,3.7,2.9,3.3,3.7,3.5,3.8,3.1,3.0,3.1,3.2
SYN-07880,4.9,4.1,4.2,3.9,4.1,4.3,3.6,4.2,4.0,4.3,4.6,4.1,4.3
SYN-07881,2.9,3.3,3.0,3.4,3.1,3.5,3.2,3.1,3.3,3.6,3.5,3.7,3.0
SYN-07882,4.0,3.8,3.7,4.1,3.2,4.1,4.4,4.2,4.2,3.4,4.4,3.8,4.1
SYN-07883,3.9,4.0,4.3,4.4,4.0,4.1,3.7,4.4,3.4,3.6,3.3,4.0,4.0
SYN-07884,3.4,3.6,3.2,3.4,2.8,3.5,3.2,3.2,3.3,3.1,3.2,3.7,3.6
SYN-07885,4.3,4.1,4.0,3.9,4.6,4.2,3.6,3.8,3.9,3.3,4.0,3.5,4.3
SYN-07886,3.3,3.6,3.4,4.1,3.2,3.1,3.6,3.3,3.3,3.6,3.6,2.7,3.2
SYN-07887,4.4,3.5,4.0,4.4,4.5,4.1,3.9,4.3,4.2,4.0,3.8,4.1,3.8
SYN-07888,4.7,4.9,4.7,5.0,4.9,5.0,5.0,4.6,4.7,4.9,4.7,4.9,4.7
SYN-07889,4.0,4.3,4.3,4.1,4.1,3.7,4.3,3.5,3.9,3.7,4.2,4.5,3.9
SYN-07890,4.3,3.7,3.7,3.6,4.2,4.2,3.7,4.0,3.7,4.2,3.7,4.1,4.1
SYN-07891,3.4,2.6,3.5,3.6,3.3,3.5,3.2,3.0,3.2,3.7,3.4,3.0,3.5
SYN-07892,4.8,4.9,4.2,4.3,5.0,4.5,3.7,4.1,4.8,4.4,4.3,5.0,4.6
SYN-07893,4.3,4.1,3.9,3.5,3.8,3.9,3.6,4.2,3.8,4.0,3.8,3.7,3.6
SYN-07894,3.1,3.2,3.3,3.1,3.3,3.3,3.5,3.6,3.6,2.9,3.3,3.7,3.1
SYN-07895,4.7,4.4,3.9,4.9,4.6,4.4,4.4,4.4,4.2,4.5,4.2,4.0,4.1
SYN-07896,3.0,3.5,3.2,3.4,3.1,3.1,4.1,3.6,3.5,3.4,3.7,3.6,3.5
SYN-07897,4.0,4.0,3.2,3.9,4.0,3.8,3.4,3.8,3.8,3.9,4.1,4.2,3.8
SYN-07898,3.4,3.2,3.5,3.5,3.5,3.2,3.6,3.4,3.2,3.3,3.1,3.4,3.4
SYN-07899,3.0,2.7,3.2,3.1,2.6,3.2,2.9,2.7,3.1,2.7,2.5,3.0,2.7
SYN-07900,3.1,3.5,3.4,2.9,3.0,2.4,2.7,3.3,3.3,3.6,2.8,3.0,2.7
SYN-07901,3.3,3.7,3.5,3.1,3.3,2.9,3.0,3.4,3.7,3.3,3.8,3.7,3.6
SYN-07902,3.8,3.8,3.4,3.7,3.2,3.5,3.9,3.8,4.3,3.4,4.4,3.9,4.0
SYN-07903,3.8,3.5,2.5,4.0,3.2,3.2,3.6,3.1,3.5,2.7,3.3,3.5,3.1
SYN-07904,2.8,3.4,3.1,2.9,3.2,2.8,2.5,2.6,3.0,3.0,3.0,3.2,2.4
SYN-07905,3.1,2.8,3.0,3.2,3.4,2.7,3.3,3.1,2.9,3.1,2.8,2.6,3.3
SYN-07906,4.1,4.7,4.7,3.8,4.7,4.2,4.3,4.3,3.9,4.1,4.6,4.3,3.8
SYN-07907,3.7,3.1,3.7,3.9,3.1,3.8,3.7,4.0,3.1,3.0,3.2,3.1,4.2
SYN-07908,2.4,2.4,2.9,2.3,2.6,2.0,2.3,2.9,2.8,2.6,2.4,2.4,2.6
SYN-07909,2.9,4.0,3.0,3.1,2.9,3.7,4.1,3.1,3.3,3.3,3.3,3.5,3.4
SYN-07910,3.5,3.3,2.8,3.7,3.7,3.1,3.5,3.6,3.3,3.1,3.7,3.3,3.6
SYN-07911,4.4,3.9,3.2,3.4,3.3,3.8,3.0,3.6,3.4,2.9,3.6,3.2,3.3
SYN-07912,3.4,3.1,3.5,3.4,3.5,3.6,3.1,3.1,2.9,3.3,3.2,2.9,3.2
SYN-07913,4.5,4.1,4.2,4.3,4.4,4.4,4.1,3.5,4.0,4.1,4.6,3.9,4.7
SYN-07914,3.6,3.7,3.2,3.1,3.9,3.1,3.1,3.0,3.0,3.5,3.8,3.5,3.6
SYN-07915,3.6,2.7,3.4,3.5,3.0,3.6,3.2,3.3,3.9,3.7,3.6,3.5,3.1
SYN-07916,3.2,3.4,3.0,3.1,3.1,4.0,3.7,3.3,3.0,3.3,3.3,3.8,3.8
SYN-07917,3.5,4.0,3.6,3.5,4.1,3.9,4.6,3.7,3.5,3.5,3.8,3.4,3.6
SYN-07918,3.4,3.5,3.5,3.9,3.6,3.6,3.5,3.3,3.5,4.2,3.3,3.6,3.4
SYN-07919,3.4,3.1,3.3,3.6,3.3,3.1,3.7,3.2,3.5,3.1,3.5,3.5,3.8
SYN-07920,3.4,3.8,3.7,3.5,3.2,3.0,3.4,3.4,3.5,3.3,3.7,3.4,3.6
SYN-07921,2.9,3.4,3.6,3.3,2.9,3.2,3.7,2.9,2.5,3.3,2.9,2.8,3.3
SYN-07922,4.4,3.8,3.5,3.3,4.0,4.0,3.9,4.3,4.2,3.6,4.3,4.0,3.9
SYN-07923,2.4,2.5,2.5,3.2,2.7,2.8,2.1,2.4,2.6,3.4,2.7,2.7,2.4
SYN-07924,3.1,3.1,3.6,2.6,2.8,3.4,3.5,3.0,3.7,3.3,3.0,2.9,3.4
SYN-07925,3.5,2.6,3.2,2.9,3.4,3.3,3.3,4.1,3.8,3.5,3.1,3.1,3.8
SYN-07926,3.9,4.3,4.9,3.8,4.6,4.5,4.4,4.3,4.4,4.4,4.1,4.4,4.1
SYN-07927,3.9,4.0,4.1,4.7,4.5,4.2,3.7,3.9,4.6,3.8,4.3,4.0,4.3
SYN-07928,3.8,3.8,3.4,3.8,3.7,3.7,3.5,3.6,3.4,3.6,3.9,3.3,3.7
SYN-07929,2.8,3.3,2.8,2.9,3.1,3.5,3.1,3.7,3.3,2.9,2.1,2.7,3.1
SYN-07930,3.2,2.9,3.6,3.1,3.6,3.5,3.1,4.1,3.3,3.8,3.9,3.3,4.2
SYN-07931,4.3,4.5,4.6,4.1,4.5,4.7,4.6,4.9,4.2,4.5,4.4,4.3,4.4
SYN-07932,3.5,3.2,3.2,3.5,3.8,3.8,3.6,3.1,3.1,3.2,3.3,3.5,3.2
SYN-07933,3.7,3.3,3.9,3.5,3.7,3.6,3.2,3.8,3.3,3.4,3.0,3.3,3.3
SYN-07934,3.4,3.7,3.7,4.3,3.9,4.2,3.2,3.6,4.0,3.7,3.7,3.8,3.2
SYN-07935,3.4,2.7,2.8,2.8,3.1,3.1,2.9,2.7,2.7,2.8,3.3,2.4,3.5
SYN-07936,2.8,3.2,3.1,2.9,3.2,2.4,3.1,2.5,3.1,3.3,2.8,3.9,3.3
SYN-07937,3.3,3.0,2.9,3.4,3.7,2.8,2.9,3.2,3.5,2.8,2.7,2.6,3.3
SYN-07938,3.6,2.9,3.9,2.9,3.1,2.9,3.6,3.8,3.6,3.3,3.4,3.3,3.4
SYN-07939,3.9,3.7,3.5,4.0,3.2,4.0,4.3,3.6,3.7,3.7,3.7,3.8,3.7
SYN-07940,3.4,3.7,3.8,3.5,3.3,3.9,3.6,3.1,3.9,3.3,3.5,3.5,3.4
SYN-07941,4.0,4.2,4.1,4.0,3.7,4.5,3.9,4.1,3.6,4.3,3.2,3.2,4.0
SYN-07942,4.2,4.5,4.7,4.7,5.0,4.7,4.3,4.7,4.5,4.6,4.8,4.9,4.8
SYN-07943,5.0,5.0,5.0,5.0,4.4,5.0,4.7,4.7,5.0,4.7,4.7,5.0,5.0
SYN-07944,3.5,3.4,3.4,2.6,3.8,3.6,3.4,4.3,3.0,4.0,3.2,4.1,4.0
SYN-07945,3.6,4.2,4.2,3.8,4.3,4.3,4.2,3.8,4.5,3.8,3.9,4.0,4.1
SYN-07946,3.8,3.8,3.4,3.2,4.1,4.1,4.6,3.9,3.5,3.5,3.6,4.0,3.6
SYN-07947,4.3,4.3,4.2,3.6,4.5,4.8,3.8,3.9,3.8,4.2,4.3,4.1,4.4
SYN-07948,4.5,3.7,4.1,4.2,4.2,4.0,4.2,3.6,4.5,4.0,3.9,3.6,4.6
SYN-07949,3.8,3.3,2.8,3.1,3.2,3.0,3.3,3.4,3.2,2.7,3.1,3.1,3.1
SYN-07950,5.0,4.5,4.7,5.0,4.6,4.6,4.6,5.0,5.0,4.6,5.0,5.0,5.0
SYN-07951,4.6,4.4,4.8,3.8,4.2,4.7,4.0,5.0,4.0,4.6,4.0,4.6,4.1
SYN-07952,4.3,4.0,4.2,4.2,4.3,4.1,4.1,4.0,3.9,4.4,4.1,4.0,4.3
SYN-07953,4.1,4.3,3.6,3.5,3.9,3.3,3.8,3.7,3.7,3.3,4.0,3.9,3.8
SYN-07954,4.0,3.8,3.8,3.9,3.8,3.7,3.6,3.4,3.7,4.0,3.8,3.6,4.0
SYN-07955,3.7,3.5,4.0,3.2,3.6,3.4,3.9,3.3,3.3,4.3,3.6,3.8,3.6
SYN-07956,3.8,4.1,3.9,3.7,4.2,4.3,4.2,4.2,4.0,4.2,3.7,4.1,4.0
SYN-07957,3.4,4.2,3.7,3.4,3.6,3.7,4.0,3.8,3.7,3.8,3.6,3.6,4.0
SYN-07958,4.4,4.3,3.4,3.5,3.6,3.8,3.3,3.5,3.8,3.4,3.8,4.0,4.0
SYN-07959,3.6,3.8,3.2,3.7,4.1,3.1,3.8,3.6,3.9,3.2,3.2,3.9,3.0
SYN-07960,2.9,3.7,2.7,3.5,2.9,3.5,3.4,4.0,3.1,3.3,3.5,3.0,3.1
SYN-07961,5.0,4.5,4.3,4.6,4.4,4.5,5.0,4.6,4.9,4.6,4.4,4.6,4.9
SYN-07962,3.3,3.5,3.7,3.2,3.8,3.7,3.2,3.5,3.2,3.6,3.5,3.5,3.5
SYN-07963,3.1,3.3,3.5,3.5,3.2,2.8,3.4,3.3,3.2,3.6,3.7,3.8,3.9
SYN-07964,3.6,4.3,3.5,3.7,4.2,3.4,3.8,4.0,3.5,3.6,4.1,3.6,3.6
SYN-07965,2.6,2.7,2.8,2.7,3.4,2.7,3.4,3.5,3.2,2.8,2.7,3.1,2.9
SYN-07966,4.1,4.5,3.7,4.1,4.1,4.1,4.4,4.8,4.0,4.3,3.8,4.1,4.5
SYN-07967,3.7,4.1,3.4,3.6,3.2,3.9,3.2,3.6,4.2,3.8,3.3,2.9,3.2
SYN-07968,3.5,3.6,3.4,3.0,3.3,3.3,3.7,3.7,3.5,3.7,3.5,3.7,3.5
SYN-07969,3.4,3.3,3.9,3.5,3.2,2.9,3.7,3.3,3.4,3.8,3.5,3.5,3.5
SYN-07970,2.8,2.6,2.8,2.4,2.6,2.1,2.4,2.9,2.9,2.9,1.8,2.7,3.0
SYN-07971,4.8,4.5,4.8,4.3,4.9,4.5,4.3,4.6,4.4,4.2,4.5,4.7,4.8
SYN-07972,3.8,4.4,3.8,4.2,3.8,3.9,3.7,3.8,3.9,4.0,3.2,3.6,3.4
SYN-07973,3.9,4.7,4.5,4.4,4.6,4.8,4.7,4.4,4.6,4.8,4.0,4.3,4.5
SYN-07974,3.0,3.1,3.8,3.5,3.4,3.1,3.3,3.0,3.3,2.9,3.8,3.2,3.1
SYN-07975,3.8,3.9,3.8,4.0,3.6,3.9,3.8,4.0,4.0,4.1,4.4,3.8,3.5
SYN-07976,3.8,3.9,4.2,4.2,4.1,4.0,3.9,4.0,3.6,4.0,4.0,4.3,3.5
SYN-07977,3.9,4.4,3.9,3.8,4.0,3.9,3.5,3.8,4.1,3.2,3.7,3.5,3.8
SYN-07978,3.5,3.3,3.2,3.1,3.1,3.5,3.5,3.8,3.5,3.6,3.0,3.3,3.0
SYN-07979,2.5,2.4,2.7,2.6,2.8,3.0,2.7,2.6,2.7,3.2,2.4,2.6,2.3
SYN-07980,4.7,5.0,4.9,4.8,4.4,5.0,5.0,4.3,5.0,4.5,5.0,5.0,5.0
SYN-07981,3.0,3.0,3.7,3.1,3.0,2.9,2.7,3.1,3.4,2.7,3.1,3.2,2.8
SYN-07982,4.6,4.9,5.0,4.7,4.8,5.0,5.0,5.0,5.0,5.0,5.0,4.5,4.2
SYN-07983,3.5,3.4,2.6,3.0,3.1,3.5,3.3,3.5,2.9,2.7,2.7,3.4,3.2
SYN-07984,4.4,4.4,3.7,4.3,4.6,4.7,4.1,4.1,4.5,4.3,4.0,4.2,4.5
SYN-07985,3.6,4.5,3.9,3.8,4.2,4.0,4.1,3.4,3.9,4.1,4.0,4.1,4.3
SYN-07986,4.1,3.9,4.4,4.3,4.2,3.8,3.7,3.8,4.0,3.8,4.0,4.0,4.3
SYN-07987,3.7,3.2,3.0,3.5,3.0,2.9,3.6,3.1,3.6,2.9,3.5,3.8,2.8
SYN-07988,3.5,3.2,3.1,4.3,3.0,3.5,3.1,3.4,3.4,3.5,3.3,3.3,3.5
SYN-07989,3.5,3.6,3.2,3.0,3.1,3.5,3.0,3.0,3.1,3.2,3.1,3.4,3.3
SYN-07990,3.8,3.4,3.9,3.4,4.3,3.2,3.7,3.8,3.9,3.1,3.3,3.6,3.5
SYN-07991,3.6,3.3,3.7,2.9,3.8,3.9,3.8,3.6,3.1,3.4,3.4,3.5,3.3
SYN-07992,3.4,3.0,2.9,3.4,3.4,2.9,3.3,3.6,3.3,3.5,2.8,3.2,3.2
SYN-07993,3.2,3.1,3.3,2.7,2.8,3.3,3.3,2.9,3.0,2.9,2.5,3.1,2.7
SYN-07994,3.1,2.9,3.0,3.7,2.6,3.8,3.1,3.3,2.7,3.5,3.1,2.9,2.9
SYN-07995,3.2,3.5,3.5,3.5,4.1,3.9,4.2,3.3,3.5,3.9,3.6,3.6,3.9
SYN-07996,2.9,2.5,2.9,3.5,3.1,3.0,3.3,3.0,2.4,2.7,2.9,3.1,3.5
SYN-07997,2.7,3.2,3.2,2.7,3.0,3.0,3.0,2.8,3.1,3.3,3.6,3.0,2.9
SYN-07998,3.5,3.4,3.1,3.1,3.8,3.4,3.4,3.6,3.9,3.5,2.9,3.2,4.2
SYN-07999,2.7,2.9,2.3,2.0,2.3,2.1,2.8,2.2,3.3,2.5,2.7,1.8,2.9
SYN-08000,3.5,3.4,3.2,3.1,3.6,3.2,3.9,3.4,3.4,3.2,3.7,3.4,3.3
SYN-08001,1.9,2.0,1.5,2.0,2.2,2.3,2.3,2.0,2.4,2.0,2.7,2.2,2.1
SYN-08002,3.3,3.0,3.5,3.1,3.6,3.4,3.0,3.4,3.1,3.1,3.3,3.4,3.2
SYN-08003,2.6,2.6,2.9,2.9,2.9,2.6,3.4,2.1,2.5,2.9,3.2,2.8,2.7
SYN-08004,2.8,2.3,2.2,2.7,2.9,2.0,3.0,2.7,2.7,2.7,2.7,2.6,2.4
SYN-08005,2.9,3.1,3.4,3.4,3.1,3.1,3.3,3.1,3.1,3.6,3.0,3.3,3.5
SYN-08006,2.9,2.7,3.3,3.1,3.4,2.7,2.9,3.1,3.4,3.1,2.7,2.8,2.8
SYN-08007,2.8,2.7,2.8,1.9,2.5,3.0,3.4,2.8,2.6,2.4,2.5,2.7,2.8
SYN-08008,2.1,2.3,2.5,2.6,2.4,2.2,1.9,2.2,2.6,2.4,2.5,2.6,2.7
SYN-08009,3.3,3.2,2.4,3.3,3.7,2.7,3.4,3.5,3.2,2.7,2.7,3.2,3.6
SYN-08010,2.6,3.1,3.4,3.0,3.1,3.6,3.3,3.3,2.8,3.0,3.2,3.1,3.2
SYN-08011,3.3,2.9,3.0,1.9,2.7,3.0,2.7,2.6,3.5,3.1,2.7,3.2,2.7
SYN-08012,2.3,2.6,2.5,2.6,2.4,2.8,3.0,2.7,2.7,2.9,2.7,2.9,2.7
SYN-08013,4.1,3.8,3.6,4.1,4.3,3.6,4.0,3.5,3.3,4.1,4.0,3.9,3.9
SYN-08014,2.5,2.0,2.6,2.4,1.8,1.9,1.9,2.4,2.3,2.0,2.2,2.5,2.4
SYN-08015,2.5,2.7,3.0,2.7,2.1,2.5,2.6,2.8,2.4,2.8,2.4,2.3,2.1
SYN-08016,1.9,2.2,2.2,2.0,2.2,2.4,2.8,2.1,2.7,2.2,2.0,2.6,2.0
SYN-08017,2.8,2.7,3.7,2.6,2.5,3.2,2.7,2.4,3.1,2.5,2.7,3.0,2.9
SYN-08018,1.9,2.1,1.8,2.5,2.2,1.5,1.4,2.3,2.1,2.4,1.7,2.1,2.3
SYN-08019,2.2,2.2,2.4,3.1,2.4,2.7,2.8,2.4,2.6,1.9,3.1,2.5,2.5
SYN-08020,2.8,3.0,3.9,3.1,3.0,3.0,2.3,3.2,3.3,2.9,3.3,3.3,2.2
SYN-08021,2.1,2.2,1.8,2.3,1.7,2.1,2.1,2.4,2.2,2.0,2.9,2.5,1.8
SYN-08022,3.1,3.2,2.8,2.9,3.4,3.2,2.8,3.1,2.9,3.0,4.1,3.3,3.4
SYN-08023,2.3,2.1,2.1,2.2,2.0,2.1,2.0,1.9,1.5,1.7,1.9,2.0,2.4
SYN-08024,2.9,2.9,2.4,2.7,2.5,3.3,2.5,2.9,3.6,2.9,1.8,3.1,2.8
SYN-08025,2.5,3.0,3.1,2.6,3.1,3.1,3.3,3.0,3.1,2.5,3.1,3.0,2.8
SYN-08026,3.5,3.6,3.2,3.2,4.0,2.8,3.7,4.1,2.9,3.8,3.6,3.6,3.4
SYN-08027,3.1,3.0,3.2,3.6,3.7,3.7,3.2,2.9,3.2,3.8,3.2,3.1,3.7
SYN-08028,1.8,2.0,1.8,2.6,2.3,2.5,1.9,2.6,1.3,1.8,2.2,2.5,2.0
SYN-08029,2.3,2.6,2.5,3.7,3.1,2.6,2.4,2.6,2.9,2.7,3.5,2.6,3.0
SYN-08030,2.0,2.5,2.1,2.5,2.4,2.8,2.3,2.4,1.8,1.8,2.4,2.2,2.5
SYN-08031,2.9,3.1,2.8,3.2,2.8,3.1,2.9,3.4,2.8,2.9,3.0,3.3,3.0
SYN-08032,3.3,3.2,3.4,3.1,3.1,3.3,3.1,3.2,2.7,3.7,3.3,3.3,3.1
SYN-08033,2.5,2.3,2.4,2.6,2.7,2.8,2.9,3.0,2.9,2.7,2.8,2.6,2.4
SYN-08034,3.3,3.0,2.9,2.8,2.9,2.8,2.8,3.0,2.7,3.1,2.8,2.3,2.9
SYN-08035,2.5,2.4,2.5,2.2,2.9,2.8,2.7,2.3,2.8,3.3,2.7,2.5,2.3
SYN-08036,2.2,2.9,2.2,1.9,2.5,2.2,2.1,2.6,2.3,2.4,2.4,2.8,2.5
SYN-08037,2.5,2.0,1.8,3.1,2.5,2.0,2.6,2.3,2.2,2.1,2.4,2.7,2.6
SYN-08038,3.9,3.2,3.3,3.6,3.5,4.0,4.0,3.2,2.7,2.5,3.4,3.2,3.5
SYN-08039,2.4,3.0,2.2,2.4,2.4,2.7,2.4,2.4,2.9,2.9,2.7,2.2,2.7
SYN-08040,3.0,2.7,2.5,2.6,2.9,3.2,2.5,2.9,3.1,2.9,3.1,2.6,2.7
SYN-08041,2.6,2.9,2.8,2.8,3.3,2.6,2.7,3.3,3.0,2.7,3.2,3.0,3.1
SYN-08042,2.9,2.8,2.6,2.7,2.9,3.0,2.9,2.7,2.9,2.4,3.0,3.1,1.9
SYN-08043,2.6,2.8,2.4,1.6,2.3,2.1,2.3,2.4,2.5,2.4,2.2,2.7,2.0
SYN-08044,2.3,2.6,2.6,2.4,2.8,2.5,2.9,2.2,2.4,3.0,2.5,2.4,3.1
SYN-08045,3.5,2.7,3.0,3.1,3.2,2.6,2.7,3.2,3.3,2.9,2.9,3.1,3.1
SYN-08046,3.0,3.6,2.6,2.6,2.8,2.9,2.7,2.8,2.6,2.6,2.5,3.1,2.7
SYN-08047,2.1,2.1,2.5,1.9,2.0,1.6,1.8,2.0,1.5,2.0,1.9,1.9,1.9
SYN-08048,1.8,1.9,2.1,2.3,1.7,1.9,1.5,2.6,2.1,1.6,2.3,1.3,1.6
SYN-08049,2.1,2.2,2.4,2.0,2.1,2.2,2.5,2.2,2.3,2.4,2.4,1.5,2.4
SYN-08050,2.0,2.5,2.5,2.7,1.9,2.2,2.4,2.4,2.6,2.2,2.6,2.5,2.9
SYN-08051,2.0,2.6,2.2,2.1,2.7,2.2,2.4,2.2,2.2,2.5,2.5,2.1,2.1
SYN-08052,1.0,1.6,2.1,2.1,1.7,2.1,2.0,1.8,1.3,1.6,1.4,1.3,1.8
SYN-08053,2.1,1.2,1.7,1.6,1.9,1.7,2.0,2.2,1.9,2.1,2.3,1.9,1.5
SYN-08054,2.1,2.4,3.0,1.9,2.6,2.5,2.6,2.4,2.5,2.5,2.2,1.8,3.1
SYN-08055,3.6,3.4,4.0,3.5,3.8,3.8,3.5,3.9,3.6,4.0,4.0,3.9,2.9
SYN-08056,4.2,4.4,4.0,3.6,4.0,3.7,4.1,3.9,4.2,3.3,4.4,4.3,3.7
SYN-08057,3.1,3.3,2.9,3.0,2.5,2.4,2.7,2.9,3.6,3.1,2.4,3.1,3.2
SYN-08058,2.4,2.6,2.9,2.5,2.5,2.4,2.7,2.4,2.6,2.3,2.4,3.2,2.4
SYN-08059,3.2,2.4,3.2,2.7,2.8,2.4,2.8,2.8,2.7,2.3,2.5,2.3,2.7
SYN-08060,2.5,2.4,2.4,2.5,3.5,2.9,2.8,2.8,2.1,3.0,3.0,2.9,2.9
SYN-08061,2.9,2.8,2.9,2.2,3.4,2.4,3.2,3.1,2.9,2.1,2.9,3.4,2.9
SYN-08062,2.5,2.6,2.7,1.8,2.8,2.3,2.7,3.2,2.4,2.3,2.6,3.1,2.7
SYN-08063,2.8,2.6,2.8,2.2,2.9,2.6,2.0,2.4,2.5,2.5,2.4,2.5,2.5
SYN-08064,3.6,3.8,4.0,4.3,4.4,3.6,3.6,3.6,3.4,3.8,4.7,3.5,3.5
SYN-08065,1.5,2.2,2.0,1.7,1.6,1.8,2.2,2.1,1.7,1.8,2.2,1.4,1.6
SYN-08066,3.3,3.3,3.5,3.5,3.4,2.7,3.5,3.4,3.3,3.5,3.6,3.1,2.7
SYN-08067,1.5,1.3,1.6,1.8,1.4,1.4,1.0,1.8,1.9,1.4,1.3,1.6,1.1
SYN-08068,3.3,2.7,3.2,2.9,2.4,2.7,2.3,3.0,2.7,2.9,3.4,3.2,2.8
SYN-08069,1.7,1.5,1.9,2.3,1.5,1.8,1.5,2.0,1.9,1.9,1.3,1.0,1.8
SYN-08070,3.4,3.8,3.7,4.1,4.1,3.7,3.9,3.9,4.1,3.2,3.6,4.1,3.4
SYN-08071,1.9,2.2,2.1,2.4,2.6,1.7,2.3,2.2,1.9,1.5,2.0,1.7,2.3
SYN-08072,2.6,2.6,3.0,3.4,2.7,2.9,3.1,2.4,2.3,2.7,2.9,2.6,2.2
SYN-08073,3.7,3.5,3.2,3.0,2.8,3.0,3.8,3.2,3.3,4.1,3.8,3.3,3.8
SYN-08074,2.2,2.6,2.1,2.3,2.2,1.8,2.3,1.7,1.9,2.3,2.2,2.1,2.1
SYN-08075,2.7,3.1,3.5,3.2,2.7,2.9,2.5,3.1,2.8,3.0,2.9,2.0,2.8
SYN-08076,2.6,2.7,2.3,2.1,2.6,2.6,2.4,2.4,2.9,2.3,2.4,1.8,2.8
SYN-08077,3.3,3.8,3.0,2.8,3.1,3.6,3.6,3.3,3.3,3.8,3.5,3.3,3.1
SYN-08078,3.5,3.0,3.0,3.3,3.8,2.9,3.7,3.5,3.0,3.4,3.1,3.1,3.7
SYN-08079,2.9,2.9,2.9,3.3,2.8,3.1,3.1,2.4,3.2,3.3,3.1,2.8,2.7
SYN-08080,1.9,1.4,2.0,1.5,2.0,1.8,2.0,1.8,1.9,1.7,2.0,2.2,2.3
SYN-08081,2.3,1.6,2.2,2.6,2.7,3.0,2.2,2.9,2.3,2.5,2.5,2.8,1.9
SYN-08082,2.2,2.7,2.3,2.7,2.9,3.1,2.4,2.3,2.8,2.9,2.4,2.4,2.9
SYN-08083,3.8,3.5,3.6,3.2,3.3,3.4,3.3,3.0,3.3,3.6,3.3,3.7,3.3
SYN-08084,1.6,1.9,2.1,1.6,1.3,2.0,2.1,1.3,2.2,1.7,1.8,1.8,1.8
SYN-08085,2.5,2.6,2.4,3.0,2.6,2.7,3.1,2.8,3.4,2.5,2.8,2.7,2.6
SYN-08086,3.6,3.5,3.7,3.3,3.1,3.6,3.8,3.7,3.0,3.8,3.5,3.8,3.1
SYN-08087,2.9,2.6,3.2,2.7,2.8,2.4,2.5,2.5,2.6,2.5,2.8,2.9,2.7
SYN-08088,2.8,2.6,1.8,2.9,2.5,2.5,2.5,2.8,3.0,2.5,2.2,2.8,2.3
SYN-08089,1.5,1.3,1.6,1.7,1.8,1.5,2.0,1.4,1.2,1.3,2.4,1.2,2.0
SYN-08090,2.3,2.7,1.8,2.3,2.6,2.6,2.9,2.0,2.6,2.5,2.4,2.4,2.3
SYN-08091,2.8,3.2,3.3,3.1,3.1,3.1,3.6,2.6,3.1,3.0,2.9,3.4,3.2
SYN-08092,2.2,2.5,2.0,2.7,2.3,2.4,2.0,2.1,2.3,1.8,2.7,2.1,2.5
SYN-08093,1.9,2.1,1.4,1.7,1.9,1.3,1.5,1.7,1.5,1.0,1.1,2.3,2.0
SYN-08094,2.3,2.1,1.9,2.2,1.8,2.4,2.3,2.2,2.0,2.0,2.2,1.8,2.8
SYN-08095,3.3,3.1,3.7,3.3,3.3,3.5,3.3,3.3,3.4,3.9,3.4,3.4,3.8
SYN-08096,2.3,3.1,3.1,3.0,2.8,2.9,2.8,3.0,2.9,3.2,2.8,2.9,3.2
SYN-08097,3.4,3.3,3.1,3.2,4.1,3.5,3.4,3.2,3.7,2.6,3.5,3.3,3.3
SYN-08098,3.4,3.5,3.1,3.1,2.8,3.0,3.5,3.0,2.5,2.8,2.9,2.8,3.2
SYN-08099,4.3,4.5,4.1,4.3,3.9,4.1,4.2,4.2,4.5,4.3,4.2,4.8,3.9
SYN-08100,3.6,3.3,3.5,3.0,3.0,3.2,3.3,3.0,3.2,3.4,3.1,3.8,3.1
SYN-08101,2.7,2.6,2.3,2.7,2.4,3.0,2.7,2.6,2.6,3.0,2.7,2.4,2.9
SYN-08102,2.8,2.3,2.4,3.2,2.6,3.7,2.9,3.3,2.3,3.3,2.2,2.5,2.3
SYN-08103,3.0,3.2,3.0,3.1,2.9,3.2,3.1,2.9,2.9,2.6,3.0,3.1,3.3
SYN-08104,3.1,3.2,3.6,3.6,3.7,4.2,3.1,3.2,3.5,3.5,3.5,3.9,4.1
SYN-08105,2.0,2.4,2.7,2.0,2.3,2.1,1.7,2.0,2.2,2.6,2.3,2.3,2.2
SYN-08106,3.0,3.1,2.4,3.2,3.0,3.3,2.7,3.5,2.7,3.3,2.8,3.2,3.4
SYN-08107,3.0,2.7,2.7,2.7,2.5,2.9,3.2,3.1,3.2,3.0,2.3,2.7,3.0
SYN-08108,2.8,2.8,3.0,2.9,3.1,2.7,2.1,2.6,3.3,2.9,2.8,3.3,2.5
SYN-08109,2.8,2.7,2.8,2.7,2.8,2.7,2.6,2.7,2.2,2.3,3.3,2.3,2.2
SYN-08110,2.9,2.8,2.7,3.3,3.0,2.7,2.8,2.7,2.9,3.3,3.0,3.2,3.1
SYN-08111,3.5,3.6,3.6,3.2,3.8,3.9,3.3,3.7,3.5,3.4,4.1,3.4,3.3
SYN-08112,2.9,2.8,2.5,2.7,3.2,3.0,3.0,3.2,3.0,2.6,3.1,2.9,2.9
SYN-08113,1.8,1.2,1.5,1.5,2.1,1.5,1.8,1.5,1.5,1.8,1.4,1.2,1.4
SYN-08114,2.2,2.2,2.6,2.5,2.3,2.2,2.2,2.0,2.2,1.6,2.2,2.3,2.3
SYN-08115,4.2,3.5,4.3,4.6,4.0,4.3,3.9,3.4,3.3,3.1,3.9,4.0,4.0
SYN-08116,2.1,2.0,1.6,1.5,1.9,1.5,1.2,2.0,2.0,1.9,2.0,1.5,2.2
SYN-08117,2.2,1.8,1.3,1.7,2.1,1.7,2.6,2.1,2.1,2.1,1.6,2.0,1.3
SYN-08118,1.7,2.3,2.3,2.6,2.0,2.3,2.2,1.9,2.2,2.1,2.1,2.2,3.0
SYN-08119,2.5,2.5,2.4,2.3,2.5,2.2,1.8,2.2,2.2,2.9,2.5,2.1,2.2
SYN-08120,2.6,2.5,2.9,2.0,2.7,2.4,2.2,2.1,2.8,3.2,2.3,3.0,2.6
SYN-08121,2.9,3.1,2.9,3.1,3.3,3.0,3.0,3.3,2.9,3.3,3.5,3.3,3.1
SYN-08122,3.2,2.8,3.2,2.9,2.9,2.8,3.3,3.3,3.3,3.1,2.3,2.1,3.0
SYN-08123,2.3,1.9,2.5,2.3,2.8,2.4,2.3,2.0,2.4,2.7,2.4,2.6,2.4
SYN-08124,2.6,2.4,2.0,2.8,2.7,2.7,3.5,2.4,2.4,2.3,2.2,2.5,2.3
SYN-08125,2.9,2.5,2.7,2.6,2.7,2.2,2.9,2.7,2.7,2.6,1.8,2.5,2.5
SYN-08126,3.5,3.8,3.7,3.7,3.2,3.5,3.0,3.5,3.1,3.4,3.7,4.1,3.2
SYN-08127,2.5,2.4,2.3,2.5,2.5,2.5,2.0,2.4,2.6,1.9,2.2,2.2,2.4
SYN-08128,3.2,2.9,3.4,3.0,2.9,2.9,2.4,2.9,3.0,3.5,2.6,3.3,3.1
SYN-08129,2.4,2.4,3.0,2.8,2.9,2.5,2.3,1.8,2.3,2.4,2.9,2.3,2.1
SYN-08130,2.2,2.2,2.4,3.1,2.5,2.4,2.5,3.0,1.8,2.7,2.6,1.9,2.2
SYN-08131,2.9,2.8,3.0,2.8,3.4,3.6,3.0,2.8,3.5,2.8,2.7,3.0,3.4
SYN-08132,2.4,2.7,2.0,2.6,2.3,1.8,2.8,2.4,2.8,2.7,2.7,3.1,2.0
SYN-08133,3.5,2.8,3.1,2.9,3.1,2.8,3.3,3.1,2.5,3.0,3.0,3.1,2.6
SYN-08134,3.0,3.2,3.0,3.7,3.0,2.8,3.1,2.6,3.1,2.8,2.8,3.3,2.5
SYN-08135,2.9,3.3,2.6,2.9,3.5,3.3,2.8,2.7,3.1,2.9,3.5,3.1,2.4
SYN-08136,2.5,2.6,2.6,2.9,3.0,2.5,2.5,2.6,2.8,3.1,2.6,3.0,2.7
SYN-08137,2.5,2.6,2.7,3.2,2.9,2.4,3.2,3.1,2.4,2.4,2.5,2.4,3.0
SYN-08138,3.0,2.8,2.7,2.9,2.7,2.6,2.7,2.8,2.9,2.5,2.7,2.8,2.8
SYN-08139,2.1,2.6,2.6,2.4,2.9,2.9,2.8,2.3,2.4,3.1,3.1,2.9,2.4
SYN-08140,2.6,2.8,3.1,2.1,3.0,1.8,2.8,2.3,2.6,2.1,2.7,2.1,2.1
SYN-08141,2.7,1.9,2.1,2.8,2.5,2.5,2.2,1.9,2.3,2.2,2.2,2.3,2.4
SYN-08142,2.5,2.8,3.1,2.8,3.1,3.0,3.0,2.5,3.0,2.7,3.1,3.2,3.0
SYN-08143,2.9,2.9,2.9,2.6,2.5,3.0,2.6,2.9,2.7,2.5,2.6,3.5,2.6
SYN-08144,2.7,2.6,2.9,2.8,2.3,3.3,2.2,2.6,2.8,3.1,2.7,2.7,2.9
SYN-08145,2.9,2.6,3.4,3.2,3.3,3.1,3.0,3.5,2.8,3.2,3.1,3.1,2.6
SYN-08146,1.7,2.6,2.2,1.7,1.5,1.7,1.7,2.2,1.5,2.5,2.1,2.4,2.0
SYN-08147,2.9,2.7,2.8,3.0,3.0,2.6,2.2,2.8,3.3,2.8,2.0,3.1,2.8
SYN-08148,2.6,2.3,3.0,3.1,2.8,2.6,2.2,3.7,2.9,3.1,2.8,2.9,2.8
SYN-08149,3.0,3.1,3.1,3.2,3.0,2.9,2.9,2.8,3.1,2.3,3.0,2.8,2.9
SYN-08150,3.1,3.0,3.2,2.9,2.9,2.8,2.8,2.7,3.4,2.8,2.3,2.9,2.6
SYN-08151,2.2,2.1,2.1,2.4,2.3,2.6,2.8,2.3,2.2,2.4,2.0,2.0,2.1
SYN-08152,2.8,2.6,3.1,3.0,2.7,2.1,2.8,3.1,2.9,2.8,2.7,2.8,2.4
SYN-08153,2.8,2.3,2.3,2.9,2.8,2.5,3.1,2.8,3.0,3.1,2.6,2.4,2.7
SYN-08154,1.4,1.7,1.8,1.5,1.9,2.2,1.2,1.4,1.6,1.4,1.8,1.4,1.5
SYN-08155,4.0,3.9,3.9,3.3,3.8,3.9,3.2,2.9,3.7,3.0,3.3,3.0,3.6
SYN-08156,2.8,2.4,2.6,2.3,1.7,2.1,2.3,2.3,2.5,1.9,2.2,2.1,2.4
SYN-08157,2.8,2.9,2.9,2.9,2.8,3.2,2.3,3.1,3.0,2.9,2.8,3.4,2.8
SYN-08158,1.8,2.0,1.2,1.4,1.0,1.1,1.6,1.4,1.3,2.2,1.4,1.0,1.2
SYN-08159,3.4,3.5,3.1,3.1,3.1,3.8,3.8,3.3,3.4,3.4,3.2,3.6,2.9
SYN-08160,2.5,2.7,2.1,2.2,1.6,2.1,2.9,1.8,2.1,2.8,2.3,2.1,2.4
SYN-08161,2.3,2.3,2.5,2.3,2.5,3.0,2.7,2.5,2.4,2.0,2.8,2.3,2.2
SYN-08162,1.7,2.1,2.1,1.9,2.4,2.2,1.8,1.6,2.1,2.0,2.2,2.4,2.5
SYN-08163,2.1,2.3,2.2,2.0,2.7,2.4,2.7,2.4,2.6,2.2,2.1,2.6,2.0
SYN-08164,2.5,2.8,2.6,3.0,2.6,2.3,2.7,2.0,2.7,2.4,3.0,2.8,2.9
SYN-08165,3.9,3.8,3.8,3.9,3.9,3.3,3.9,3.7,3.8,4.1,3.8,3.6,3.1
SYN-08166,3.1,3.4,3.0,3.6,3.7,3.3,3.2,3.1,3.8,3.6,2.8,3.2,3.8
SYN-08167,3.5,2.9,3.1,3.1,2.9,3.9,3.6,3.3,3.3,3.6,3.1,3.5,3.9
SYN-08168,2.1,2.2,2.0,1.8,1.7,2.0,1.5,1.8,1.8,2.2,1.8,2.0,1.6
SYN-08169,2.9,3.1,2.7,2.4,2.9,3.4,2.7,2.9,2.5,2.7,2.7,3.0,2.6
SYN-08170,2.3,2.5,1.8,2.7,2.1,2.1,2.1,2.9,2.8,2.2,2.9,2.9,2.5
SYN-08171,2.7,2.4,2.0,2.2,1.8,1.9,2.0,1.8,2.1,1.4,2.1,1.9,2.3
SYN-08172,2.2,2.4,2.2,2.0,2.4,2.3,2.6,2.8,3.0,2.4,2.4,2.4,2.1
SYN-08173,2.6,2.8,3.1,3.1,2.6,2.5,3.1,2.5,2.3,2.8,2.6,2.7,2.6
SYN-08174,2.5,2.5,2.6,2.5,2.5,2.6,2.7,2.1,2.3,2.0,2.5,2.3,2.2
SYN-08175,2.9,2.6,3.0,2.9,2.8,2.9,3.0,2.9,2.8,2.8,3.1,2.4,2.9
SYN-08176,2.3,2.2,2.0,2.1,2.6,2.0,1.8,2.3,2.0,1.4,2.0,2.1,1.7
SYN-08177,4.7,3.9,4.0,4.4,4.3,4.2,4.3,4.0,4.0,3.8,4.7,3.7,4.1
SYN-08178,2.4,2.8,3.0,2.8,3.4,3.0,2.8,3.0,2.7,2.8,2.4,3.1,3.0
SYN-08179,2.7,2.8,2.4,2.3,2.5,2.4,2.2,2.3,2.5,2.2,1.9,2.0,2.5
SYN-08180,2.5,2.6,2.5,2.6,2.8,2.7,2.1,2.2,2.6,2.3,2.8,2.9,2.9
SYN-08181,1.8,2.0,1.8,2.3,1.8,2.3,1.1,1.6,1.7,2.5,1.4,1.9,2.0
SYN-08182,2.1,1.6,1.3,2.1,2.1,1.7,1.8,1.2,2.3,2.1,1.5,2.1,1.1
SYN-08183,2.5,2.5,2.2,2.6,2.6,2.8,3.1,2.7,3.3,2.6,2.3,2.4,2.6
SYN-08184,2.6,3.1,2.8,2.9,2.5,3.1,2.6,3.2,2.6,2.6,2.6,2.4,3.2
SYN-08185,2.3,2.2,1.8,1.5,2.2,1.6,1.7,1.9,2.2,2.1,2.2,1.5,1.9
SYN-08186,2.3,1.7,2.1,2.2,1.8,2.2,2.4,2.1,2.6,2.4,2.0,2.3,1.6
SYN-08187,3.3,2.9,2.9,2.5,2.4,3.1,2.9,2.9,3.0,2.6,2.7,2.8,2.5
SYN-08188,2.2,2.0,2.0,2.1,2.1,2.1,1.5,2.0,2.1,1.8,1.9,2.6,2.2
SYN-08189,3.2,3.0,3.2,3.9,3.1,3.2,2.7,2.9,3.2,3.3,3.9,3.1,3.2
SYN-08190,3.0,2.8,3.0,3.2,3.4,2.2,2.5,2.8,3.0,2.7,2.8,3.0,2.3
SYN-08191,2.1,2.7,2.2,2.9,2.5,2.9,2.8,2.3,2.0,2.6,2.4,2.4,2.3
SYN-08192,2.4,2.9,2.6,2.5,2.7,3.1,2.8,2.5,2.8,3.2,3.0,2.3,2.9
SYN-08193,2.6,2.2,1.7,1.7,1.9,1.8,1.8,1.8,2.1,2.0,2.1,2.4,1.8
SYN-08194,2.7,2.5,1.6,2.3,2.0,2.2,2.3,2.0,2.1,2.0,2.3,2.1,2.3
SYN-08195,3.5,3.1,3.5,3.8,3.9,3.0,3.6,3.9,3.4,3.9,2.9,3.3,3.2
SYN-08196,3.7,3.6,4.0,4.0,3.6,3.9,3.4,4.0,3.1,4.5,3.9,4.2,3.9
SYN-08197,2.2,1.5,2.2,2.6,2.0,3.0,2.4,3.1,2.3,2.6,2.6,2.0,2.6
SYN-08198,2.9,2.9,3.1,2.2,2.9,2.3,2.4,2.4,2.8,2.9,2.6,2.7,2.2
SYN-08199,2.5,2.3,2.1,1.7,2.1,2.4,2.6,2.1,2.3,2.9,2.8,2.3,2.3
SYN-08200,3.9,3.4,3.3,3.3,3.1,2.9,3.3,3.7,3.3,3.3,3.6,3.4,2.9
SYN-08201,4.0,3.3,4.2,4.0,4.0,4.5,3.5,4.1,3.9,4.0,3.7,4.0,3.8
SYN-08202,2.6,2.4,2.6,2.1,2.2,2.0,2.7,2.9,2.1,2.4,2.8,2.4,2.4
SYN-08203,1.7,2.0,1.7,2.4,1.3,1.6,2.0,1.6,1.4,2.7,2.1,1.9,2.1
SYN-08204,3.4,3.0,3.2,3.2,3.1,3.1,3.5,3.2,3.5,3.0,3.4,2.7,3.4
SYN-08205,3.4,2.8,3.2,3.4,3.0,3.4,2.9,3.2,3.1,3.2,3.5,3.2,3.0
SYN-08206,4.0,4.0,4.1,3.8,3.7,3.9,3.3,3.2,3.0,3.3,3.4,3.0,3.5
SYN-08207,2.5,2.2,2.1,2.5,2.7,3.2,2.5,3.5,3.0,2.8,2.6,2.7,2.5
SYN-08208,1.4,1.3,1.7,1.1,1.5,1.4,1.3,1.0,1.3,1.4,1.6,1.6,1.7
SYN-08209,2.0,2.0,1.9,2.2,2.0,2.2,2.3,2.2,1.9,1.4,2.0,2.1,1.4
SYN-08210,4.2,3.9,4.2,3.8,3.9,3.9,3.7,3.4,3.4,4.5,3.7,3.4,4.3
SYN-08211,3.1,3.0,2.0,3.1,2.2,2.6,2.6,2.8,2.7,2.5,3.2,3.2,2.8
SYN-08212,2.1,2.6,2.5,1.8,2.8,1.9,2.0,1.7,2.0,2.5,2.2,2.2,1.9
SYN-08213,1.8,1.0,1.5,1.5,1.5,1.6,1.1,1.8,1.2,2.1,1.7,1.7,1.4
SYN-08214,2.8,3.4,2.6,3.0,3.0,3.1,3.1,3.1,2.8,3.8,3.0,3.3,3.3
SYN-08215,1.9,2.3,2.5,2.6,2.8,2.8,2.5,2.1,3.2,3.0,2.9,2.9,2.9
SYN-08216,1.5,1.5,2.1,1.3,2.1,2.2,2.5,1.9,1.6,2.3,1.9,1.5,1.0
SYN-08217,2.3,2.4,2.1,2.1,2.1,2.1,1.7,2.0,2.1,2.4,1.9,2.0,2.3
SYN-08218,2.0,2.0,1.8,2.6,2.4,2.5,2.1,2.8,2.3,2.4,2.3,2.3,2.3
SYN-08219,2.7,3.1,3.1,2.9,2.9,3.0,2.7,3.0,3.3,2.6,3.3,2.7,3.0
SYN-08220,4.0,3.6,3.9,3.4,3.9,3.9,3.5,3.8,3.8,3.6,3.5,3.6,3.7
SYN-08221,2.5,2.6,2.5,2.4,2.4,2.7,2.6,2.5,2.4,2.2,2.4,2.5,2.3
SYN-08222,4.6,4.0,3.7,3.8,3.7,3.6,4.2,3.8,3.4,3.8,3.7,3.7,3.8
SYN-08223,2.6,2.1,2.9,2.5,2.6,2.6,2.9,2.9,2.5,2.9,2.5,3.2,2.4
SYN-08224,2.4,2.3,2.4,2.1,2.7,2.1,2.5,1.6,2.2,2.6,2.3,3.0,2.8
SYN-08225,3.1,4.5,3.8,3.7,3.1,3.8,3.9,3.4,4.0,3.1,3.5,4.0,3.3
SYN-08226,2.9,2.8,2.9,3.0,2.9,3.8,2.8,2.9,2.7,2.6,3.1,3.5,3.6
SYN-08227,3.7,3.5,3.9,3.5,3.9,3.3,4.0,3.5,3.9,4.0,3.6,3.5,3.9
SYN-08228,3.2,3.3,3.2,3.0,3.2,3.0,2.6,3.1,2.8,2.7,2.8,2.6,2.0
SYN-08229,4.4,4.0,4.2,4.1,4.5,4.0,3.8,4.4,3.4,4.2,4.2,4.3,4.9
SYN-08230,2.8,3.0,3.1,2.9,2.6,2.4,2.7,2.5,2.5,2.9,2.5,3.0,2.5
SYN-08231,3.3,2.7,3.2,3.1,3.2,2.9,2.9,3.5,2.7,2.8,2.4,2.8,2.6
SYN-08232,2.8,2.5,2.1,2.5,1.4,1.9,2.5,1.9,2.1,2.6,2.4,1.9,2.2
SYN-08233,3.1,3.1,3.1,3.6,3.0,3.6,3.5,3.6,3.4,3.4,3.3,3.1,3.7
SYN-08234,2.5,2.6,2.8,2.8,2.2,2.6,2.6,3.0,2.8,3.1,2.6,2.6,2.6
SYN-08235,3.3,3.9,3.2,2.9,3.2,2.9,3.0,3.2,3.7,3.0,3.2,3.1,3.3
SYN-08236,2.9,3.5,3.5,3.6,3.8,4.0,3.6,4.0,3.8,3.9,3.7,3.7,4.0
SYN-08237,2.9,2.9,2.5,2.7,2.6,3.0,2.9,2.9,2.7,2.6,2.8,3.1,2.5
SYN-08238,3.0,3.7,2.8,3.5,2.6,2.9,3.4,3.0,3.0,2.6,2.8,2.7,2.7
SYN-08239,3.8,3.2,3.6,3.5,3.2,3.2,3.7,3.7,3.9,3.5,3.4,3.0,3.5
SYN-08240,1.7,1.9,2.0,1.8,2.5,2.9,2.5,2.5,2.2,2.4,2.3,2.0,2.5
SYN-08241,2.6,3.1,3.0,2.7,2.4,3.0,2.5,2.9,2.9,2.8,2.9,2.7,2.5
SYN-08242,1.9,2.3,2.0,1.9,1.6,2.6,1.9,1.8,2.0,1.4,1.8,2.0,1.8
SYN-08243,2.2,2.8,2.5,3.0,2.6,2.4,2.7,2.7,2.9,2.8,2.4,2.8,2.9
SYN-08244,3.0,3.3,2.9,3.7,3.6,3.1,3.1,3.3,3.2,3.2,3.3,2.9,2.9
SYN-08245,1.3,1.7,1.9,2.3,2.1,1.4,2.0,1.6,1.8,2.1,2.0,1.4,1.5
SYN-08246,2.2,2.2,2.3,2.6,2.2,2.1,2.2,2.0,2.6,1.9,1.6,1.9,1.6
SYN-08247,2.0,1.6,2.6,2.0,1.9,1.6,2.0,2.5,1.4,2.2,1.7,2.3,1.7
SYN-08248,3.7,3.4,2.9,2.9,3.1,2.9,2.7,3.6,2.6,3.7,3.1,3.3,3.9
SYN-08249,3.2,2.8,3.5,2.4,3.1,3.4,2.9,2.7,2.6,3.0,2.4,2.4,2.8
SYN-08250,3.3,3.5,3.3,3.2,3.8,3.5,4.0,3.4,2.9,3.2,3.0,3.4,3.4
SYN-08251,2.9,3.2,3.4,3.0,4.2,3.1,3.2,3.1,2.9,3.0,3.1,3.4,3.3
SYN-08252,2.0,2.5,2.4,2.7,3.0,2.6,2.6,2.1,2.3,1.6,2.2,2.5,2.9
SYN-08253,2.5,2.5,2.5,2.3,2.3,2.3,3.0,2.6,2.3,2.3,2.0,2.5,2.4
SYN-08254,2.5,2.7,2.2,2.4,2.8,2.3,2.1,2.6,2.8,2.8,2.3,2.1,2.4
SYN-08255,3.6,3.6,3.4,3.9,4.0,3.2,3.3,3.5,3.5,3.7,3.5,3.5,2.9
SYN-08256,3.4,2.5,2.5,2.5,2.8,3.3,3.3,2.9,2.6,3.1,2.9,3.3,2.6
SYN-08257,3.2,3.5,3.6,3.7,3.7,3.2,3.6,3.6,2.9,3.5,3.2,3.5,3.4
SYN-08258,3.5,3.3,3.1,3.2,2.9,3.5,3.4,2.8,3.2,3.6,3.4,3.3,3.3
SYN-08259,2.4,2.2,2.3,2.2,2.5,2.8,2.7,2.1,2.1,2.2,2.5,2.1,2.7
SYN-08260,1.8,2.4,2.3,1.8,2.1,2.0,1.8,2.4,2.2,1.9,2.7,2.1,1.9
SYN-08261,3.0,3.5,2.7,3.0,2.9,3.1,2.7,3.1,3.1,3.2,3.1,3.3,3.1
SYN-08262,3.9,3.8,3.7,3.8,3.7,3.4,3.6,3.4,3.7,2.9,3.5,3.2,3.6
SYN-08263,2.6,3.4,2.6,2.8,3.4,3.2,3.2,2.4,2.8,2.6,3.0,3.1,3.3
SYN-08264,2.0,1.8,1.8,2.0,2.1,2.2,2.1,1.6,2.0,2.1,1.3,2.0,2.0
SYN-08265,3.3,2.8,3.0,2.9,3.1,2.8,3.3,2.6,3.2,3.8,3.0,3.4,2.9
SYN-08266,2.8,2.3,2.4,2.4,2.0,2.6,2.4,2.3,1.8,2.9,3.1,1.6,2.4
SYN-08267,1.7,2.2,1.4,2.1,1.4,1.6,2.0,1.8,1.7,1.7,2.0,1.6,1.8
SYN-08268,4.1,3.7,3.5,3.9,4.0,4.0,3.9,4.1,3.7,3.5,3.3,3.4,3.8
SYN-08269,2.3,2.6,2.4,2.3,2.0,2.6,2.9,2.1,2.0,2.0,2.7,2.4,2.2
SYN-08270,3.6,3.0,4.0,3.7,3.7,3.3,3.1,3.5,3.6,3.5,3.7,3.2,3.2
SYN-08271,3.3,3.2,3.4,3.4,3.6,3.8,3.6,3.1,3.8,3.2,2.9,3.8,3.8
SYN-08272,3.4,3.0,3.4,2.5,2.8,3.2,2.9,3.1,3.1,3.2,3.5,3.1,3.1
SYN-08273,1.9,2.1,2.2,2.1,1.8,2.5,2.0,2.2,1.8,2.4,2.1,2.4,1.4
SYN-08274,3.2,3.7,3.4,4.1,3.5,3.7,3.6,3.2,3.3,3.6,3.5,2.9,3.7
SYN-08275,2.3,1.6,2.0,2.4,2.0,2.0,2.4,2.0,2.4,1.9,2.5,2.6,2.3
SYN-08276,2.7,2.4,3.0,2.7,3.0,2.8,3.1,2.9,3.0,2.8,2.6,2.7,2.6
SYN-08277,2.7,2.1,2.7,2.6,2.6,2.3,2.2,2.3,2.5,2.5,2.5,2.6,2.3
SYN-08278,2.5,1.9,2.8,2.4,2.9,2.4,2.6,3.0,2.6,2.3,2.8,2.6,2.1
SYN-08279,2.4,2.6,3.3,2.9,2.8,3.2,3.4,2.9,3.1,3.1,3.2,2.8,3.2
SYN-08280,1.2,1.8,1.4,1.5,2.1,1.6,1.7,1.6,1.7,2.0,1.7,2.0,1.9
SYN-08281,1.9,2.4,2.7,2.3,2.4,2.4,2.6,2.7,2.6,2.3,2.5,2.6,2.0
SYN-08282,1.5,1.6,2.1,2.2,1.9,2.3,2.2,2.0,2.4,1.7,2.2,2.6,2.1
SYN-08283,3.3,3.2,2.9,2.6,2.8,3.1,3.3,2.5,2.8,3.0,2.8,3.5,3.0
SYN-08284,3.2,2.9,3.3,2.8,3.3,3.6,3.4,3.2,2.9,2.9,3.3,3.2,3.4
SYN-08285,2.6,2.7,2.6,2.8,2.5,2.1,2.9,2.5,3.0,2.6,2.6,3.0,2.4
SYN-08286,2.9,3.2,2.8,3.6,3.0,3.0,3.5,3.1,2.8,3.4,3.3,2.7,2.9
SYN-08287,2.4,1.5,3.3,2.2,2.4,2.8,2.8,2.9,2.7,3.1,2.5,3.2,2.5
SYN-08288,2.1,2.4,2.7,2.9,2.7,2.2,2.3,2.4,2.6,2.8,2.6,2.0,2.9
SYN-08289,2.7,3.3,2.8,2.8,3.0,3.2,3.5,2.8,2.8,2.6,2.6,2.8,3.2
SYN-08290,2.7,3.1,2.7,3.2,2.1,2.6,3.1,3.0,2.8,2.9,3.0,2.8,2.7
SYN-08291,2.3,2.3,2.4,2.7,2.2,2.7,2.5,2.6,2.2,2.4,2.6,1.7,2.1
SYN-08292,3.3,3.6,3.5,3.5,3.4,3.3,2.8,3.1,3.5,3.3,2.8,3.1,3.9
SYN-08293,1.4,1.2,2.2,1.8,2.0,2.1,1.5,2.1,1.2,1.9,2.1,1.9,1.5
SYN-08294,1.9,2.4,2.1,1.7,1.9,2.2,2.4,1.4,2.3,2.2,1.6,2.1,1.8
SYN-08295,1.8,2.0,1.7,2.1,1.9,2.0,2.0,2.0,1.9,1.3,2.7,2.6,2.3
SYN-08296,2.6,2.9,2.2,3.0,2.5,2.3,3.0,2.8,2.5,2.7,2.4,2.8,2.8
SYN-08297,3.8,3.0,3.7,3.3,3.9,3.6,4.3,3.5,3.2,3.4,3.6,3.3,2.9
SYN-08298,3.7,4.1,3.9,3.4,3.3,3.5,3.8,3.3,3.4,4.1,3.5,3.9,3.6
SYN-08299,2.1,2.1,1.7,2.3,2.3,1.8,2.5,2.2,2.1,2.6,1.7,2.3,2.3
SYN-08300,2.7,2.5,3.3,2.9,2.4,2.4,2.1,2.6,3.3,2.2,2.7,2.5,2.7
SYN-08301,2.1,2.0,1.5,1.7,1.8,2.0,2.4,2.6,1.9,1.8,2.0,2.0,2.5
SYN-08302,1.9,2.5,2.6,2.0,2.7,2.0,1.8,2.2,2.5,1.7,1.8,2.6,2.2
SYN-08303,4.0,4.0,3.4,3.7,3.8,3.6,3.7,4.1,3.2,3.9,3.5,3.8,3.8
SYN-08304,2.6,2.6,2.7,2.8,2.1,2.5,2.3,2.1,2.3,2.9,2.5,2.7,2.7
SYN-08305,3.1,3.6,3.1,3.6,3.2,3.0,3.5,3.2,3.6,3.6,2.5,4.4,3.0
SYN-08306,3.4,3.1,3.3,3.0,3.6,2.8,3.5,2.6,3.2,2.8,3.4,3.3,3.3
SYN-08307,2.2,2.2,2.3,1.9,3.1,2.1,2.2,2.4,2.2,2.4,1.7,2.3,2.0
SYN-08308,2.3,2.6,2.8,2.0,1.4,2.3,2.1,1.9,2.3,2.2,2.4,2.0,2.0
SYN-08309,2.5,2.5,2.9,2.4,2.2,2.8,2.8,3.2,3.4,3.1,2.9,2.7,2.4
SYN-08310,3.3,2.7,3.1,2.6,2.8,2.7,2.4,2.8,3.3,2.5,2.6,2.1,2.8
SYN-08311,3.4,3.4,3.2,3.1,3.3,3.4,3.2,3.1,2.8,3.5,3.3,2.8,3.4
SYN-08312,2.7,2.4,2.2,2.8,2.4,1.8,2.5,2.6,2.6,2.3,2.6,2.7,1.9
SYN-08313,3.4,3.5,3.1,2.8,3.5,3.6,2.9,3.2,2.9,3.0,3.2,3.5,3.4
SYN-08314,2.3,3.0,1.9,2.1,2.3,2.2,2.2,2.6,2.0,2.8,2.0,2.1,2.6
SYN-08315,3.1,2.6,3.1,2.4,2.1,3.0,2.3,2.7,3.3,2.4,2.3,2.4,2.3
SYN-08316,1.8,1.6,2.4,1.6,2.3,1.6,2.1,2.4,2.1,1.7,2.1,1.9,2.0
SYN-08317,1.3,1.8,1.6,1.9,2.0,1.8,1.6,1.4,1.4,1.8,1.8,1.6,1.7
SYN-08318,1.7,2.2,2.0,2.5,2.2,2.1,2.3,2.7,2.4,2.0,2.3,3.0,2.4
SYN-08319,3.0,3.4,2.5,2.7,2.4,2.5,3.0,2.6,2.7,2.5,3.1,2.6,3.3
SYN-08320,3.5,3.9,3.4,3.8,3.6,3.7,3.8,3.6,3.6,3.7,3.0,3.6,3.8
SYN-08321,2.6,2.2,2.8,2.2,2.1,3.0,2.8,2.4,2.7,2.6,2.9,3.5,2.3
SYN-08322,2.9,2.6,3.3,2.9,2.9,2.8,2.8,2.8,2.9,3.2,3.3,3.0,3.4
SYN-08323,2.7,2.3,2.8,2.8,2.6,2.4,2.1,2.4,1.9,2.4,2.5,2.8,2.3
SYN-08324,2.5,2.8,2.1,2.6,1.9,2.1,2.2,2.2,2.2,2.5,2.4,2.1,2.0
SYN-08325,3.6,3.7,3.4,2.5,3.2,3.2,3.2,3.8,3.6,3.6,3.7,3.2,3.3
SYN-08326,3.5,3.3,3.3,3.7,3.7,2.9,3.4,3.8,3.7,3.5,3.9,3.4,3.4
SYN-08327,2.9,3.5,4.1,3.5,3.6,3.5,3.7,3.3,4.1,3.9,3.8,3.9,3.5
SYN-08328,3.0,3.3,3.6,3.1,3.1,3.2,2.6,2.9,3.0,3.6,3.3,2.9,3.3
SYN-08329,2.5,2.4,2.3,3.2,2.0,2.3,2.8,2.3,2.3,2.2,2.6,2.6,2.2
SYN-08330,2.8,2.1,2.5,2.0,2.5,2.5,2.1,2.5,2.5,2.3,2.6,2.1,2.7
SYN-08331,1.9,1.3,1.9,1.6,1.5,1.9,2.0,1.0,1.7,1.7,1.5,1.8,2.0
SYN-08332,3.5,3.6,3.6,4.0,3.7,4.1,4.1,3.8,3.9,3.8,4.5,3.6,3.4
SYN-08333,1.0,1.9,1.9,1.5,1.6,2.1,2.1,1.7,1.7,1.7,1.9,1.9,2.0
SYN-08334,2.9,2.5,2.8,2.9,2.6,2.7,2.5,2.5,2.3,2.4,2.6,2.5,3.0
SYN-08335,1.5,1.7,1.8,1.5,1.6,1.0,2.1,1.8,2.6,1.7,1.9,2.0,1.8
SYN-08336,2.9,4.0,3.3,3.2,3.4,3.8,3.6,3.6,3.3,3.8,3.3,2.9,3.3
SYN-08337,2.9,2.6,2.8,2.7,3.3,2.8,3.1,3.2,3.2,3.1,3.0,2.2,2.4
SYN-08338,3.2,3.3,3.3,3.5,3.5,3.0,3.7,3.6,3.4,3.5,3.8,3.5,3.7
SYN-08339,2.4,2.8,2.7,2.7,2.8,2.9,2.9,2.9,2.1,2.9,3.0,2.5,3.0
SYN-08340,3.4,3.2,3.1,3.1,2.8,3.0,3.2,3.5,3.4,2.6,2.8,3.0,3.3
SYN-08341,2.9,3.8,3.1,3.0,3.1,3.0,3.3,2.8,2.6,3.0,3.2,3.0,2.8
SYN-08342,4.2,3.1,3.5,3.7,3.4,3.5,3.4,3.6,3.5,3.6,3.3,3.6,3.0
SYN-08343,3.1,3.7,3.1,2.9,3.1,2.9,3.4,3.3,2.9,2.6,3.0,3.0,3.0
SYN-08344,3.6,3.8,3.2,2.9,3.0,3.1,3.6,2.8,3.3,2.9,3.2,3.2,2.8
SYN-08345,4.1,3.6,4.0,4.5,3.6,4.1,3.7,3.4,4.4,4.0,4.0,3.5,3.7
SYN-08346,2.1,2.2,2.5,2.4,2.1,2.0,2.1,2.2,2.1,2.2,2.6,2.1,2.0
SYN-08347,2.4,2.0,2.2,1.9,2.3,2.2,2.0,2.1,2.2,2.8,2.1,2.8,2.4
SYN-08348,3.1,3.5,3.5,3.8,3.4,3.8,3.7,3.1,3.1,2.9,3.7,3.1,3.8
SYN-08349,3.3,3.5,3.0,3.1,2.8,2.4,2.5,2.7,3.0,2.7,2.7,3.4,2.6
SYN-08350,2.5,3.2,3.2,3.2,2.7,2.7,3.3,2.8,2.9,3.3,2.7,2.7,2.8
SYN-08351,3.2,2.8,2.7,3.0,3.3,3.2,3.0,3.3,2.7,3.1,3.1,3.5,3.2
SYN-08352,2.2,2.5,3.0,2.3,2.8,2.7,2.8,2.6,3.1,2.7,3.0,3.0,2.5
SYN-08353,1.8,1.6,1.9,1.4,1.7,1.9,1.8,1.5,1.8,1.9,1.3,1.2,1.9
SYN-08354,2.5,2.9,2.8,2.7,3.3,2.5,2.6,3.1,2.9,2.9,2.9,2.7,2.5
SYN-08355,2.5,1.7,1.4,1.8,2.3,1.4,1.8,2.3,1.7,2.1,2.0,2.1,2.2
SYN-08356,2.6,3.3,2.7,2.9,2.9,3.2,2.6,3.5,2.9,3.3,2.7,2.9,2.3
SYN-08357,3.2,2.7,2.6,3.1,2.0,2.9,3.5,2.7,2.7,3.3,2.6,3.4,3.3
SYN-08358,3.0,2.6,2.9,2.8,2.9,3.0,2.7,2.7,3.1,3.6,2.5,3.1,3.1
SYN-08359,2.8,2.7,2.5,2.7,2.5,2.8,2.8,1.9,2.7,2.7,2.9,2.6,2.5
SYN-08360,4.2,3.7,3.5,4.1,4.3,3.9,3.7,4.3,4.1,3.9,4.0,3.7,4.1
SYN-08361,3.5,3.8,4.0,4.1,3.9,4.3,4.1,3.9,4.0,4.2,4.2,4.0,4.5
SYN-08362,1.3,2.1,1.2,1.3,1.3,2.0,1.5,1.5,1.2,1.5,1.6,1.8,1.7
SYN-08363,2.2,2.0,2.3,3.0,2.5,2.1,2.0,2.1,2.3,2.8,1.6,2.5,2.1
SYN-08364,3.9,3.8,4.4,3.8,4.2,3.5,3.6,3.1,3.8,3.7,3.9,3.7,4.2
SYN-08365,3.2,3.5,3.8,3.8,3.4,3.3,3.4,3.8,3.3,3.4,3.1,3.1,3.5
SYN-08366,2.3,2.6,2.5,2.3,2.3,3.3,2.7,2.1,3.3,2.6,2.3,2.5,3.0
SYN-08367,3.2,3.3,3.6,3.4,3.8,3.2,3.2,3.3,3.3,3.5,3.4,3.2,3.6
SYN-08368,2.0,2.5,1.7,2.3,2.2,2.3,2.4,2.2,2.9,2.4,2.8,2.3,2.1
SYN-08369,1.7,2.4,2.5,1.9,2.3,1.9,2.5,2.5,1.7,1.8,1.7,2.4,2.4
SYN-08370,3.0,2.4,2.6,2.5,2.4,2.4,2.3,2.8,3.1,3.0,2.6,2.7,2.8
SYN-08371,3.0,2.7,3.1,3.2,2.7,3.0,2.9,3.1,2.8,3.6,2.6,3.5,2.7
SYN-08372,3.1,2.6,2.7,2.7,2.8,2.7,3.6,3.3,2.9,3.3,3.6,3.3,3.4
SYN-08373,3.2,3.3,3.2,2.6,3.3,2.9,3.0,2.2,2.6,3.2,3.2,3.1,2.4
SYN-08374,2.9,2.8,3.0,2.8,2.6,2.6,2.0,2.7,2.7,2.4,2.6,3.6,2.5
SYN-08375,2.9,2.6,2.7,2.9,1.9,2.8,2.3,2.8,2.7,2.1,3.1,2.8,2.6
SYN-08376,3.1,2.2,2.4,2.8,2.7,2.6,2.2,2.6,3.3,2.8,2.7,3.5,2.8
SYN-08377,2.9,2.6,2.6,2.3,2.7,2.5,2.7,2.8,2.5,3.0,2.6,2.6,2.9
SYN-08378,2.9,2.6,2.5,2.8,3.4,3.1,3.1,2.8,3.0,3.1,2.8,2.5,2.7
SYN-08379,2.0,3.0,2.3,2.1,1.8,2.5,2.4,2.3,2.4,1.9,2.2,2.3,2.5
SYN-08380,2.2,1.1,1.8,2.2,2.4,1.6,1.9,2.1,2.1,1.5,1.6,1.2,1.7
SYN-08381,2.5,2.1,2.9,2.7,2.9,2.9,3.0,2.7,2.8,2.7,3.0,3.0,2.9
SYN-08382,2.4,3.4,2.7,2.7,3.3,2.8,2.7,3.0,2.5,2.3,2.6,3.3,2.5
SYN-08383,2.4,2.5,2.7,2.6,2.2,3.0,2.5,2.8,2.1,2.6,2.7,2.3,2.7
SYN-08384,2.0,2.1,2.6,1.9,2.6,2.1,2.6,1.8,2.3,2.5,2.9,2.1,1.8
SYN-08385,2.5,3.0,3.4,2.6,3.1,2.8,2.9,2.7,2.5,3.2,2.7,2.6,2.9
SYN-08386,2.6,3.3,2.7,2.7,3.0,2.7,2.9,2.8,3.0,3.0,2.4,2.3,2.3
SYN-08387,2.8,3.1,2.1,3.2,2.9,2.3,2.6,2.4,3.0,2.9,2.6,2.7,2.9
SYN-08388,3.8,3.6,3.8,4.0,3.6,3.8,3.9,3.9,4.3,4.0,4.0,3.5,3.7
SYN-08389,1.7,1.6,1.9,1.8,1.0,1.7,1.7,1.0,1.7,2.4,1.4,1.5,1.7
SYN-08390,2.2,2.2,1.7,2.0,1.8,1.8,2.2,2.7,1.9,1.8,1.6,2.3,2.6
SYN-08391,2.1,2.5,1.9,2.8,2.4,2.3,2.4,2.2,3.0,2.8,3.0,2.4,2.7
SYN-08392,3.3,3.3,3.0,3.3,3.4,3.2,3.2,3.7,3.4,2.9,3.0,3.6,3.9
SYN-08393,2.1,2.4,2.4,2.4,2.0,2.5,2.0,1.8,2.5,2.8,2.2,2.3,2.0
SYN-08394,2.0,2.0,1.7,1.8,1.4,1.5,1.4,1.8,1.9,2.1,2.3,1.6,2.3
SYN-08395,2.5,2.8,2.8,2.7,2.7,2.8,3.4,3.4,2.5,3.0,2.6,2.8,2.4
SYN-08396,2.9,2.8,3.0,2.4,1.8,3.2,2.4,2.6,3.2,2.3,2.8,3.2,2.7
SYN-08397,2.3,1.7,2.0,1.6,1.4,1.7,1.0,1.4,1.6,1.8,2.2,1.6,1.5
SYN-08398,3.0,2.8,2.5,2.7,2.6,3.2,2.7,3.2,2.7,3.1,3.1,2.7,2.7
SYN-08399,2.8,2.3,2.2,2.4,2.4,2.9,2.0,3.0,2.4,2.7,2.9,2.5,2.3
SYN-08400,3.5,2.9,2.9,3.6,2.9,2.4,3.5,2.7,3.6,3.1,3.0,2.6,3.2
SYN-08401,2.7,3.1,3.0,3.4,2.7,2.6,2.8,3.1,3.4,2.8,2.9,3.0,2.7
SYN-08402,1.0,1.3,1.6,1.3,1.6,1.0,1.3,1.0,1.5,1.1,1.6,1.0,1.7
SYN-08403,2.2,2.5,2.4,2.9,2.7,2.9,2.8,2.5,2.4,2.9,2.8,2.5,2.4
SYN-08404,2.7,3.0,2.6,2.6,2.6,2.2,3.0,2.6,2.4,2.1,2.9,2.9,2.7
SYN-08405,2.6,2.4,2.1,2.8,2.7,2.2,2.7,2.8,2.5,2.3,2.6,2.4,2.2
SYN-08406,3.2,3.1,3.0,2.8,3.3,2.7,3.0,2.7,3.3,2.7,2.8,2.8,2.6
SYN-08407,3.1,2.7,2.5,2.3,2.7,2.2,2.1,2.3,2.7,2.8,2.5,2.4,2.5
SYN-08408,2.5,1.7,2.4,2.5,2.5,2.4,2.4,2.8,2.1,2.3,2.2,2.6,2.2
SYN-08409,2.3,2.3,2.1,2.5,2.5,2.2,2.4,2.4,2.8,2.3,2.2,2.5,2.8
SYN-08410,2.1,2.3,2.0,2.3,2.4,1.9,2.0,1.6,2.4,2.0,2.1,2.2,2.3
SYN-08411,2.6,2.7,3.1,3.2,2.9,3.1,2.9,2.7,3.0,2.6,2.5,2.5,2.4
SYN-08412,2.4,2.4,1.7,2.3,2.6,2.8,2.7,1.9,2.4,2.3,2.8,2.0,2.5
SYN-08413,2.9,1.9,2.4,2.2,2.7,2.6,2.8,2.3,2.4,2.4,2.6,2.6,2.1
SYN-08414,1.9,1.2,2.0,1.3,2.0,1.6,2.0,2.1,1.5,2.2,1.5,1.8,1.6
SYN-08415,1.5,2.1,2.3,1.9,2.2,1.7,2.2,1.1,2.4,1.8,1.7,1.8,2.6
SYN-08416,3.1,2.9,3.7,3.1,3.0,3.2,3.3,2.7,2.6,2.6,2.9,2.9,2.7
SYN-08417,3.2,3.8,3.3,3.1,3.4,3.2,3.2,3.5,3.6,4.4,4.0,3.1,3.4
SYN-08418,2.8,2.8,2.5,3.0,2.4,2.5,2.6,2.5,3.1,2.8,2.9,2.5,3.5
SYN-08419,3.3,4.0,4.3,3.8,3.8,3.6,3.9,3.7,4.2,3.5,3.5,3.4,4.2
SYN-08420,3.2,3.5,2.9,2.6,3.4,3.3,2.8,2.7,2.8,3.0,3.1,3.2,2.9
SYN-08421,3.2,3.2,2.6,2.7,2.4,2.9,2.6,2.1,2.4,2.6,2.9,1.8,2.7
SYN-08422,3.6,3.5,3.5,3.9,3.6,2.9,3.6,3.8,3.4,3.1,4.0,3.5,3.7
SYN-08423,1.6,2.6,1.8,2.6,2.0,2.3,2.5,1.8,2.4,2.4,1.7,2.1,1.8
SYN-08424,2.3,2.8,2.8,2.7,2.7,2.4,2.9,3.1,3.0,2.4,3.1,3.2,3.6
SYN-08425,2.6,3.0,3.3,3.0,3.7,2.7,2.7,2.3,2.8,2.8,2.9,3.0,2.8
SYN-08426,1.4,1.2,1.4,1.0,1.1,1.4,1.5,1.2,1.2,1.2,1.0,1.2,1.6
SYN-08427,2.5,2.5,2.5,3.1,2.8,2.8,2.7,2.7,2.8,3.1,2.6,2.6,2.9
SYN-08428,3.8,4.1,3.6,3.3,3.4,4.3,4.6,3.8,3.6,3.8,3.5,4.3,3.5
SYN-08429,2.0,2.5,2.6,2.4,2.8,2.4,2.3,3.2,2.5,2.2,2.1,2.1,1.5
SYN-08430,2.8,2.4,2.6,2.5,1.7,2.3,2.3,2.8,2.7,2.3,2.4,2.2,2.1
SYN-08431,2.8,3.0,3.1,2.9,3.1,2.9,3.2,3.6,3.4,2.7,2.9,3.4,2.5
SYN-08432,1.3,1.4,1.3,1.3,1.5,1.4,1.1,1.9,1.4,1.5,1.3,1.4,1.1
SYN-08433,2.8,3.4,2.9,3.1,3.7,3.6,2.9,3.3,2.7,3.6,3.2,3.5,3.3
SYN-08434,2.3,2.4,2.3,2.6,2.2,2.5,2.5,2.0,2.1,2.0,2.4,2.4,2.7
SYN-08435,1.8,1.7,1.9,2.2,2.6,2.1,1.8,2.2,2.1,2.1,1.7,2.2,1.9
SYN-08436,3.1,3.5,3.4,2.9,3.7,3.6,3.0,2.6,3.3,3.3,3.0,3.8,3.2
SYN-08437,2.9,3.1,3.3,3.0,3.0,2.5,3.0,3.4,2.8,3.0,2.0,3.4,2.9
SYN-08438,3.5,3.7,3.7,3.7,3.2,4.0,3.9,3.7,4.1,3.6,3.5,3.7,4.0
SYN-08439,2.8,2.8,2.6,2.9,3.0,2.6,2.3,2.8,3.0,3.4,3.2,3.6,2.8
SYN-08440,2.9,2.8,3.5,3.0,2.1,2.6,2.3,3.2,2.6,2.9,2.7,2.7,2.5
SYN-08441,2.7,2.9,2.7,3.0,2.3,2.4,3.1,2.5,2.4,2.9,2.8,3.1,2.1
SYN-08442,2.1,2.8,2.8,2.8,2.8,2.6,2.4,2.1,3.2,2.3,3.0,2.4,2.5
SYN-08443,1.9,2.1,2.3,1.6,2.3,2.6,2.3,2.4,2.1,2.0,2.2,1.8,2.0
SYN-08444,2.6,2.8,3.5,2.4,3.3,3.7,3.2,2.8,3.3,2.7,2.9,2.7,2.7
SYN-08445,2.9,2.6,2.8,2.7,2.2,2.5,2.3,2.5,2.6,2.5,2.7,2.7,2.3
SYN-08446,3.3,3.7,3.1,2.8,3.1,3.5,3.4,3.3,3.7,3.7,3.6,3.1,4.1
SYN-08447,2.1,2.6,2.1,2.5,2.5,2.2,1.7,3.0,2.8,2.7,1.9,2.6,2.3
SYN-08448,2.1,1.9,2.6,2.3,2.2,2.3,2.3,2.5,1.6,2.1,1.8,2.3,1.7
SYN-08449,2.4,2.9,2.7,2.9,2.4,2.7,2.7,2.3,2.6,2.8,2.7,2.5,2.8
SYN-08450,2.6,2.8,2.9,2.9,2.8,2.7,2.7,3.1,2.5,3.1,2.6,2.9,2.8
SYN-08451,3.0,2.0,3.0,2.8,3.0,2.9,3.1,2.5,2.3,2.3,2.7,2.6,3.0
SYN-08452,3.0,2.8,2.4,2.6,2.8,3.0,2.9,2.9,2.7,3.0,2.9,2.2,2.7
SYN-08453,3.1,3.1,3.4,3.4,3.3,3.0,3.3,3.0,3.5,3.4,3.6,3.1,3.7
SYN-08454,1.7,2.6,1.4,2.1,1.4,1.9,1.8,1.2,1.5,1.9,1.6,1.9,1.8
SYN-08455,2.7,2.5,2.1,2.4,2.4,2.4,2.1,2.3,2.5,2.4,1.7,2.8,2.2
SYN-08456,2.3,2.8,2.6,2.5,2.8,3.2,2.9,2.3,2.7,2.6,2.9,2.2,2.9
SYN-08457,2.5,2.6,3.0,2.9,2.9,3.0,2.7,2.5,2.8,3.0,2.8,3.2,2.7
SYN-08458,2.5,2.2,2.3,2.6,2.2,2.5,2.5,2.7,2.8,2.7,3.2,2.6,3.1
SYN-08459,1.4,2.2,2.0,2.2,2.2,2.4,2.3,2.2,1.8,2.3,1.8,1.9,2.3
SYN-08460,1.1,1.0,1.0,1.1,1.0,1.0,1.2,1.0,1.3,1.2,1.0,1.0,1.3
SYN-08461,3.5,3.4,2.9,3.6,3.3,3.5,3.4,3.1,3.2,3.1,3.8,3.3,3.3
SYN-08462,2.8,2.4,2.5,2.8,2.3,2.6,2.9,2.7,2.9,3.0,2.4,2.8,2.7
SYN-08463,3.0,3.1,3.4,2.8,3.0,3.1,3.4,3.1,3.0,3.1,3.7,3.8,3.3
SYN-08464,1.0,1.8,1.2,1.6,1.1,1.2,1.5,1.6,1.0,1.2,1.8,1.3,1.2
SYN-08465,2.0,2.6,2.4,2.2,2.1,2.3,2.3,1.9,1.9,2.0,2.4,2.4,2.0
SYN-08466,2.4,2.8,2.5,2.9,2.6,2.8,2.4,3.0,2.3,2.8,2.3,3.0,2.2
SYN-08467,2.3,2.3,2.1,2.0,2.0,1.6,1.6,1.9,2.2,2.0,1.3,2.0,1.6
SYN-08468,2.7,2.3,2.8,2.7,2.5,2.2,2.9,2.5,2.4,2.5,2.1,2.7,2.4
SYN-08469,3.2,3.3,2.7,2.6,2.7,3.0,3.2,2.7,2.8,3.3,2.9,3.0,3.6
SYN-08470,2.3,1.7,2.2,2.3,2.5,2.4,2.4,2.2,2.3,2.5,2.2,2.0,2.2
SYN-08471,3.3,3.4,2.8,3.8,3.5,3.8,3.1,3.6,3.4,3.5,3.6,3.7,3.3
SYN-08472,2.1,2.3,1.3,2.5,2.3,2.3,2.3,1.7,2.1,2.3,2.3,2.9,2.1
SYN-08473,3.3,2.7,2.8,3.6,3.1,3.2,3.2,3.6,3.1,3.0,2.9,3.2,3.4
SYN-08474,2.0,2.0,2.4,2.5,2.7,2.3,2.3,2.3,1.6,2.6,2.5,2.3,2.3
SYN-08475,3.6,4.2,3.0,3.4,3.5,3.9,3.6,3.3,3.3,3.6,3.4,4.1,3.6
SYN-08476,2.7,3.5,2.6,2.9,2.7,2.7,3.0,3.2,3.1,2.7,3.3,3.0,2.2
SYN-08477,3.2,3.3,3.0,3.1,3.5,2.2,3.1,2.7,3.3,2.9,3.1,2.5,3.2
SYN-08478,1.7,2.0,2.5,2.3,2.0,1.7,2.1,2.0,2.0,1.9,2.0,2.0,2.7
SYN-08479,2.0,2.6,2.7,1.6,2.0,2.3,2.3,1.8,2.2,2.4,1.8,2.3,2.0
SYN-08480,2.9,2.7,2.8,2.8,3.4,3.6,3.6,2.3,3.1,2.9,2.6,3.4,2.9
SYN-08481,3.3,3.4,3.3,3.0,3.0,3.1,3.5,3.4,3.0,3.0,3.6,2.7,2.5
SYN-08482,1.9,2.8,1.8,1.8,2.2,2.2,2.5,2.5,2.0,2.2,2.2,1.9,2.3
SYN-08483,3.5,3.6,3.3,3.8,3.2,3.2,4.1,3.3,3.5,3.4,3.1,3.1,3.3
SYN-08484,2.7,2.5,2.9,3.1,2.9,2.7,3.1,3.0,3.3,2.6,2.6,3.0,2.8
SYN-08485,3.1,3.7,2.7,3.1,3.1,3.4,2.4,2.9,3.2,3.0,3.1,2.8,3.2
SYN-08486,3.3,3.4,2.9,2.9,3.0,2.7,2.8,2.6,3.0,2.7,2.9,2.9,2.9
SYN-08487,2.4,2.2,2.1,2.2,1.7,1.7,2.1,1.6,1.7,1.9,1.0,1.7,2.1
SYN-08488,3.7,3.8,3.8,3.4,3.0,3.6,3.5,3.4,3.4,3.9,3.4,3.8,3.8
SYN-08489,3.9,3.2,3.5,4.3,4.4,4.2,3.8,3.7,3.4,3.1,3.9,3.5,3.2
SYN-08490,2.7,3.4,2.7,2.4,2.7,2.3,2.4,2.7,2.0,2.6,2.5,2.5,2.3
SYN-08491,4.3,3.6,3.8,4.0,4.3,3.5,4.0,3.8,4.6,4.1,3.8,3.5,3.9
SYN-08492,2.8,2.1,2.8,3.2,3.0,2.8,2.8,2.7,2.6,2.9,2.7,2.9,3.0
SYN-08493,2.3,2.4,2.6,2.7,2.6,2.6,2.6,2.6,3.0,2.7,3.1,3.2,3.0
SYN-08494,2.2,2.3,2.8,3.1,2.0,2.8,2.3,2.1,2.8,2.2,2.2,3.3,2.1
SYN-08495,2.2,2.6,2.4,2.7,2.7,2.3,3.2,2.1,2.5,2.6,2.6,2.8,2.8
SYN-08496,3.8,4.2,3.4,3.9,4.1,3.9,3.8,3.8,3.9,3.9,4.1,4.1,3.8
SYN-08497,3.3,3.1,2.7,3.6,3.7,3.3,3.1,3.0,3.6,3.0,3.0,2.5,3.4
SYN-08498,3.2,2.9,2.6,2.2,2.9,2.9,2.6,2.7,3.0,3.0,3.0,3.2,2.9
SYN-08499,2.6,2.3,2.1,2.6,2.5,2.3,2.7,2.3,1.8,2.5,2.0,1.5,2.3
SYN-08500,2.6,2.3,2.5,2.3,2.3,1.9,1.7,2.5,2.2,2.0,2.3,2.0,2.4
SYN-08501,1.8,2.9,2.9,2.3,2.7,2.4,3.3,2.1,2.9,2.9,2.2,2.9,2.4
SYN-08502,1.9,2.2,2.0,2.1,1.9,2.1,2.4,1.8,2.2,1.9,1.9,2.8,2.6
SYN-08503,2.6,2.7,2.6,3.1,2.4,2.9,3.5,2.9,3.1,3.1,2.7,2.4,3.1
SYN-08504,3.9,4.2,3.6,3.3,3.6,3.4,3.8,3.8,3.8,3.4,3.5,3.1,3.3
SYN-08505,3.3,3.1,3.3,3.5,3.1,3.1,3.5,3.4,3.6,3.7,3.6,3.7,3.6
SYN-08506,1.0,1.3,1.1,1.5,1.4,1.8,1.0,1.1,1.4,1.7,1.4,1.7,1.5
SYN-08507,2.8,2.8,2.1,2.9,2.7,2.9,3.3,3.2,2.7,3.0,2.5,2.4,2.5
SYN-08508,1.6,1.2,1.4,1.4,2.1,1.0,1.3,1.5,1.5,1.3,1.2,1.7,1.0
SYN-08509,3.3,3.0,3.0,3.1,3.2,3.1,3.2,3.4,3.4,3.2,3.2,3.3,3.2
SYN-08510,2.7,2.2,2.3,2.7,2.8,2.1,2.8,2.4,2.8,2.3,3.3,2.8,3.0
SYN-08511,3.9,4.2,4.1,3.8,3.9,4.4,4.3,3.5,4.2,3.9,3.9,3.8,4.2
SYN-08512,3.3,3.2,2.9,3.0,2.9,2.6,3.0,3.3,3.3,2.9,2.9,3.0,2.9
SYN-08513,2.0,2.3,1.9,2.2,2.5,2.0,2.2,2.2,2.3,1.9,1.7,2.7,2.3
SYN-08514,1.6,1.4,1.7,2.0,1.6,2.0,1.9,1.9,2.4,2.3,1.6,1.5,1.6
SYN-08515,2.6,3.0,2.7,2.6,3.2,2.8,2.9,2.3,2.7,2.6,2.4,2.6,2.5
SYN-08516,3.1,2.9,2.9,2.4,3.1,2.4,2.7,2.8,3.0,2.8,2.6,3.1,2.4
SYN-08517,2.7,2.6,2.4,2.5,2.3,2.1,2.1,2.1,2.1,2.7,2.6,2.4,1.7
SYN-08518,2.4,2.8,2.6,2.3,2.5,2.8,3.2,2.9,2.5,2.3,2.4,3.0,2.5
SYN-08519,1.5,1.7,1.9,1.4,2.5,2.9,2.5,2.6,2.5,1.9,2.2,2.3,2.8
SYN-08520,2.6,3.0,2.6,2.5,2.5,2.3,2.8,3.0,3.6,3.0,2.6,3.1,3.1
SYN-08521,2.4,2.1,1.9,2.2,2.5,2.8,2.2,2.5,2.6,2.2,2.1,2.4,2.1
SYN-08522,1.9,2.8,2.2,2.5,2.5,2.0,2.5,2.5,2.4,2.4,2.5,2.5,2.6
SYN-08523,1.6,1.5,1.8,2.0,2.2,2.6,1.8,2.3,2.0,1.8,2.1,2.1,2.1
SYN-08524,4.1,3.5,3.8,3.2,3.3,3.7,3.5,4.1,4.0,3.9,3.7,3.4,2.8
SYN-08525,1.9,2.3,1.8,2.6,2.2,2.4,2.6,1.9,2.1,2.4,1.7,2.3,2.5
SYN-08526,3.3,3.2,2.7,3.1,2.7,3.1,3.1,2.9,3.5,2.7,3.9,3.4,3.4
SYN-08527,2.6,2.1,2.3,2.4,2.5,2.3,3.0,2.3,2.5,2.2,2.5,2.0,2.4
SYN-08528,3.2,2.9,2.4,3.0,3.0,3.0,3.0,3.4,3.2,2.7,2.7,2.6,2.9
SYN-08529,2.9,2.2,2.7,2.4,2.3,2.7,3.2,2.7,3.0,2.7,2.6,2.8,2.5
SYN-08530,1.9,2.0,2.3,2.5,2.5,2.2,2.4,2.2,2.0,1.8,2.3,2.6,2.4
SYN-08531,2.1,2.9,2.3,1.9,2.5,2.9,2.6,2.2,2.3,2.9,2.4,2.2,2.2
SYN-08532,2.0,2.5,2.3,2.1,2.8,2.2,2.9,2.0,2.1,1.9,2.1,2.0,3.0
SYN-08533,3.7,4.1,3.7,3.9,3.8,3.9,3.7,3.2,4.0,3.2,4.2,3.9,3.8
SYN-08534,2.5,2.9,2.9,2.1,1.8,2.7,2.5,2.3,2.6,2.2,2.7,2.3,2.5
SYN-08535,3.2,2.9,2.9,3.0,3.2,3.5,2.9,3.3,3.2,3.2,3.3,3.5,3.1
SYN-08536,3.3,3.0,3.0,2.8,3.0,3.2,3.1,3.1,3.1,3.1,3.1,3.6,3.1
SYN-08537,2.7,3.6,3.0,3.0,2.7,2.8,3.5,2.7,2.8,3.2,2.5,3.3,3.2
SYN-08538,3.0,3.1,3.5,3.2,3.3,3.2,2.9,3.0,3.1,3.2,2.9,3.2,2.9
SYN-08539,2.0,2.0,2.1,2.1,2.0,1.7,2.4,1.8,2.3,1.6,1.6,2.3,2.5
SYN-08540,1.9,1.3,2.0,1.4,1.3,1.7,1.5,1.9,1.8,1.6,1.9,2.3,1.6
SYN-08541,1.7,1.8,1.8,2.2,1.9,1.3,1.3,1.6,1.8,1.9,1.9,1.6,1.8
SYN-08542,2.6,2.3,2.2,2.4,2.2,2.3,2.7,1.8,2.0,1.9,1.9,1.9,1.5
SYN-08543,2.9,3.3,2.6,2.5,2.8,2.8,3.2,3.5,3.7,2.8,3.2,3.0,3.1
SYN-08544,4.5,4.3,4.0,4.1,4.3,4.4,4.1,4.2,4.6,4.3,4.4,4.7,4.3
SYN-08545,3.7,3.7,4.0,3.4,4.3,4.2,3.4,3.7,3.7,4.0,3.6,3.1,4.2
SYN-08546,2.9,4.1,3.4,3.5,3.5,3.4,3.6,3.5,3.3,3.7,3.5,4.1,3.3
SYN-08547,2.2,1.9,1.9,2.0,2.2,2.3,2.0,2.5,2.3,2.1,2.2,1.7,2.4
SYN-08548,2.9,3.5,3.3,2.9,3.0,3.3,3.3,3.1,3.2,2.9,2.9,3.2,2.8
SYN-08549,2.7,2.9,2.7,2.9,2.6,2.2,2.9,2.7,2.4,2.7,2.5,3.0,2.5
SYN-08550,1.6,1.9,1.9,1.8,1.3,1.4,1.9,1.5,2.0,1.2,1.7,1.5,1.4
SYN-08551,3.3,3.6,3.5,3.5,3.4,4.0,3.7,3.6,3.9,3.7,3.5,3.8,4.2
SYN-08552,2.3,2.5,2.7,2.4,2.7,2.3,1.7,2.0,2.5,2.9,2.1,2.8,2.0
SYN-08553,3.6,3.7,3.9,3.9,3.7,4.5,3.9,3.6,4.3,3.8,4.1,3.3,3.8
SYN-08554,3.0,2.9,3.1,3.4,3.0,3.5,2.7,3.2,3.2,2.4,3.2,3.0,3.2
SYN-08555,2.7,2.5,2.3,1.9,2.4,2.8,1.5,2.7,2.6,2.4,2.6,2.7,2.3
SYN-08556,1.9,1.9,2.3,1.9,1.9,2.2,2.0,1.9,1.5,1.7,2.0,1.9,1.8
SYN-08557,3.1,3.5,2.9,3.1,2.8,2.5,2.8,2.9,2.9,2.9,2.4,2.7,2.4
SYN-08558,3.5,3.4,3.4,3.0,3.4,3.9,3.3,3.5,3.5,3.0,3.0,3.0,3.6
SYN-08559,3.1,3.3,2.7,3.1,2.6,2.4,2.5,2.6,2.8,2.7,3.0,2.7,3.0
SYN-08560,3.1,3.2,3.8,2.7,4.0,3.5,4.2,3.7,3.3,2.9,3.8,2.8,3.5
SYN-08561,2.4,3.0,2.2,2.9,2.8,2.8,2.8,2.8,2.5,2.3,2.7,3.3,2.9
SYN-08562,2.2,2.6,2.3,2.2,2.8,2.6,2.4,2.9,2.6,2.5,1.9,2.8,2.0
SYN-08563,2.6,2.6,2.4,2.2,2.6,2.7,2.3,2.4,2.2,2.0,2.5,2.3,2.7
SYN-08564,3.2,3.2,2.8,3.3,2.7,3.2,3.1,3.2,2.6,3.4,3.0,3.0,2.7
SYN-08565,2.3,2.4,2.4,2.9,2.4,2.3,2.4,2.5,2.5,2.1,3.0,2.4,2.0
SYN-08566,2.2,2.4,2.9,2.3,2.1,2.3,2.3,2.3,1.9,2.1,2.6,2.5,2.5
SYN-08567,1.6,1.4,1.8,1.9,2.4,1.6,2.0,2.0,1.3,1.9,1.6,2.0,2.0
SYN-08568,2.6,2.9,3.4,2.9,2.7,2.9,2.6,2.6,3.1,2.8,3.0,2.7,3.1
SYN-08569,2.6,2.9,2.5,2.4,2.3,2.5,2.4,2.6,2.2,2.5,2.4,2.5,1.9
SYN-08570,1.8,2.3,1.7,1.8,1.8,1.5,1.7,1.7,2.1,1.8,2.2,1.9,1.7
SYN-08571,1.7,3.0,2.6,2.2,2.8,2.5,2.4,3.1,2.6,2.9,2.9,2.3,2.2
SYN-08572,3.0,3.0,2.8,2.9,2.6,2.6,2.5,3.1,3.5,2.6,2.9,2.8,2.9
SYN-08573,2.7,2.9,2.7,2.9,3.0,3.5,2.8,3.1,3.5,2.9,2.3,2.4,3.0
SYN-08574,3.0,2.9,3.7,3.2,3.2,3.2,2.9,3.2,2.8,3.1,3.0,2.7,3.0
SYN-08575,2.7,2.6,2.8,2.4,2.0,2.0,2.7,2.9,2.9,3.1,2.9,2.7,2.6
SYN-08576,2.6,2.9,2.3,2.4,1.8,1.7,2.6,1.7,2.4,2.8,2.7,2.1,2.1
SYN-08577,3.0,2.6,2.9,3.3,3.6,3.3,3.3,3.4,2.3,3.0,2.5,2.6,2.9
SYN-08578,2.7,2.1,2.1,2.2,2.2,1.8,2.6,2.2,2.0,2.5,1.9,2.4,2.2
SYN-08579,1.9,2.5,1.9,2.3,1.9,2.6,2.1,2.3,2.6,2.0,2.1,2.0,2.0
SYN-08580,2.6,2.3,2.2,1.9,2.1,2.2,2.0,2.4,2.0,1.9,1.9,2.1,2.7
SYN-08581,2.8,2.0,2.1,1.7,2.4,2.2,2.5,2.1,2.7,2.5,2.4,2.2,3.1
SYN-08582,3.2,3.1,3.3,2.6,3.0,3.4,3.5,3.4,2.6,3.2,3.0,3.4,3.3
SYN-08583,3.2,2.9,3.0,3.4,3.5,3.3,2.5,2.9,3.4,3.0,2.8,3.0,2.8
SYN-08584,3.1,3.1,2.9,3.1,3.0,2.9,3.2,3.3,3.1,2.8,2.8,3.5,3.0
SYN-08585,3.2,4.0,3.8,3.7,3.4,3.3,3.3,3.3,3.5,3.7,2.6,3.1,3.2
SYN-08586,1.5,2.1,1.7,2.4,2.0,2.1,2.3,2.1,2.1,1.9,2.0,1.8,2.3
SYN-08587,2.9,3.3,2.9,2.8,2.8,2.5,3.1,2.7,2.1,2.3,2.7,2.3,2.4
SYN-08588,2.9,2.9,2.8,2.8,2.8,2.8,2.7,2.8,3.1,2.5,3.3,2.5,2.5
SYN-08589,3.0,2.8,2.2,2.6,2.7,2.8,2.4,2.7,2.7,2.7,2.8,3.1,3.2
SYN-08590,3.0,3.2,2.9,3.2,3.0,2.7,2.7,3.1,3.1,2.6,3.5,3.2,2.8
SYN-08591,1.5,1.3,2.2,2.0,1.8,1.9,1.1,1.1,1.9,1.9,1.8,2.2,2.0
SYN-08592,3.3,3.3,3.6,3.6,4.0,3.2,3.2,3.5,3.5,3.8,3.5,3.6,2.9
SYN-08593,2.8,2.4,1.9,2.5,2.2,2.1,2.5,2.1,2.5,2.3,2.4,2.5,2.0
SYN-08594,2.8,3.2,2.9,3.0,3.0,2.4,2.9,2.8,2.7,3.4,2.0,3.8,3.1
SYN-08595,3.2,2.5,2.8,2.3,2.7,2.8,3.1,2.8,2.9,3.0,2.6,2.8,2.7
SYN-08596,2.5,2.6,2.8,2.6,2.6,2.3,2.3,2.7,2.6,2.8,2.2,2.9,2.5
SYN-08597,1.9,2.1,1.8,1.6,1.9,1.6,1.6,2.2,2.0,2.1,2.2,2.1,1.8
SYN-08598,2.7,2.6,2.9,2.4,2.5,2.8,2.7,2.5,1.9,2.7,2.8,3.0,2.7
SYN-08599,3.0,2.9,2.6,2.9,2.9,2.5,2.5,2.7,2.6,3.2,2.9,2.8,2.5
SYN-08600,3.2,2.5,2.8,3.0,2.8,2.5,2.7,2.6,2.5,3.1,2.8,2.9,2.5
SYN-08601,2.5,2.5,2.7,3.0,2.6,2.2,2.7,2.4,2.5,3.0,2.4,2.4,2.3
SYN-08602,2.8,2.9,3.2,2.4,2.9,3.0,3.4,3.7,2.8,3.3,3.3,3.1,3.6
SYN-08603,3.6,3.9,4.0,3.6,3.3,3.2,3.8,3.7,3.6,3.7,4.0,3.9,3.6
SYN-08604,3.7,4.1,3.6,3.7,4.0,4.0,3.7,4.4,3.8,3.4,4.1,3.6,4.0
SYN-08605,3.2,4.0,3.0,3.1,3.1,3.1,2.8,2.8,3.1,3.2,3.0,3.0,3.4
SYN-08606,3.0,2.7,3.3,3.4,3.3,3.0,3.1,3.0,3.2,3.5,3.2,3.1,3.1
SYN-08607,1.9,2.3,2.0,1.5,1.5,2.3,2.0,1.5,1.5,1.8,2.1,1.5,1.9
SYN-08608,3.2,2.6,2.7,3.5,2.7,2.7,2.8,2.7,3.0,2.9,2.6,2.6,2.9
SYN-08609,2.6,3.2,3.6,3.0,2.5,2.9,2.8,3.0,3.0,3.4,2.8,3.0,2.7
SYN-08610,1.6,1.7,1.9,1.6,1.5,1.2,1.0,1.3,1.4,1.4,1.0,1.4,1.0
SYN-08611,3.5,4.2,4.2,3.8,3.9,4.0,4.0,3.6,3.9,3.9,3.9,3.6,3.5
SYN-08612,2.6,2.2,2.4,2.8,3.0,2.9,2.5,2.5,2.5,2.7,2.4,2.7,2.6
SYN-08613,2.4,1.8,1.9,2.3,2.2,1.8,1.6,2.3,2.2,2.1,2.3,1.9,2.3
SYN-08614,2.4,2.2,1.7,2.3,1.7,2.0,2.2,2.3,2.1,2.7,1.7,2.7,1.5
SYN-08615,2.8,2.4,2.9,2.4,3.0,2.7,2.3,3.3,3.1,3.0,3.4,2.7,3.2
SYN-08616,2.6,3.0,2.5,3.5,2.9,2.7,3.5,3.1,2.7,2.8,3.0,3.7,2.7
SYN-08617,3.7,3.4,3.8,3.4,3.5,3.0,3.5,4.3,3.2,3.4,3.5,3.8,3.5
SYN-08618,2.6,1.9,2.2,2.2,2.0,2.2,1.9,2.4,1.8,1.7,1.9,2.2,2.3
SYN-08619,2.5,2.8,1.8,2.6,2.5,2.8,3.0,3.5,2.6,1.5,2.7,2.6,2.8
SYN-08620,2.7,2.4,2.2,2.8,3.0,2.8,2.8,2.6,2.9,2.2,2.7,2.4,2.2
SYN-08621,2.8,2.2,2.6,2.7,2.5,2.2,2.9,1.9,2.5,3.0,2.9,2.2,2.8
SYN-08622,2.0,2.0,2.4,1.9,2.0,2.2,2.3,2.2,2.2,2.0,1.7,1.9,2.6
SYN-08623,3.9,4.0,4.2,3.8,4.1,4.1,3.6,4.1,4.0,3.6,4.4,4.1,3.6
SYN-08624,3.2,3.0,3.7,3.0,3.4,3.0,3.7,3.4,3.4,3.3,3.2,2.6,3.4
SYN-08625,2.8,2.4,2.8,2.4,3.3,2.8,2.8,2.9,2.6,2.7,2.6,2.5,2.5
SYN-08626,2.9,2.9,3.1,2.6,2.7,3.0,3.2,2.9,2.9,3.0,3.0,3.4,3.1
SYN-08627,3.1,3.4,3.3,2.8,2.6,3.5,3.0,3.6,3.4,3.3,3.2,3.2,2.9
SYN-08628,2.1,1.9,2.5,2.4,2.2,2.4,2.6,1.6,2.2,2.2,2.3,2.1,2.5
SYN-08629,2.4,2.1,2.4,2.3,2.1,2.2,2.0,2.3,2.5,2.4,2.2,2.5,2.1
SYN-08630,2.8,2.3,2.7,2.7,2.5,2.7,2.5,3.1,2.6,1.7,2.2,2.5,2.1
SYN-08631,3.2,3.5,3.5,3.5,2.7,3.5,3.3,4.0,3.1,3.5,3.1,3.1,3.5
SYN-08632,3.6,3.7,4.1,3.9,4.1,4.1,4.0,3.4,4.1,4.3,4.2,3.5,3.8
SYN-08633,2.8,3.0,2.6,2.1,2.3,2.3,2.6,2.6,2.4,2.0,2.2,2.7,2.5
SYN-08634,1.9,1.7,2.4,1.3,2.5,2.2,1.9,1.9,2.0,2.2,2.0,2.4,1.7
SYN-08635,3.1,3.1,2.6,2.9,2.9,3.0,2.9,2.8,2.8,2.8,2.6,2.7,2.8
SYN-08636,2.8,2.4,2.8,2.0,2.4,2.8,3.1,2.8,2.5,3.0,2.7,2.6,2.6
SYN-08637,3.5,3.6,3.1,3.3,3.4,3.2,3.8,3.6,3.1,3.8,3.7,3.2,3.1
SYN-08638,2.7,2.3,3.1,2.6,3.0,2.7,2.6,2.9,2.8,2.7,2.7,3.0,2.5
SYN-08639,3.6,3.0,3.0,3.1,2.9,2.7,3.1,3.0,3.2,3.0,2.8,2.9,3.2
SYN-08640,2.4,2.8,2.3,2.4,2.9,2.6,2.9,2.8,1.7,2.3,3.0,2.3,2.6
SYN-08641,3.1,3.3,2.7,3.1,3.1,2.5,3.1,3.1,2.9,3.1,3.2,2.7,3.2
SYN-08642,2.6,2.7,1.9,2.3,1.9,1.6,1.9,2.1,1.9,1.7,2.1,2.6,1.9
SYN-08643,2.6,2.5,2.8,2.5,2.6,2.8,2.9,3.1,2.4,2.3,1.9,2.4,2.3
SYN-08644,2.3,2.2,1.6,1.8,2.0,2.2,2.9,2.3,2.3,2.1,2.0,2.5,2.6
SYN-08645,3.5,3.0,2.7,2.9,3.1,3.1,2.9,2.9,3.0,2.6,2.2,2.9,3.1
SYN-08646,2.1,2.4,1.9,2.4,2.1,1.8,2.3,2.4,2.4,2.4,2.5,3.1,2.4
SYN-08647,2.4,2.5,1.8,1.6,2.1,2.4,1.2,1.9,2.0,2.5,1.4,2.1,2.2
SYN-08648,2.7,3.0,3.1,3.3,3.4,3.1,3.0,2.6,3.0,3.0,2.7,3.2,3.1
SYN-08649,3.0,3.1,2.7,2.5,3.1,2.5,3.5,2.9,2.9,3.2,3.0,3.5,3.2
SYN-08650,3.3,3.1,3.7,2.9,3.3,3.3,3.2,4.0,3.8,3.5,4.1,3.6,3.4
SYN-08651,2.5,2.2,2.4,2.6,2.2,2.1,2.9,2.1,2.5,2.8,2.5,2.3,2.8
SYN-08652,2.1,2.7,2.3,2.6,2.5,2.8,2.2,2.6,2.2,2.1,2.5,2.6,2.6
SYN-08653,2.4,2.2,2.6,2.0,1.9,2.4,2.1,2.0,2.4,2.5,2.3,1.7,2.9
SYN-08654,3.2,2.3,2.4,3.0,3.1,2.7,3.0,3.2,3.1,2.6,3.6,3.4,3.2
SYN-08655,2.7,3.3,2.7,3.2,3.1,3.2,2.8,3.3,3.0,2.7,3.2,3.1,3.2
SYN-08656,2.2,2.3,2.5,2.2,2.2,2.0,2.4,2.2,2.2,2.2,2.0,2.2,2.4
SYN-08657,2.4,2.2,2.9,2.5,2.6,2.3,2.3,2.6,2.0,2.0,2.7,2.7,2.3
SYN-08658,2.8,2.7,2.5,2.8,2.8,3.2,2.5,3.7,2.5,3.0,2.9,3.6,3.1
SYN-08659,2.9,3.1,2.6,2.5,2.8,2.6,2.6,3.0,2.3,2.7,2.6,2.6,2.8
SYN-08660,2.3,2.5,2.6,2.3,3.1,2.5,3.3,2.6,2.5,3.0,2.5,1.9,2.9
SYN-08661,4.1,3.1,3.7,3.9,3.6,3.9,3.5,3.3,3.3,3.7,3.5,3.4,3.8
SYN-08662,2.3,1.9,1.6,2.3,2.5,1.6,1.8,2.5,1.9,2.5,1.9,2.1,1.6
SYN-08663,1.9,2.4,2.6,2.7,2.9,2.4,2.6,2.5,2.2,2.6,3.0,2.8,2.6
SYN-08664,3.4,3.5,3.7,3.8,3.6,3.6,3.3,3.5,3.7,3.7,4.0,3.3,3.5
SYN-08665,3.4,2.5,2.8,3.4,3.4,2.9,2.6,2.8,2.9,2.9,3.3,2.7,3.0
SYN-08666,2.2,2.2,2.3,2.0,2.5,2.4,2.4,2.0,2.7,2.3,2.1,1.9,2.0
SYN-08667,2.8,1.9,3.4,3.1,3.3,2.8,3.2,3.1,3.0,2.8,3.0,3.1,3.1
SYN-08668,2.8,2.8,2.9,3.0,3.2,2.6,2.5,2.8,2.8,2.8,3.5,3.4,3.1
SYN-08669,3.1,3.5,3.2,3.3,3.3,3.1,2.7,2.8,3.5,3.3,3.6,3.5,3.9
SYN-08670,3.2,3.2,2.9,3.2,3.3,3.1,3.3,3.2,3.6,3.2,3.2,3.3,3.7
SYN-08671,2.3,2.1,2.4,2.2,1.9,2.5,1.8,2.0,2.2,2.6,2.4,2.7,2.4
SYN-08672,2.7,2.3,2.7,3.0,2.4,2.9,2.8,2.7,2.7,2.6,2.4,1.9,3.1
SYN-08673,3.1,3.2,3.2,3.2,3.8,3.2,3.4,2.8,3.2,3.7,3.2,3.0,3.0
SYN-08674,1.7,2.0,2.4,2.4,2.4,2.0,2.3,2.7,1.7,2.2,2.1,2.3,1.9
SYN-08675,2.5,2.9,2.6,3.0,2.8,3.0,2.4,3.1,2.8,3.0,2.3,2.7,2.7
SYN-08676,1.8,2.1,1.6,1.3,1.1,1.6,1.9,1.8,1.7,1.9,2.2,2.2,2.1
SYN-08677,3.0,2.6,3.4,3.2,2.9,2.5,3.0,3.1,2.8,2.4,2.7,2.9,3.2
SYN-08678,2.8,2.6,2.2,3.4,2.8,2.6,2.3,2.7,3.3,2.5,3.1,2.5,2.8
SYN-08679,2.7,2.1,2.7,2.5,2.5,2.4,2.6,2.4,2.0,2.4,3.0,2.4,2.4
SYN-08680,2.9,4.0,2.7,3.2,3.1,3.1,3.0,3.2,3.0,2.9,2.4,2.9,3.3
SYN-08681,3.7,3.1,3.5,3.3,3.2,3.2,3.0,3.1,3.2,3.3,3.0,3.4,3.1
SYN-08682,2.2,2.4,2.2,1.4,2.0,1.9,2.1,2.0,2.1,2.1,2.4,2.0,1.4
SYN-08683,3.6,3.4,3.1,3.1,3.4,3.2,3.9,3.6,3.4,3.7,3.4,3.2,3.0
SYN-08684,3.1,2.5,3.1,2.9,2.8,2.9,2.6,2.7,2.7,2.7,2.4,2.9,3.1
SYN-08685,2.3,2.7,2.6,2.7,2.1,1.9,2.6,2.5,2.3,1.8,2.3,2.1,2.5
SYN-08686,3.7,3.3,3.2,3.2,3.3,3.5,3.4,3.0,3.9,3.0,3.2,3.4,3.3
SYN-08687,2.7,2.8,2.7,2.4,2.6,2.6,2.4,2.3,2.6,2.6,3.6,3.0,3.0
SYN-08688,2.0,2.7,2.2,2.2,2.2,2.4,2.2,2.2,2.4,2.1,1.4,2.2,1.5
SYN-08689,2.2,2.4,2.4,2.1,1.8,1.9,1.6,1.9,2.0,2.2,2.5,2.2,2.4
SYN-08690,2.7,3.4,2.3,3.4,2.5,2.9,2.5,2.6,2.8,2.4,2.7,2.8,2.1
SYN-08691,2.6,2.7,3.6,2.7,3.0,3.3,2.8,2.7,3.0,2.7,3.2,3.2,3.0
SYN-08692,3.6,3.6,3.1,2.7,2.6,3.5,3.1,3.3,3.6,3.2,3.2,3.2,3.1
SYN-08693,2.8,3.3,2.7,3.0,3.2,3.3,3.4,2.9,3.1,3.0,3.3,2.9,3.4
SYN-08694,2.2,1.9,1.7,1.9,1.9,1.6,2.0,2.0,1.5,1.5,2.1,2.1,1.8
SYN-08695,2.1,2.6,2.1,2.6,2.8,2.6,2.0,2.1,2.2,2.4,2.4,2.0,2.7
SYN-08696,4.2,4.0,3.9,4.1,4.0,4.1,4.1,3.8,4.7,3.9,3.9,3.7,4.0
SYN-08697,4.3,3.6,3.9,4.2,3.4,3.9,4.0,4.2,3.9,4.0,3.4,4.1,4.3
SYN-08698,3.2,2.8,2.8,2.9,3.4,3.3,2.6,2.6,3.2,2.8,3.0,3.0,3.3
SYN-08699,2.8,3.3,3.6,3.8,3.3,2.9,3.1,3.1,3.5,3.3,3.4,3.2,3.3
SYN-08700,2.9,2.9,2.5,3.0,3.2,3.2,3.0,3.0,2.8,2.9,3.3,3.1,3.0
SYN-08701,3.8,4.0,3.7,3.7,3.3,3.7,3.5,3.5,3.8,3.4,3.2,3.9,3.6
SYN-08702,2.9,3.1,3.2,2.9,3.0,3.1,2.5,3.6,3.6,3.2,3.2,3.2,2.8
SYN-08703,3.0,2.6,2.3,2.8,2.8,3.3,2.6,2.8,2.7,2.6,2.6,2.6,2.9
SYN-08704,3.3,4.2,3.5,4.2,3.3,3.0,3.7,3.3,3.2,3.0,3.4,3.9,3.6
SYN-08705,2.9,2.9,3.4,2.9,2.7,2.9,3.0,2.8,2.3,2.9,3.2,2.8,2.8
SYN-08706,2.7,2.7,2.4,2.3,2.0,2.5,2.4,3.0,2.7,2.8,2.2,2.6,2.5
SYN-08707,3.0,3.0,2.6,3.5,2.7,3.2,3.4,3.5,3.7,3.4,3.3,3.6,3.0
SYN-08708,3.0,3.2,2.9,2.9,3.3,3.1,3.0,3.2,3.3,3.0,3.3,3.1,3.4
SYN-08709,2.5,1.9,2.6,2.6,2.1,2.3,2.3,2.2,2.0,2.7,2.6,2.7,2.4
SYN-08710,3.8,3.0,3.6,3.8,3.2,3.3,3.1,3.7,3.2,3.5,3.3,3.2,3.4
SYN-08711,3.2,3.1,2.7,3.2,3.2,3.4,2.7,3.4,2.8,2.6,3.2,3.3,3.3
SYN-08712,2.4,2.4,2.5,2.6,2.9,2.4,2.8,2.8,2.5,2.9,3.0,3.0,2.6
SYN-08713,3.1,2.9,2.9,2.9,2.6,2.6,2.7,3.1,3.2,2.5,2.7,2.5,2.9
SYN-08714,3.4,3.4,3.9,3.0,3.0,3.2,3.3,3.8,3.6,3.4,3.7,3.4,3.3
SYN-08715,2.8,2.4,2.5,3.3,2.9,3.0,2.7,2.7,3.2,2.5,2.8,3.1,2.5
SYN-08716,2.3,2.3,2.5,2.5,2.3,2.6,2.4,2.4,2.9,2.6,2.7,2.6,2.3
SYN-08717,2.2,2.0,2.2,2.5,1.8,2.0,2.4,2.1,1.9,1.8,2.1,2.2,2.4
SYN-08718,1.7,1.3,1.5,1.4,1.4,1.8,1.0,1.0,1.3,1.5,1.9,1.3,1.5
SYN-08719,2.3,2.6,2.1,2.3,2.0,2.2,2.0,2.2,2.3,2.4,2.9,2.6,2.5
SYN-08720,1.8,2.1,2.4,2.8,2.3,2.5,2.0,2.1,2.3,1.8,2.6,2.7,2.6
SYN-08721,3.3,3.8,3.6,3.6,3.0,4.0,4.2,3.1,3.5,3.9,3.8,3.8,3.6
SYN-08722,1.9,1.4,2.0,1.7,1.7,2.3,1.8,1.7,1.6,1.6,2.2,2.1,1.7
SYN-08723,3.2,2.4,2.7,2.7,2.4,2.7,2.3,2.9,2.6,2.5,2.5,2.7,1.9
SYN-08724,2.0,1.7,1.5,1.6,1.9,1.6,1.7,2.3,1.6,1.3,1.7,1.6,2.2
SYN-08725,2.2,2.0,2.7,2.3,2.8,2.2,1.8,2.0,1.6,1.6,2.4,2.6,2.7
SYN-08726,4.3,4.5,4.1,4.4,3.7,4.1,4.6,4.1,4.2,4.6,4.4,3.8,4.6
SYN-08727,2.0,1.3,2.0,1.7,1.6,1.1,1.9,1.8,1.8,1.8,1.7,1.4,1.9
SYN-08728,1.9,2.9,2.6,2.2,2.3,2.4,3.0,2.5,2.7,3.0,2.7,2.4,2.5
SYN-08729,1.4,1.6,1.3,1.4,1.8,1.5,1.7,1.3,2.1,1.7,2.1,1.7,1.4
SYN-08730,2.7,2.8,3.0,2.8,3.0,2.7,2.8,3.3,2.7,2.6,3.1,2.1,3.4
SYN-08731,3.2,3.3,3.0,3.5,3.1,3.4,3.5,3.6,3.4,3.2,4.0,3.1,3.3
SYN-08732,1.2,1.6,1.6,1.6,1.5,1.8,2.1,1.1,2.3,1.8,1.8,1.5,1.9
SYN-08733,3.2,3.5,3.6,3.1,3.0,3.0,3.2,3.5,3.2,2.7,2.8,3.2,3.4
SYN-08734,3.3,3.1,3.8,2.9,3.8,3.9,3.9,3.7,3.7,3.8,3.7,3.2,3.5
SYN-08735,3.1,3.5,3.2,3.0,3.7,3.9,3.0,3.0,2.9,2.8,3.4,3.4,3.0
SYN-08736,3.0,2.5,3.1,3.3,3.0,3.0,2.8,3.1,3.5,2.9,2.7,2.7,2.9
SYN-08737,2.1,2.3,1.9,2.0,1.8,2.0,1.9,1.9,1.7,1.7,2.1,1.5,2.0
SYN-08738,3.9,3.5,3.4,3.3,3.7,4.0,4.0,4.4,3.9,3.5,3.4,3.8,3.3
SYN-08739,2.2,2.3,2.6,2.4,2.6,2.4,2.0,2.9,2.9,3.1,2.8,2.6,2.5
SYN-08740,2.7,2.4,2.5,2.2,2.5,2.6,2.5,2.3,2.3,2.6,2.5,2.4,2.7
SYN-08741,2.9,2.8,3.7,2.7,3.5,3.5,3.5,3.3,3.3,3.1,3.5,3.1,2.7
SYN-08742,2.4,2.4,2.8,2.7,2.0,1.9,2.7,2.2,2.7,2.3,2.2,3.2,2.5
SYN-08743,2.5,1.5,2.3,1.9,2.5,2.0,1.9,1.9,2.4,1.7,2.0,2.5,2.4
SYN-08744,2.8,2.4,2.9,2.3,2.7,2.3,2.2,2.4,2.5,2.0,2.6,2.3,2.7
SYN-08745,2.6,2.8,2.8,2.7,2.6,3.0,2.6,2.3,2.2,2.8,2.7,3.0,3.1
SYN-08746,3.7,3.3,3.7,3.8,3.1,3.4,2.7,3.7,4.0,3.7,3.0,3.2,3.6
SYN-08747,3.0,3.3,2.9,2.4,2.7,2.7,2.9,3.0,2.4,2.9,2.4,2.9,3.3
SYN-08748,3.4,2.9,3.6,3.1,3.8,3.2,3.0,3.9,3.4,3.3,3.4,3.0,3.5
SYN-08749,2.5,1.8,2.7,2.2,2.4,2.3,2.8,2.5,2.4,2.4,2.5,2.7,2.6
SYN-08750,2.2,2.4,2.3,1.5,1.6,2.4,2.2,2.1,1.9,2.4,2.1,1.5,1.5
SYN-08751,3.4,3.1,3.0,3.3,3.4,3.7,3.3,3.5,2.9,3.7,2.7,3.4,3.1
SYN-08752,2.5,2.4,2.4,2.5,3.0,2.9,2.7,2.5,2.6,2.3,2.6,2.5,2.7
SYN-08753,2.5,2.9,2.6,2.6,2.9,3.1,2.6,2.6,2.8,2.5,2.3,2.4,3.0
SYN-08754,3.2,3.4,2.8,3.0,3.6,3.5,3.4,2.9,3.4,3.4,3.3,3.1,3.5
SYN-08755,1.9,2.1,1.6,2.2,1.8,2.2,2.2,2.2,1.8,1.7,2.2,1.7,2.6
SYN-08756,3.0,3.2,3.2,3.0,2.9,2.9,3.3,2.8,2.9,2.6,2.7,2.8,2.9
SYN-08757,2.6,2.6,2.7,2.7,3.1,2.6,2.6,2.8,2.3,2.6,2.7,2.8,2.5
SYN-08758,3.0,2.5,3.2,3.1,2.9,3.0,2.7,3.3,3.5,2.5,3.1,3.1,3.1
SYN-08759,2.9,3.0,2.5,2.8,3.7,2.7,3.5,3.3,3.0,3.1,3.5,2.8,3.0
SYN-08760,4.1,3.8,4.4,4.1,3.7,4.1,3.8,3.5,4.3,3.5,4.2,3.8,4.4
SYN-08761,1.8,1.8,1.7,1.5,1.8,1.6,1.5,1.5,1.6,1.9,1.4,1.3,1.7
SYN-08762,2.3,2.4,2.7,2.2,2.5,2.8,2.4,2.4,2.0,2.7,2.2,2.5,2.7
SYN-08763,3.2,2.1,2.7,3.2,2.9,2.6,2.6,2.7,3.2,2.2,2.7,2.9,2.6
SYN-08764,3.0,2.4,2.7,2.5,2.4,2.4,2.8,2.7,2.3,3.1,2.7,2.2,2.2
SYN-08765,2.2,3.0,2.3,2.3,2.3,2.0,1.9,2.0,2.4,2.2,2.3,2.5,2.7
SYN-08766,1.2,1.2,1.2,1.1,1.7,1.4,1.2,1.5,1.5,1.8,1.7,1.3,1.6
SYN-08767,2.1,2.2,1.7,1.9,1.9,2.2,2.2,2.4,2.4,2.4,2.7,2.0,2.1
SYN-08768,3.3,2.8,2.9,2.9,2.4,2.7,2.6,3.3,2.5,2.6,2.9,2.5,2.9
SYN-08769,3.5,3.2,3.2,3.2,2.9,3.1,3.1,3.3,2.6,3.7,3.5,3.3,3.2
SYN-08770,2.2,2.6,2.8,2.2,2.9,2.1,3.2,2.7,2.6,2.8,2.3,3.0,2.9
SYN-08771,3.3,2.9,2.4,2.5,3.2,2.9,3.1,3.3,3.2,3.2,2.7,3.6,2.6
SYN-08772,2.9,2.8,2.9,2.3,3.3,2.0,2.0,2.2,3.0,2.1,2.4,2.7,2.8
SYN-08773,2.8,3.4,2.8,3.2,3.4,2.9,2.7,2.6,3.0,3.2,2.9,2.9,2.3
SYN-08774,2.0,1.9,1.9,1.8,2.4,2.0,2.0,2.3,2.0,2.2,2.2,2.1,1.9
SYN-08775,3.1,3.1,3.6,3.0,3.1,2.9,3.0,2.9,2.7,3.1,2.9,3.3,3.4
SYN-08776,2.3,2.6,1.6,2.3,2.3,2.7,2.2,2.6,2.6,1.7,2.5,2.9,2.6
SYN-08777,2.4,2.1,2.1,2.7,1.6,2.5,2.4,2.3,2.4,2.1,2.7,2.4,2.5
SYN-08778,2.3,2.4,2.7,3.3,2.8,3.2,3.3,2.6,3.0,2.7,2.4,3.0,2.7
SYN-08779,2.5,2.9,2.4,2.4,2.8,2.8,2.7,2.8,3.0,2.4,2.9,2.8,3.5
SYN-08780,2.8,2.2,2.5,2.4,3.0,2.6,2.3,2.3,2.2,2.2,2.8,2.3,2.8
SYN-08781,3.5,3.1,3.1,3.2,3.7,3.5,2.8,3.2,3.4,3.4,2.9,3.1,3.3
SYN-08782,2.5,2.5,2.8,3.1,2.9,2.6,2.9,2.7,3.0,2.6,2.7,2.9,3.1
SYN-08783,2.6,2.6,3.0,2.5,2.5,2.3,2.1,2.4,2.4,2.3,2.3,2.8,2.0
SYN-08784,2.2,2.2,2.7,2.8,2.4,2.2,2.4,2.9,1.9,2.4,2.4,2.2,2.6
SYN-08785,2.7,2.4,3.2,2.4,2.7,2.7,2.9,2.6,2.5,3.1,2.5,2.1,2.7
SYN-08786,2.8,2.6,2.2,2.6,2.4,2.5,2.2,2.6,2.6,2.2,2.8,2.5,2.8
SYN-08787,1.9,2.5,2.2,2.2,2.7,2.2,2.2,2.2,2.4,2.1,1.9,2.0,2.1
SYN-08788,2.6,2.6,2.9,2.9,2.3,2.8,3.2,2.7,2.6,3.4,2.8,2.7,2.9
SYN-08789,2.5,2.5,2.7,3.0,3.1,2.6,2.4,2.6,2.6,2.5,2.9,3.1,3.1
SYN-08790,2.6,2.3,2.9,2.4,2.1,3.0,2.4,2.9,2.5,2.2,2.4,1.6,2.2
SYN-08791,3.7,3.4,3.5,3.8,3.9,3.9,3.8,3.2,3.1,3.0,3.6,3.8,3.6
SYN-08792,2.8,3.2,2.8,2.6,2.1,3.1,2.6,2.9,2.1,2.9,2.7,2.1,2.3
SYN-08793,1.9,1.9,1.8,2.1,2.4,2.3,2.0,2.4,3.0,2.2,1.8,2.2,2.2
SYN-08794,2.5,3.1,2.8,3.3,3.0,2.9,3.3,2.8,2.6,3.0,2.5,2.7,3.3
SYN-08795,1.8,2.0,1.2,2.2,1.7,1.8,2.2,2.0,1.9,2.0,2.1,1.9,2.0
SYN-08796,3.1,3.2,3.3,3.1,3.6,3.8,3.6,3.7,3.7,3.4,3.4,3.9,3.1
SYN-08797,2.7,2.6,2.2,2.9,3.0,2.8,2.6,2.5,2.6,3.1,2.6,2.5,2.2
SYN-08798,2.1,2.1,2.4,2.7,2.5,2.1,2.1,2.0,2.5,2.7,2.4,2.3,2.0
SYN-08799,2.3,2.6,2.5,2.4,2.4,2.7,2.6,2.0,2.4,2.7,2.2,2.2,2.9
SYN-08800,3.6,3.2,2.8,3.0,3.4,2.5,3.2,3.3,3.1,2.6,3.1,3.4,3.1
SYN-08801,1.3,1.9,1.3,1.2,1.6,1.2,1.0,1.3,1.3,1.8,1.1,1.7,1.4
SYN-08802,2.2,2.3,2.9,2.5,2.4,2.5,2.9,2.5,2.6,2.7,2.1,2.9,2.5
SYN-08803,3.5,3.0,3.0,3.0,2.5,2.9,2.9,2.8,3.0,2.7,2.9,3.0,3.1
SYN-08804,3.5,3.5,3.8,3.7,3.3,3.4,2.9,3.9,3.4,3.2,3.3,3.7,3.5
SYN-08805,1.4,1.4,2.3,1.6,1.7,2.0,1.5,1.6,1.6,2.2,1.9,1.8,1.6
SYN-08806,2.2,1.3,1.1,1.3,1.3,1.4,1.8,2.0,2.0,1.0,1.5,1.6,1.5
SYN-08807,2.6,2.9,2.5,2.3,2.6,1.7,2.9,2.4,2.8,2.6,2.5,2.7,2.8
SYN-08808,2.7,2.8,2.9,3.1,2.8,2.7,3.6,2.7,2.9,3.2,2.9,2.5,3.4
SYN-08809,2.5,2.8,1.9,2.2,2.7,1.8,2.0,2.9,2.4,2.3,2.1,2.7,2.6
SYN-08810,2.7,3.2,2.2,2.8,2.5,3.4,2.7,2.2,2.6,2.4,2.9,2.9,2.4
SYN-08811,2.8,2.6,2.9,2.6,2.8,2.9,2.9,2.7,3.0,2.2,2.8,2.6,2.7
SYN-08812,3.4,3.5,3.4,3.5,2.9,2.5,3.3,2.9,2.9,2.9,2.7,3.3,3.4
SYN-08813,2.7,3.5,3.1,3.4,2.9,3.7,2.9,3.1,3.1,3.1,3.4,2.6,3.0
SYN-08814,2.3,1.9,1.6,1.8,2.4,2.1,2.1,1.7,2.3,2.2,2.0,2.3,1.7
SYN-08815,2.5,2.1,2.2,1.9,2.2,1.9,2.1,2.0,2.6,2.3,2.3,2.3,2.3
SYN-08816,1.7,2.3,1.4,1.9,1.9,1.6,2.0,1.7,1.3,1.8,1.7,1.6,2.2
SYN-08817,3.1,3.7,4.1,4.2,4.1,3.3,3.5,3.3,3.8,4.0,3.2,3.9,3.8
SYN-08818,2.6,2.2,1.9,2.2,2.6,2.4,2.2,2.5,1.9,2.3,2.3,2.0,2.3
SYN-08819,2.3,2.0,2.8,2.3,2.5,2.9,2.0,3.0,2.2,2.4,2.8,2.4,2.4
SYN-08820,2.8,2.5,2.5,2.3,2.4,1.9,2.3,2.8,1.9,2.6,2.4,2.1,1.7
SYN-08821,3.6,3.6,2.8,3.2,3.5,3.8,3.7,3.2,3.4,3.3,3.4,3.7,3.4
SYN-08822,2.8,2.7,2.0,1.9,1.9,2.3,1.7,2.0,1.9,2.9,2.0,1.6,2.1
SYN-08823,3.3,3.8,3.6,3.7,3.1,3.5,4.0,3.5,3.6,3.7,3.4,3.3,4.4
SYN-08824,2.0,1.8,2.2,1.9,2.0,2.0,2.1,1.5,1.8,2.1,1.8,1.5,1.7
SYN-08825,1.7,1.2,2.1,1.3,2.0,2.1,1.4,1.9,1.9,1.6,2.1,1.8,1.8
SYN-08826,2.8,2.5,2.3,1.9,2.3,1.8,2.7,2.2,2.2,2.6,2.2,2.8,2.1
SYN-08827,3.8,4.1,4.7,4.0,3.6,3.3,4.2,3.7,4.0,3.5,4.5,3.5,3.3
SYN-08828,1.8,1.0,1.8,1.6,1.0,1.9,1.5,1.4,1.6,1.5,1.4,1.2,1.4
SYN-08829,2.6,2.8,3.1,2.6,2.8,2.9,2.9,2.8,3.0,3.2,3.6,3.2,2.5
SYN-08830,2.9,2.4,2.7,2.6,2.5,2.9,2.5,3.2,2.5,3.0,2.8,3.0,2.6
SYN-08831,3.0,2.9,2.5,2.4,2.9,2.8,2.5,2.9,2.5,2.9,2.5,2.5,2.7
SYN-08832,3.7,3.6,4.0,4.0,3.5,3.6,4.2,3.6,4.1,3.6,3.5,3.6,3.6
SYN-08833,2.6,2.1,2.3,2.0,2.3,2.0,2.2,2.1,2.4,2.3,2.4,2.8,2.2
SYN-08834,2.9,3.1,3.3,2.9,2.1,2.6,2.3,3.1,2.7,2.7,2.6,3.1,3.0
SYN-08835,2.3,2.6,2.4,2.9,2.8,2.9,2.7,2.6,2.9,2.6,2.8,2.8,2.7
SYN-08836,2.2,1.6,3.0,2.5,2.3,2.3,2.1,1.9,2.6,2.7,2.1,2.6,2.7
SYN-08837,2.3,1.8,2.0,2.2,2.1,2.6,2.7,2.6,2.8,2.1,2.6,2.5,2.3
SYN-08838,3.3,2.5,2.4,2.3,2.8,3.1,2.7,2.7,2.8,2.4,2.8,3.6,2.5
SYN-08839,2.6,2.6,2.4,2.6,2.6,2.4,2.5,2.8,2.7,2.2,2.6,2.2,2.3
SYN-08840,3.2,3.0,2.8,2.2,2.5,2.4,2.8,2.5,2.5,3.0,2.4,1.9,2.6
SYN-08841,2.3,2.3,2.2,2.5,2.3,2.3,2.0,1.3,2.0,2.8,2.0,2.2,1.9
SYN-08842,2.6,2.3,2.5,2.5,2.2,2.5,2.6,1.7,2.3,2.7,2.3,3.2,2.1
SYN-08843,3.2,3.0,2.5,3.2,3.1,2.9,3.4,2.6,2.8,2.9,3.0,3.3,3.1
SYN-08844,2.8,1.9,2.0,1.8,2.7,1.7,2.0,2.3,1.6,2.4,2.7,2.2,2.5
SYN-08845,3.5,3.1,3.4,2.9,2.9,3.1,3.1,3.2,3.3,3.3,3.5,3.6,2.9
SYN-08846,3.2,3.3,3.5,3.2,2.9,3.3,3.9,2.8,3.2,3.4,2.9,3.6,2.9
SYN-08847,3.2,2.9,3.2,3.0,2.9,3.4,3.3,2.9,3.6,3.1,3.4,2.8,2.9
SYN-08848,3.2,3.5,3.2,3.4,3.0,3.4,3.6,3.0,4.0,3.2,3.6,2.7,3.5
SYN-08849,3.2,3.6,3.4,3.2,3.7,3.3,3.4,3.3,3.4,3.3,3.5,2.8,3.4
SYN-08850,3.0,3.3,2.6,3.0,3.2,3.1,2.7,3.2,3.1,3.0,3.4,2.4,3.0
SYN-08851,2.9,2.2,2.3,2.8,2.5,2.6,2.6,2.9,2.6,2.7,2.9,3.0,2.7
SYN-08852,1.1,1.9,1.2,1.8,1.2,2.1,1.6,1.8,1.3,1.5,1.7,1.9,1.3
SYN-08853,2.0,1.6,2.2,2.0,2.0,1.4,2.1,1.7,1.6,1.9,2.1,1.7,1.9
SYN-08854,2.3,2.7,2.5,2.4,2.4,3.2,2.4,2.9,3.0,2.8,2.7,2.3,2.5
SYN-08855,3.1,2.4,3.2,3.3,3.3,3.0,2.8,3.2,2.7,3.2,3.0,2.8,3.4
SYN-08856,3.5,3.5,3.4,3.3,3.3,3.4,2.9,3.2,3.3,3.1,3.5,3.7,3.2
SYN-08857,2.4,2.3,2.4,2.4,2.5,2.5,2.7,2.4,1.9,2.9,3.1,2.8,2.3
SYN-08858,3.2,3.3,3.5,3.4,3.1,3.4,3.2,3.2,3.3,3.2,3.0,2.9,3.1
SYN-08859,3.0,2.9,3.1,2.7,2.6,2.8,2.9,2.7,2.6,2.8,2.3,2.3,2.7
SYN-08860,3.0,2.4,2.8,2.5,2.5,2.7,3.1,3.1,2.2,2.2,3.1,3.4,2.7
SYN-08861,2.9,3.3,3.1,3.3,3.1,3.3,3.0,3.1,2.7,3.5,3.3,2.9,3.0
SYN-08862,3.2,3.1,2.8,3.3,2.8,3.5,3.6,3.2,3.2,2.8,3.1,2.8,3.4
SYN-08863,2.1,2.2,2.0,2.4,2.3,1.7,1.6,2.2,2.4,2.3,2.4,2.8,2.2
SYN-08864,2.9,2.3,2.4,2.4,2.2,2.8,2.8,1.9,2.2,2.9,2.4,2.5,2.4
SYN-08865,3.5,3.8,3.3,3.6,4.1,3.8,3.6,3.5,3.9,4.1,4.0,3.8,3.8
SYN-08866,1.6,1.1,1.4,1.4,1.4,1.8,1.7,1.4,1.9,2.2,1.8,2.4,1.7
SYN-08867,4.1,3.8,4.1,3.4,3.4,3.7,3.3,3.1,3.0,3.5,4.0,3.7,3.3
SYN-08868,2.2,2.3,1.8,2.5,2.3,2.5,2.3,2.2,1.8,2.7,2.4,2.6,2.0
SYN-08869,3.1,3.1,2.7,3.3,2.6,3.2,3.0,2.9,3.1,3.2,3.0,3.2,2.3
SYN-08870,3.2,3.2,3.0,3.5,3.3,3.2,3.3,3.7,3.9,3.7,3.0,3.1,3.3
SYN-08871,3.9,4.1,3.9,3.9,4.0,3.6,4.0,3.8,4.1,3.3,3.7,3.9,4.2
SYN-08872,2.9,2.5,2.9,2.9,2.8,2.5,2.8,2.9,2.8,2.4,2.8,3.0,2.7
SYN-08873,4.1,4.4,4.1,3.6,3.9,3.7,3.9,4.4,3.7,3.5,3.8,3.6,3.8
SYN-08874,1.9,2.2,1.7,2.3,1.6,1.6,1.9,2.2,1.4,2.0,2.0,1.8,1.8
SYN-08875,1.8,2.3,2.5,1.8,1.9,1.9,2.0,2.4,1.8,2.0,1.9,1.5,2.2
SYN-08876,2.9,3.1,2.4,2.9,3.0,2.9,2.9,3.2,2.4,3.0,2.7,2.3,2.1
SYN-08877,1.6,2.1,1.8,1.8,2.0,1.9,1.6,2.1,1.3,2.2,1.3,1.7,1.4
SYN-08878,2.1,2.0,2.6,2.3,2.4,1.9,2.1,2.6,2.4,2.0,2.2,2.4,2.9
SYN-08879,2.7,3.0,2.5,2.2,2.6,2.9,2.0,1.8,1.7,2.8,2.6,2.4,2.2
SYN-08880,3.2,3.1,3.0,2.7,2.8,3.3,3.0,3.4,3.3,2.8,2.9,3.3,3.4
SYN-08881,2.9,2.5,2.7,2.5,3.3,2.9,2.7,2.6,2.2,2.7,2.8,2.5,3.0
SYN-08882,2.2,2.6,2.7,2.5,2.3,2.5,2.2,2.5,2.6,2.5,2.3,2.4,3.0
SYN-08883,3.6,3.0,2.9,3.1,2.7,2.9,3.4,3.4,3.5,2.7,3.2,3.2,2.9
SYN-08884,2.9,3.2,2.5,3.0,2.2,2.5,2.6,3.1,2.1,3.1,2.1,2.8,2.6
SYN-08885,4.1,3.8,3.8,3.5,4.2,3.7,4.2,3.7,4.0,3.3,3.6,3.6,3.7
SYN-08886,2.3,2.8,3.0,3.1,2.9,2.5,3.1,2.6,3.0,2.7,3.4,2.7,2.7
SYN-08887,3.5,3.4,3.5,3.5,3.7,3.2,4.4,3.8,3.6,3.2,3.2,3.9,3.7
SYN-08888,2.4,2.7,2.5,3.2,3.2,2.9,2.8,3.2,3.3,2.8,3.0,2.9,2.6
SYN-08889,2.9,2.8,3.1,3.0,3.1,3.4,3.0,3.4,2.9,3.0,3.1,3.3,3.1
SYN-08890,1.0,1.3,1.0,1.2,1.2,1.2,1.3,1.1,1.8,1.1,1.0,1.0,1.0
SYN-08891,2.2,2.2,2.6,1.9,1.9,2.0,2.3,1.9,2.2,2.7,2.4,2.0,2.5
SYN-08892,3.2,2.8,2.7,2.8,2.4,2.5,2.6,2.6,2.7,2.5,3.1,2.9,2.7
SYN-08893,2.4,2.2,1.9,2.2,2.0,2.2,2.3,2.1,2.4,2.6,2.9,2.6,2.7
SYN-08894,2.9,2.6,2.6,2.9,2.9,3.2,2.8,3.0,3.0,2.5,3.1,2.7,2.7
SYN-08895,1.7,1.5,2.0,2.0,1.6,1.8,2.2,1.4,1.7,1.4,1.8,1.1,1.8
SYN-08896,2.5,2.2,2.3,2.0,2.4,2.6,2.7,2.2,2.0,1.9,2.7,2.1,2.1
SYN-08897,1.1,1.7,2.7,2.4,1.8,2.2,1.6,2.3,1.9,2.0,1.7,2.0,2.7
SYN-08898,3.0,2.5,2.0,2.5,2.7,2.5,2.7,2.6,3.0,2.1,2.6,2.8,1.9
SYN-08899,2.9,3.5,3.2,3.3,2.9,2.8,3.2,3.6,3.0,3.2,3.3,3.5,3.4
SYN-08900,3.9,3.2,3.6,3.6,3.4,3.4,4.0,3.3,3.0,3.4,3.2,3.8,3.6
SYN-08901,3.8,3.3,3.3,3.9,3.6,3.5,3.5,3.3,3.4,3.6,4.0,3.7,3.1
SYN-08902,3.3,3.3,3.6,3.4,3.1,3.2,3.0,3.2,4.0,3.4,2.5,3.2,3.6
SYN-08903,3.1,3.0,3.1,2.8,2.9,2.8,2.9,2.8,3.0,3.3,2.4,3.0,3.1
SYN-08904,2.0,1.6,1.7,2.1,1.9,1.8,1.7,2.0,1.8,2.2,1.6,1.8,2.2
SYN-08905,3.9,3.5,4.4,4.0,4.1,3.6,3.7,3.8,3.6,3.8,3.6,3.3,3.5
SYN-08906,2.9,3.0,3.0,3.2,3.6,3.0,2.9,3.5,3.1,3.1,3.4,2.9,3.0
SYN-08907,2.8,3.3,2.3,2.9,2.6,2.4,2.6,2.8,2.9,2.7,3.0,2.3,2.7
SYN-08908,3.0,3.0,3.4,3.0,2.4,3.1,2.7,3.3,3.2,2.4,2.9,2.7,2.7
SYN-08909,4.0,3.5,3.8,3.7,3.4,3.5,3.0,3.3,3.4,3.4,3.4,3.3,3.4
SYN-08910,1.5,2.6,1.6,1.9,2.2,2.4,2.4,2.0,1.7,2.4,1.9,1.6,2.0
SYN-08911,2.4,2.2,2.5,1.8,2.0,2.5,2.3,2.4,3.0,2.5,2.0,2.7,2.4
SYN-08912,1.8,1.4,1.6,1.6,1.3,1.0,1.8,1.6,1.5,1.1,1.0,1.3,1.7
SYN-08913,2.2,1.4,2.2,1.6,2.0,1.9,2.8,1.5,1.7,1.3,2.1,2.5,2.3
SYN-08914,3.3,3.9,4.1,3.7,3.5,4.1,3.9,4.2,4.1,4.8,4.1,3.8,3.4
SYN-08915,2.6,2.8,2.9,3.1,2.3,3.3,2.6,2.5,3.3,2.4,2.4,2.5,2.7
SYN-08916,2.6,2.5,2.6,2.2,2.2,2.3,2.3,2.2,2.4,2.3,2.3,2.0,2.5
SYN-08917,2.6,2.8,2.5,2.5,2.2,2.5,2.7,2.6,3.0,2.6,2.8,2.8,2.7
SYN-08918,3.2,3.4,3.0,3.6,3.1,3.4,3.3,3.7,3.4,3.8,3.4,3.5,3.0
SYN-08919,3.0,3.0,2.5,2.4,3.4,2.8,2.9,3.2,2.8,2.6,2.7,3.1,2.4
SYN-08920,3.2,3.1,3.4,3.4,3.6,3.2,3.4,2.9,3.0,3.6,2.9,3.9,3.1
SYN-08921,2.0,2.1,1.7,2.1,2.3,1.8,1.7,2.3,1.7,1.8,2.3,2.2,2.3
SYN-08922,3.1,3.1,3.5,3.5,3.4,3.7,3.4,3.4,3.8,3.1,3.5,3.5,3.2
SYN-08923,3.8,3.8,3.6,3.4,3.5,3.8,3.6,3.4,4.3,3.8,3.8,3.3,4.1
SYN-08924,2.3,2.0,1.8,1.9,1.8,1.7,1.8,2.0,2.0,2.6,2.2,1.3,2.1
SYN-08925,3.9,3.4,2.9,3.4,3.0,2.8,3.1,3.5,3.5,3.0,2.9,3.6,3.5
SYN-08926,3.1,3.0,3.3,3.0,3.7,3.2,3.8,2.9,2.9,3.3,3.3,3.2,3.0
SYN-08927,2.9,2.8,2.5,2.8,2.9,2.5,3.2,3.5,3.0,2.5,2.9,2.9,3.0
SYN-08928,3.3,2.5,2.9,3.0,3.0,3.1,2.8,2.8,2.8,2.8,2.6,2.8,2.9
SYN-08929,1.8,2.1,1.7,1.8,1.9,2.3,2.0,2.2,2.0,2.1,1.9,1.9,2.2
SYN-08930,2.1,2.5,2.6,2.7,2.6,2.6,2.2,2.4,2.9,3.0,2.7,2.3,2.8
SYN-08931,3.0,2.6,2.8,3.8,3.0,2.7,2.5,2.8,3.0,3.6,3.0,2.9,3.1
SYN-08932,3.7,3.8,4.2,4.3,3.5,4.9,4.0,3.8,4.4,4.9,3.6,4.4,3.6
SYN-08933,2.0,1.3,1.7,2.1,2.3,2.2,2.2,1.9,1.9,2.1,1.9,2.0,2.0
SYN-08934,3.7,3.4,3.5,3.4,2.8,3.6,3.2,3.4,3.4,3.6,3.0,3.9,3.5
SYN-08935,3.0,3.1,3.4,3.1,3.0,3.1,3.3,2.9,3.1,3.1,3.2,3.3,3.1
SYN-08936,1.5,1.8,1.1,1.3,1.3,1.4,1.2,1.9,1.5,1.1,1.2,1.7,1.1
SYN-08937,3.2,3.1,3.1,3.1,2.8,3.0,2.8,2.9,2.9,3.0,3.0,3.2,3.1
SYN-08938,2.4,2.3,2.3,2.6,2.4,2.5,3.0,2.2,2.3,2.9,2.5,2.5,3.1
SYN-08939,4.2,3.8,3.3,3.5,3.0,3.5,3.5,3.4,3.5,4.0,3.4,3.5,3.5
SYN-08940,2.9,2.6,2.6,3.0,2.6,2.5,2.7,2.6,2.6,2.9,2.5,2.4,2.8
SYN-08941,3.5,3.4,3.0,4.0,3.5,3.4,3.0,3.2,3.5,3.5,3.2,3.9,3.5
SYN-08942,1.9,1.9,1.8,1.8,2.1,2.2,2.5,2.3,2.4,1.9,2.2,2.1,1.7
SYN-08943,3.0,3.2,2.7,3.2,3.0,2.8,3.0,3.3,3.4,2.9,3.2,3.3,2.9
SYN-08944,3.0,2.4,2.7,2.9,2.4,2.7,3.3,2.9,3.3,3.1,2.5,2.6,2.9
SYN-08945,2.4,2.4,2.2,2.2,2.5,1.9,2.0,2.4,2.1,2.4,2.3,1.7,2.1
SYN-08946,2.8,2.4,3.0,2.3,3.1,2.5,2.8,2.8,3.0,2.6,2.8,2.4,2.5
SYN-08947,2.3,2.3,1.6,2.4,2.5,2.0,2.8,2.2,2.5,2.7,2.4,2.5,2.5
SYN-08948,3.4,3.3,3.3,3.0,3.7,3.3,3.2,2.9,3.6,3.0,3.4,3.2,3.5
SYN-08949,3.0,2.3,2.2,2.7,2.9,2.5,2.6,2.2,2.9,2.6,2.9,2.7,2.5
SYN-08950,3.0,2.8,2.3,3.0,3.1,2.5,2.7,3.3,2.6,2.4,2.5,2.6,3.1
SYN-08951,3.2,3.6,3.5,3.4,3.4,2.7,3.5,3.7,3.2,3.7,3.2,3.3,3.4
SYN-08952,3.4,2.4,3.2,3.1,3.2,3.0,2.9,3.6,2.8,3.0,3.6,3.3,2.5
SYN-08953,2.5,3.1,2.8,3.6,2.9,3.0,2.9,3.2,3.5,2.9,3.3,3.0,2.9
SYN-08954,2.2,1.8,2.7,2.2,1.8,2.0,1.8,2.3,2.6,1.9,1.8,1.5,1.8
SYN-08955,2.3,3.2,2.2,2.8,2.8,2.6,2.5,3.2,2.8,2.3,2.6,2.6,2.5
SYN-08956,3.0,3.3,3.1,3.2,3.2,3.3,3.5,2.8,2.5,3.2,3.6,3.1,2.7
SYN-08957,3.9,3.3,3.8,3.2,3.6,4.4,3.4,3.9,3.9,3.4,4.2,3.6,3.8
SYN-08958,1.3,1.5,2.1,1.1,1.4,1.7,1.0,1.2,1.6,1.1,1.2,1.0,1.1
SYN-08959,1.9,2.5,1.8,2.3,2.5,2.4,2.7,2.6,2.0,2.5,1.8,2.4,2.2
SYN-08960,2.3,2.3,2.5,2.4,2.2,1.7,2.6,2.0,1.9,2.0,2.6,2.3,2.5
SYN-08961,1.9,2.2,2.8,2.1,1.9,2.1,2.4,2.7,1.5,2.2,2.1,2.1,2.0
SYN-08962,1.4,1.3,1.4,1.6,1.6,1.8,1.7,1.7,1.9,1.3,1.5,1.5,1.6
SYN-08963,3.5,3.3,3.6,3.7,3.1,2.7,3.6,3.2,3.2,3.4,3.2,3.2,3.3
SYN-08964,2.8,2.9,3.4,3.4,3.1,3.1,3.3,3.0,3.2,3.7,3.6,2.8,3.2
SYN-08965,2.7,3.3,2.8,3.6,2.7,2.8,2.7,2.9,3.2,3.4,2.8,3.3,3.0
SYN-08966,2.1,2.9,2.5,2.4,3.1,2.8,3.3,2.5,2.7,2.2,2.8,2.4,2.2
SYN-08967,2.2,2.4,3.1,2.4,2.3,2.6,2.4,1.9,2.5,2.8,2.3,2.5,2.4
SYN-08968,2.4,2.0,2.0,2.2,2.0,1.9,2.3,2.4,1.9,2.0,2.1,2.3,2.0
SYN-08969,2.8,3.1,2.6,2.9,1.9,3.0,3.0,3.0,2.3,2.7,3.1,3.6,3.1
SYN-08970,2.8,2.6,2.3,2.5,2.7,2.2,1.8,2.3,2.1,2.0,2.2,2.0,2.0
SYN-08971,2.9,3.0,3.0,3.5,2.7,3.4,3.8,2.8,3.1,3.1,2.6,3.3,3.2
SYN-08972,2.4,2.2,2.1,1.9,1.5,2.2,2.5,1.6,2.3,2.0,1.8,2.5,2.2
SYN-08973,3.7,3.2,4.1,3.4,3.7,3.9,3.7,3.9,3.9,4.3,3.2,3.6,4.1
SYN-08974,2.6,2.0,3.1,2.7,2.3,2.7,2.8,2.4,2.6,2.8,2.4,2.9,3.2
SYN-08975,1.9,2.5,2.6,2.5,2.7,2.5,2.7,2.7,2.1,2.0,2.1,2.9,2.2
SYN-08976,2.4,2.7,2.4,2.6,2.6,2.2,2.0,2.7,2.5,2.2,2.7,2.3,2.5
SYN-08977,3.5,3.3,3.2,3.8,3.9,3.2,3.4,3.6,3.5,3.9,3.6,3.5,2.9
SYN-08978,2.4,2.8,2.8,3.0,3.2,2.9,2.8,3.1,2.9,3.1,2.6,3.1,2.8
SYN-08979,4.2,3.9,3.9,3.7,4.3,4.0,4.4,4.0,3.5,4.2,4.3,3.8,3.6
SYN-08980,3.9,3.4,3.7,3.2,3.4,3.3,3.3,3.4,2.6,3.6,3.6,3.2,3.5
SYN-08981,2.6,2.0,2.2,2.0,1.7,2.1,2.0,2.3,2.6,2.3,2.1,2.0,2.5
SYN-08982,3.0,2.6,2.7,2.8,2.4,2.6,2.4,3.1,2.3,2.5,2.8,2.7,2.6
SYN-08983,3.2,2.9,2.7,2.7,2.6,2.6,2.7,2.7,2.6,3.0,3.0,2.5,3.1
SYN-08984,2.6,2.4,2.5,3.1,3.2,2.7,3.0,2.7,3.5,2.2,3.0,2.9,3.4
SYN-08985,3.7,3.0,3.4,3.7,3.3,3.5,3.4,3.4,3.4,3.5,3.8,3.3,3.5
SYN-08986,2.7,2.7,2.0,2.3,2.3,2.3,2.4,2.2,1.7,2.2,2.8,2.5,2.4
SYN-08987,2.2,2.2,3.0,2.4,2.1,2.5,2.4,2.1,2.5,2.6,2.1,1.8,2.4
SYN-08988,3.0,3.2,3.3,3.5,3.0,3.0,3.2,2.7,3.0,3.3,3.1,3.4,2.9
SYN-08989,3.4,3.0,3.0,3.3,2.6,2.9,3.1,3.2,2.3,2.8,3.0,3.0,3.2
SYN-08990,2.2,2.0,2.5,2.0,2.2,2.1,2.2,1.8,2.2,2.6,2.3,1.7,1.9
SYN-08991,1.3,1.5,1.1,1.8,2.1,1.9,1.8,1.9,2.0,1.8,1.2,2.0,1.7
SYN-08992,3.8,4.0,3.8,3.8,4.5,3.3,3.9,3.6,3.6,3.5,3.9,4.1,4.1
SYN-08993,3.6,3.5,3.3,3.6,3.8,3.4,3.3,4.0,3.2,3.8,3.2,3.4,3.8
SYN-08994,2.3,2.1,2.7,1.8,2.4,2.6,2.2,2.2,2.3,1.8,2.0,2.5,2.0
SYN-08995,2.5,2.2,2.4,2.8,2.2,2.1,2.9,2.6,2.3,2.8,2.3,2.5,2.4
SYN-08996,2.1,3.0,2.5,3.1,2.7,2.5,2.4,2.7,2.8,3.0,2.9,2.6,2.8
SYN-08997,2.9,3.5,3.0,3.2,2.4,3.2,3.2,3.6,2.9,3.6,3.1,3.5,3.2
SYN-08998,2.4,3.0,2.4,2.4,2.6,2.5,2.7,2.6,2.7,2.7,2.2,1.9,2.6
SYN-08999,2.2,2.2,2.4,2.5,2.4,2.7,2.2,3.0,2.7,2.4,3.1,1.8,2.8
SYN-09000,2.6,3.0,2.5,2.3,2.7,2.5,2.7,2.7,2.2,2.9,1.8,3.5,2.7
SYN-09001,1.9,1.7,2.3,2.3,2.1,2.0,2.3,1.5,1.7,2.3,2.0,2.4,1.8
SYN-09002,3.2,3.1,3.8,3.2,3.6,3.4,3.0,3.4,3.4,2.9,3.2,3.3,3.7
SYN-09003,3.3,2.9,2.6,3.4,3.2,2.6,2.6,2.9,3.5,2.8,2.8,2.3,3.0
SYN-09004,2.7,2.4,2.2,1.9,1.6,2.3,2.0,2.3,1.5,2.3,2.7,1.9,1.3
SYN-09005,3.3,2.0,3.3,2.9,3.7,2.5,3.0,2.3,3.3,3.1,3.0,3.2,2.4
SYN-09006,2.5,2.9,1.9,2.6,2.5,2.1,2.3,3.1,2.5,2.9,2.3,2.5,2.2
SYN-09007,2.9,2.5,2.3,2.6,3.3,2.2,2.8,2.7,2.8,2.5,3.1,2.8,3.4
SYN-09008,1.2,1.7,1.5,1.4,1.1,2.1,1.3,1.7,1.3,1.8,1.2,2.0,1.2
SYN-09009,2.6,2.6,2.5,2.3,2.5,2.6,2.2,2.3,2.2,2.6,3.2,2.6,2.2
SYN-09010,3.5,3.7,3.6,3.7,3.0,3.7,3.6,3.2,4.2,2.9,3.9,3.4,3.4
SYN-09011,2.2,1.5,2.9,2.1,1.6,2.0,2.0,2.1,1.8,2.4,2.4,2.7,2.2
SYN-09012,2.8,3.0,1.9,3.2,2.7,2.3,2.4,2.3,2.1,2.9,3.1,1.9,3.0
SYN-09013,3.4,3.6,3.1,3.4,3.9,3.1,3.7,3.8,3.3,3.1,3.4,4.0,3.7
SYN-09014,4.1,3.1,3.6,3.7,3.4,3.6,3.8,3.5,3.6,4.0,3.5,4.0,3.6
SYN-09015,2.9,3.6,3.2,2.3,2.5,2.9,3.0,3.2,3.2,2.9,3.1,3.0,3.0
SYN-09016,3.4,4.5,3.3,3.3,3.6,4.1,3.6,3.7,4.2,3.7,3.3,4.0,3.6
SYN-09017,3.3,3.1,3.4,3.1,3.4,3.3,3.7,3.0,3.1,3.6,3.2,3.1,3.4
SYN-09018,1.6,1.2,1.0,2.1,1.9,2.1,1.2,2.3,1.6,1.1,1.9,1.5,2.1
SYN-09019,2.7,3.3,2.6,3.0,3.3,3.4,2.3,3.1,3.3,2.9,2.9,2.3,3.1
SYN-09020,2.8,2.6,2.7,2.6,2.9,2.9,3.0,2.9,3.1,3.3,2.5,2.5,2.7
SYN-09021,1.9,2.5,2.1,1.9,2.1,2.0,2.2,2.1,2.1,2.4,1.8,2.0,2.3
SYN-09022,1.8,1.3,1.4,1.3,1.6,1.9,1.8,1.6,1.2,2.0,1.5,1.6,1.6
SYN-09023,2.7,3.6,3.7,3.1,2.7,3.5,3.4,3.1,4.0,3.5,2.9,2.7,3.1
SYN-09024,3.3,2.5,2.6,2.3,2.5,2.6,2.7,2.6,2.6,2.4,2.8,3.0,3.0
SYN-09025,2.5,2.3,2.8,3.1,2.8,2.6,3.0,3.5,2.4,3.2,2.7,2.6,3.0
SYN-09026,3.0,2.7,3.1,3.1,3.1,3.1,3.0,3.4,3.2,2.6,2.5,3.5,3.3
SYN-09027,3.8,3.6,3.8,4.0,3.8,3.9,4.3,3.4,3.7,4.0,3.5,3.7,3.2
SYN-09028,2.9,2.2,2.3,2.1,2.4,2.4,1.8,1.8,2.6,2.6,2.5,1.8,2.6
SYN-09029,2.1,2.4,2.2,3.4,2.5,2.5,2.6,2.7,2.2,2.9,2.4,1.8,2.2
SYN-09030,3.1,2.7,2.4,2.8,2.1,2.8,2.9,2.3,2.7,2.8,1.9,2.2,2.4
SYN-09031,2.5,2.4,2.3,2.3,2.1,1.8,2.3,2.2,2.3,2.2,2.5,1.9,2.4
SYN-09032,3.4,3.9,3.9,3.5,4.1,4.0,3.7,3.7,3.8,3.5,3.7,4.1,4.2
SYN-09033,3.8,3.5,3.3,3.1,3.1,3.2,3.5,3.3,3.2,3.9,2.9,3.4,2.7
SYN-09034,3.0,2.8,3.1,3.1,2.8,2.8,2.8,3.8,2.7,3.2,2.5,3.0,3.5
SYN-09035,3.4,3.0,3.3,3.0,3.0,2.6,2.7,3.0,3.4,3.4,2.7,3.1,3.5
SYN-09036,2.9,2.7,2.4,2.7,2.9,2.6,2.7,2.4,2.8,2.6,2.4,2.9,3.0
SYN-09037,1.0,1.2,1.1,1.3,1.5,1.0,1.6,1.1,1.1,1.4,1.7,1.4,1.3
SYN-09038,3.8,4.0,3.8,3.6,4.0,4.3,3.9,4.5,3.9,3.7,4.7,4.0,3.9
SYN-09039,2.6,2.6,2.4,2.5,2.4,2.1,2.3,2.2,2.5,2.3,3.1,2.6,1.9
SYN-09040,2.8,3.2,3.4,3.3,3.4,3.0,3.8,3.0,3.5,2.8,2.8,3.3,3.4
SYN-09041,3.1,3.6,3.4,3.4,3.4,3.4,3.0,3.8,3.6,3.3,3.6,3.8,3.6
SYN-09042,2.8,2.4,2.4,2.1,2.7,2.6,1.9,1.9,3.1,2.1,2.8,2.2,3.0
SYN-09043,4.2,4.2,3.7,4.1,3.9,3.5,3.9,3.7,3.7,4.1,3.5,4.4,4.2
SYN-09044,3.3,3.8,3.1,3.4,3.5,3.0,3.6,3.1,3.6,3.4,3.1,3.3,3.5
SYN-09045,2.5,1.7,2.4,2.0,1.9,2.3,2.0,2.3,2.0,2.4,2.5,2.6,2.1
SYN-09046,3.1,2.9,3.1,3.0,3.4,3.2,3.2,3.5,3.5,3.1,2.2,3.5,3.5
SYN-09047,3.2,3.5,3.9,3.9,3.1,3.3,2.9,3.3,3.2,2.7,3.7,3.9,3.8
SYN-09048,3.0,2.2,3.3,2.7,2.8,3.0,2.9,3.2,2.5,3.1,2.3,2.8,2.5
SYN-09049,3.2,3.5,3.4,3.1,2.7,2.7,3.5,3.1,2.9,2.8,3.3,3.6,3.0
SYN-09050,2.9,2.3,2.8,3.1,2.4,2.9,2.7,2.6,2.2,2.2,2.7,2.6,2.7
SYN-09051,2.9,2.0,2.9,2.1,2.4,2.3,2.2,3.0,2.5,2.9,2.1,2.4,2.1
SYN-09052,2.3,2.9,2.8,3.0,3.5,2.4,2.7,3.0,2.6,2.9,2.7,2.7,2.5
SYN-09053,2.9,2.9,2.7,3.0,2.7,3.5,3.1,3.1,2.3,2.8,2.6,2.7,2.9
SYN-09054,2.5,2.5,2.9,2.3,2.6,2.3,2.3,2.5,2.9,2.2,2.5,2.6,2.1
SYN-09055,1.2,1.7,1.6,1.6,1.5,2.1,1.5,1.1,1.1,1.4,1.4,1.3,1.7
SYN-09056,4.1,3.6,3.3,3.8,3.6,3.6,3.5,3.5,3.2,3.6,3.6,3.4,3.2
SYN-09057,3.7,3.1,3.5,3.6,3.0,3.3,3.8,3.4,2.8,3.7,3.4,3.4,3.4
SYN-09058,2.4,2.6,2.8,2.6,2.2,2.3,1.6,2.4,2.1,1.8,2.6,2.4,2.7
SYN-09059,2.3,2.0,3.0,2.3,2.5,3.0,2.2,2.4,2.2,2.5,2.5,2.2,2.5
SYN-09060,2.3,2.3,2.2,2.2,1.7,2.5,2.2,2.5,2.3,2.4,1.8,3.0,2.2
SYN-09061,2.1,1.9,1.5,1.5,1.8,1.5,2.3,1.9,2.2,2.0,1.5,1.9,2.0
SYN-09062,2.1,1.8,2.0,2.2,2.4,1.7,1.9,2.4,1.8,2.1,2.1,2.4,2.2
SYN-09063,2.8,2.8,2.8,2.8,3.1,3.0,2.8,3.1,3.5,3.1,2.7,2.4,2.6
SYN-09064,3.0,3.6,2.8,3.4,3.0,2.8,2.6,2.9,2.7,2.7,2.6,2.8,2.7
SYN-09065,2.1,2.1,1.9,2.0,2.1,2.3,2.4,2.1,2.1,1.8,2.1,1.8,2.3
SYN-09066,2.2,2.6,2.4,3.3,2.7,2.7,2.5,2.9,2.6,2.4,2.8,2.5,2.1
SYN-09067,2.6,3.3,2.8,3.1,2.5,3.2,2.3,2.4,2.4,3.0,3.0,2.6,2.3
SYN-09068,2.7,2.4,2.5,2.4,1.9,2.2,2.1,2.0,2.0,2.3,2.5,2.3,2.5
SYN-09069,3.4,3.2,3.3,2.7,2.8,2.6,2.9,2.3,3.2,3.2,2.7,3.1,3.3
SYN-09070,2.2,1.8,2.1,2.4,1.7,1.9,2.2,2.3,2.1,2.2,2.0,2.0,1.5
SYN-09071,3.9,4.2,4.2,4.1,3.7,4.1,3.6,4.0,3.6,3.3,3.4,4.2,4.2
SYN-09072,2.3,2.0,2.0,2.1,2.8,2.2,2.4,2.6,2.2,2.4,2.5,2.5,2.5
SYN-09073,2.6,2.3,2.7,2.6,2.3,2.2,2.4,2.7,2.5,2.9,2.5,2.2,2.5
SYN-09074,2.3,2.4,1.6,2.1,2.2,1.4,2.8,1.6,1.6,1.8,2.1,1.5,2.0
SYN-09075,1.0,1.3,1.6,1.7,1.0,1.0,1.4,1.7,1.8,1.5,1.2,1.2,1.0
SYN-09076,3.3,3.0,3.3,2.7,2.6,3.2,2.8,2.8,3.4,3.0,3.3,3.1,3.2
SYN-09077,2.4,1.7,2.2,2.4,1.7,1.7,2.6,1.8,2.1,1.5,2.1,1.9,2.1
SYN-09078,2.8,3.1,3.1,2.9,2.6,2.3,2.7,3.1,2.8,2.9,2.8,2.2,2.8
SYN-09079,2.4,2.2,2.4,1.8,2.0,2.5,2.3,2.8,2.6,2.8,2.8,2.4,2.7
SYN-09080,3.1,3.6,3.1,3.9,3.4,3.4,3.2,2.5,3.4,3.1,4.1,3.4,3.8
SYN-09081,3.1,3.1,3.1,3.0,2.7,2.2,2.6,2.6,2.8,3.2,2.7,2.6,2.7
SYN-09082,1.3,1.9,1.5,1.8,1.5,1.8,1.9,2.0,2.0,2.1,1.8,1.5,1.6
SYN-09083,2.9,3.1,2.9,3.1,2.9,2.8,2.9,2.9,2.9,3.0,2.7,2.9,2.8
SYN-09084,4.6,4.0,3.9,4.0,4.0,4.1,3.9,4.5,4.3,4.3,3.9,4.3,4.3
SYN-09085,1.9,2.2,2.4,2.8,2.5,2.8,2.8,2.0,2.8,2.3,2.7,2.1,2.4
SYN-09086,2.0,2.4,2.6,2.1,2.6,2.4,3.0,2.4,2.1,2.6,2.1,2.1,2.3
SYN-09087,3.0,3.1,2.8,2.9,2.9,3.2,2.8,2.6,2.7,2.9,3.2,3.4,2.7
SYN-09088,1.9,2.3,2.1,2.2,2.8,1.9,2.3,2.5,2.1,2.6,2.8,2.3,2.8
SYN-09089,2.8,2.4,3.0,2.4,2.4,3.0,2.5,3.3,2.2,3.0,2.7,2.1,3.1
SYN-09090,2.5,2.1,3.4,3.1,2.7,3.2,2.8,2.9,3.3,2.9,3.2,2.7,2.4
SYN-09091,2.0,2.3,2.6,2.1,2.7,1.9,1.8,2.2,2.2,2.0,2.0,1.9,2.3
SYN-09092,3.3,3.3,2.5,3.6,3.0,3.6,2.8,2.8,3.1,3.3,3.6,3.2,3.0
SYN-09093,3.7,3.3,3.3,3.6,3.6,3.6,3.7,3.0,3.4,3.1,3.1,3.7,3.7
SYN-09094,3.0,2.3,1.8,2.5,2.0,2.1,2.5,2.2,2.4,2.3,2.5,2.2,1.9
SYN-09095,3.5,3.0,3.3,3.3,3.1,3.2,3.2,2.4,3.2,3.3,3.5,2.7,3.3
SYN-09096,2.8,3.6,3.1,3.4,3.6,3.2,3.0,3.1,3.6,3.5,3.5,3.7,3.2
SYN-09097,2.7,2.9,2.3,3.0,2.5,2.8,2.9,2.5,2.4,2.7,2.9,2.9,2.8
SYN-09098,3.3,3.3,3.8,3.6,3.9,3.5,3.6,3.7,4.0,3.8,3.4,3.6,3.8
SYN-09099,4.0,4.5,3.4,3.9,4.0,3.9,3.7,3.6,3.7,3.8,3.8,4.0,3.7
SYN-09100,2.5,2.7,2.5,2.7,2.4,2.4,1.7,2.5,2.0,2.2,2.8,2.7,2.4
SYN-09101,3.1,3.2,3.3,2.8,3.1,2.7,3.1,2.9,3.0,2.8,3.1,2.8,3.8
SYN-09102,2.8,3.5,3.1,3.1,3.3,2.8,3.4,3.1,2.4,3.1,3.0,2.9,3.0
SYN-09103,3.8,3.5,2.9,2.8,3.1,3.7,3.6,3.0,3.0,3.3,3.2,2.8,3.2
SYN-09104,2.7,2.7,2.8,2.6,3.0,2.7,3.0,3.1,3.2,2.9,3.5,3.2,3.4
SYN-09105,3.5,3.2,3.2,3.3,3.6,3.2,2.8,3.1,2.4,3.1,3.1,3.2,3.4
SYN-09106,3.4,2.7,3.0,2.4,3.0,2.9,3.7,2.8,2.9,2.5,3.3,2.6,3.2
SYN-09107,4.6,3.7,4.1,4.2,3.7,3.7,3.6,3.6,4.4,3.5,4.2,4.5,4.4
SYN-09108,2.4,3.4,2.8,2.6,3.3,3.0,2.6,2.9,2.9,3.1,2.4,3.3,2.5
SYN-09109,2.2,1.9,1.6,1.9,2.2,2.5,2.2,2.6,2.3,2.0,2.6,2.2,2.0
SYN-09110,3.3,3.2,3.2,3.0,3.5,2.9,3.2,3.3,3.0,3.2,3.0,2.8,3.7
SYN-09111,2.8,2.6,2.8,2.8,2.4,2.9,2.3,2.8,2.1,2.4,2.1,2.7,3.0
SYN-09112,2.7,2.3,2.1,3.3,3.2,2.0,2.6,2.1,2.0,2.4,2.4,2.7,1.8
SYN-09113,2.7,2.8,3.5,2.4,2.8,3.2,3.4,3.2,2.8,2.7,2.5,3.1,2.5
SYN-09114,2.9,3.0,2.6,3.0,2.7,3.2,3.8,3.3,2.5,3.0,2.8,3.0,3.2
SYN-09115,2.2,2.5,2.6,2.2,2.5,1.9,2.6,3.1,2.6,2.7,2.9,2.3,2.6
SYN-09116,3.2,3.2,3.7,3.4,2.6,2.9,3.0,3.3,3.3,3.2,3.4,3.8,2.8
SYN-09117,3.0,2.1,1.6,2.7,2.6,2.3,2.9,1.6,2.7,2.1,2.8,2.1,2.2
SYN-09118,2.9,3.3,3.2,2.9,2.8,3.2,2.7,3.5,3.3,3.1,3.8,2.9,3.3
SYN-09119,3.0,2.8,2.2,2.5,2.2,2.8,2.8,2.6,2.6,2.7,2.6,2.4,3.0
SYN-09120,2.7,3.1,2.6,2.7,3.2,2.9,2.7,3.0,3.3,3.3,3.1,3.2,3.1
SYN-09121,1.8,1.7,2.6,1.5,2.2,1.7,2.0,1.5,2.7,2.3,2.3,2.3,1.9
SYN-09122,2.0,1.4,1.5,1.2,1.7,1.4,2.1,2.0,1.9,2.4,1.7,2.1,1.6
SYN-09123,2.5,3.1,3.4,2.5,3.3,3.1,3.0,2.8,2.9,2.9,2.9,2.7,3.5
SYN-09124,4.1,3.7,3.9,3.9,4.4,3.7,4.2,3.7,3.7,3.9,3.5,3.6,4.0
SYN-09125,2.3,2.3,2.6,2.2,2.1,2.5,2.1,2.5,1.7,2.4,2.3,2.8,2.5
SYN-09126,4.1,3.8,3.9,3.5,3.7,4.0,4.4,4.1,4.0,4.1,4.0,3.9,3.8
SYN-09127,2.8,2.7,3.0,3.0,2.8,3.1,3.4,2.9,3.1,2.8,3.2,3.1,2.8
SYN-09128,2.6,1.8,2.6,2.2,2.1,2.2,2.2,2.1,2.8,2.5,2.7,2.7,2.5
SYN-09129,3.0,3.0,2.6,2.7,2.3,2.5,2.5,2.3,2.8,2.5,2.3,2.2,3.0
SYN-09130,2.7,2.9,3.4,2.8,3.0,3.3,2.8,2.5,3.0,2.3,2.5,3.2,3.0
SYN-09131,3.6,3.9,3.7,3.8,3.6,4.2,3.2,4.1,3.5,3.3,4.0,3.5,3.4
SYN-09132,2.3,3.1,3.5,3.1,3.1,3.4,3.0,2.9,2.7,2.9,2.9,3.3,3.0
SYN-09133,2.9,2.4,2.5,2.8,2.3,2.5,3.1,2.9,2.3,2.6,2.9,2.7,2.9
SYN-09134,2.9,3.4,2.7,2.9,2.9,3.1,3.7,2.3,3.4,3.3,3.1,2.9,2.7
SYN-09135,2.4,2.3,1.7,2.6,2.1,1.6,2.5,1.8,2.2,2.7,2.0,2.2,1.8
SYN-09136,2.8,2.6,2.3,2.0,2.4,2.5,2.4,2.3,2.5,2.5,2.6,2.4,2.5
SYN-09137,2.8,3.3,2.5,2.9,2.7,3.0,3.2,2.6,3.1,3.0,2.5,3.1,3.2
SYN-09138,2.8,2.9,2.7,2.0,2.8,2.8,2.6,2.3,2.7,2.6,3.0,2.9,2.1
SYN-09139,2.3,2.7,2.8,2.4,3.0,2.9,2.6,2.5,2.4,2.8,2.6,2.3,2.8
SYN-09140,2.6,3.0,3.2,3.2,2.7,2.7,2.8,2.8,3.4,2.9,2.7,2.3,2.5
SYN-09141,2.4,2.9,2.3,2.4,2.7,2.1,2.7,2.6,2.5,2.8,2.6,2.6,2.9
SYN-09142,2.3,2.2,1.9,1.1,2.4,2.6,1.6,2.6,2.2,1.6,2.0,1.9,1.9
SYN-09143,2.3,2.1,2.0,2.7,2.3,2.0,2.6,2.0,2.3,2.5,2.3,2.6,2.6
SYN-09144,3.1,3.6,2.7,3.3,3.0,3.3,3.2,3.4,3.1,3.6,3.2,3.0,3.1
SYN-09145,3.5,3.4,3.6,4.1,3.8,3.9,3.9,3.3,3.8,3.6,3.8,3.9,3.5
SYN-09146,3.1,2.7,3.6,2.7,3.3,2.8,3.0,3.2,2.5,3.5,3.5,3.7,2.7
SYN-09147,2.0,1.7,2.0,1.9,2.4,2.7,1.7,2.6,2.0,2.2,2.4,2.6,2.4
SYN-09148,3.4,3.3,3.7,2.9,3.2,3.3,3.3,3.3,3.7,3.3,3.2,3.6,3.6
SYN-09149,2.9,3.0,2.7,2.7,2.6,2.1,2.5,3.3,2.9,2.7,2.8,2.4,3.2
SYN-09150,3.6,3.0,3.3,2.9,3.3,3.4,3.1,3.3,2.9,3.6,3.4,2.7,3.2
SYN-09151,3.1,2.8,2.8,2.7,2.5,3.0,2.8,2.9,2.9,2.5,2.6,2.8,3.2
SYN-09152,3.1,3.5,3.3,3.2,3.2,3.6,3.4,3.1,3.4,3.1,3.9,3.1,3.3
SYN-09153,3.0,3.3,3.6,3.2,3.0,3.4,3.2,3.2,2.7,3.5,3.7,3.1,3.1
SYN-09154,2.0,2.1,1.7,2.1,2.1,2.1,1.8,2.6,1.6,1.9,1.9,1.6,2.2
SYN-09155,3.4,3.7,3.0,3.4,3.2,3.1,3.7,3.1,3.6,3.0,3.7,3.2,2.9
SYN-09156,3.4,2.9,3.1,2.5,2.7,2.6,2.7,2.6,2.8,2.6,3.2,2.3,3.0
SYN-09157,2.6,3.0,2.9,3.0,2.7,3.2,2.0,2.7,3.0,2.4,2.7,1.9,2.2
SYN-09158,2.9,3.4,3.1,2.9,3.0,3.5,3.1,3.2,3.6,2.5,2.7,3.0,3.6
SYN-09159,2.9,3.0,3.0,3.2,3.1,3.2,2.7,3.2,2.8,3.0,2.9,3.3,2.6
SYN-09160,2.3,2.5,2.6,2.4,2.2,2.3,2.0,2.4,2.9,2.1,2.3,2.1,2.4
SYN-09161,2.6,3.2,3.2,2.0,3.6,3.0,3.2,2.7,3.1,2.9,3.0,2.8,3.3
SYN-09162,1.4,2.1,1.9,1.8,1.8,1.6,1.5,1.9,2.4,1.3,1.9,1.7,2.3
SYN-09163,2.8,3.2,3.3,2.7,3.9,3.5,3.4,3.6,2.9,3.5,3.1,2.8,3.5
SYN-09164,2.2,3.1,3.0,3.6,2.6,2.9,3.0,3.1,3.2,2.9,3.1,3.1,3.2
SYN-09165,3.1,2.9,3.7,2.8,2.8,3.0,2.9,3.8,2.7,2.9,3.0,3.5,2.7
SYN-09166,2.7,2.7,2.6,2.2,2.2,2.4,2.6,2.7,2.3,2.1,2.2,2.3,2.6
SYN-09167,4.3,4.3,4.5,4.6,4.7,4.5,4.6,4.2,4.5,4.6,5.0,4.9,4.7
SYN-09168,3.0,3.5,3.2,2.6,3.6,3.5,3.1,3.5,3.4,3.2,3.5,3.7,3.2
SYN-09169,2.3,3.0,3.1,3.1,2.9,2.3,2.2,3.0,2.7,2.8,2.2,2.8,2.9
SYN-09170,2.7,3.3,2.8,2.9,3.1,3.3,2.9,3.7,3.3,3.2,2.9,3.4,2.6
SYN-09171,2.7,2.9,3.0,2.7,3.3,2.7,3.5,3.2,3.1,3.1,2.7,3.5,2.4
SYN-09172,2.9,2.9,3.1,3.1,2.5,2.9,2.8,3.3,2.9,3.0,3.2,2.4,2.3
SYN-09173,1.0,1.1,1.1,1.0,1.1,1.0,1.0,1.4,1.2,1.3,1.0,1.5,1.0
SYN-09174,3.1,3.3,2.6,2.6,3.2,3.0,3.0,2.9,2.7,2.5,3.1,2.6,3.0
SYN-09175,3.3,3.3,3.3,3.1,3.5,3.3,3.3,3.0,3.2,3.4,3.4,3.4,3.3
SYN-09176,2.3,2.3,2.5,2.8,3.0,2.8,2.7,2.8,2.6,2.6,2.3,2.4,2.5
SYN-09177,1.7,1.5,1.8,1.7,1.5,2.2,1.5,1.9,1.9,1.5,1.9,1.9,1.8
SYN-09178,2.4,2.2,3.2,2.4,2.5,2.3,2.1,2.4,2.2,2.6,2.3,2.4,1.8
SYN-09179,2.9,3.1,2.8,3.1,3.0,3.0,2.8,2.6,2.3,2.7,2.8,2.6,2.7
SYN-09180,3.8,3.7,3.9,4.1,4.0,3.8,3.4,3.5,4.1,3.8,3.5,3.4,3.1
SYN-09181,2.7,3.2,3.1,2.9,3.2,3.1,2.5,3.3,2.8,2.6,2.7,2.9,2.9
SYN-09182,2.4,2.4,2.2,2.4,2.6,2.3,2.5,1.8,2.3,2.9,2.5,1.7,2.3
SYN-09183,3.4,3.6,3.8,3.9,3.5,3.3,3.4,3.4,2.9,3.1,3.3,3.5,3.5
SYN-09184,2.5,2.3,2.2,2.7,2.5,2.6,2.2,3.0,2.8,2.3,2.2,2.5,2.0
SYN-09185,2.5,1.6,2.2,2.1,2.5,1.6,2.1,1.6,1.8,1.2,1.9,1.6,1.1
SYN-09186,2.0,2.2,2.2,2.2,2.2,2.7,1.9,2.3,2.2,2.0,2.2,2.5,2.4
SYN-09187,3.3,3.0,3.0,2.8,3.4,3.0,3.1,2.9,3.7,3.4,3.1,3.1,3.1
SYN-09188,2.5,2.1,2.5,2.0,2.5,2.2,1.7,2.8,2.0,2.2,2.1,1.8,2.1
SYN-09189,3.0,3.7,2.9,3.3,3.4,2.9,3.3,2.9,3.0,3.0,3.6,3.5,2.8
SYN-09190,3.8,3.9,4.0,4.2,4.3,3.9,4.6,3.5,3.8,3.9,3.4,3.9,3.4
SYN-09191,4.0,3.0,3.1,3.5,3.1,2.9,3.6,3.1,3.5,3.3,3.9,3.6,3.6
SYN-09192,2.3,2.5,2.4,2.0,2.0,2.1,2.2,2.2,2.2,2.4,2.3,2.5,2.3
SYN-09193,1.8,2.1,2.3,1.9,1.7,2.5,1.8,2.1,2.2,1.8,1.4,1.9,1.9
SYN-09194,1.2,1.2,1.3,1.0,1.4,1.5,1.4,1.0,1.0,1.4,1.6,1.3,1.8
SYN-09195,2.6,2.5,2.5,2.5,2.4,2.5,2.9,2.6,2.1,2.4,2.1,2.3,2.0
SYN-09196,2.2,1.4,1.6,1.4,1.5,1.5,1.9,1.4,1.3,1.2,1.1,1.3,2.4
SYN-09197,3.2,2.9,3.3,2.8,3.3,3.0,3.3,3.1,2.6,3.0,3.1,3.2,2.9
SYN-09198,3.7,4.0,3.9,3.8,3.6,3.5,3.7,3.5,3.3,4.0,3.4,3.9,3.4
SYN-09199,3.0,2.4,3.1,3.0,3.1,2.6,3.6,2.3,3.0,2.7,3.2,2.7,2.8
SYN-09200,2.4,2.4,2.3,2.8,2.1,2.7,2.2,1.9,2.6,2.2,2.1,2.6,1.9
SYN-09201,3.3,3.7,3.1,3.1,3.5,3.3,3.5,3.3,3.2,3.6,3.7,3.3,4.0
SYN-09202,2.8,3.1,2.3,2.3,2.2,2.5,2.0,2.3,2.6,2.1,2.3,2.5,2.3
SYN-09203,2.3,2.7,2.5,2.6,2.3,2.3,2.7,2.9,2.3,2.7,2.7,2.7,2.5
SYN-09204,2.9,2.8,2.5,2.5,3.3,2.9,2.7,2.5,2.5,2.7,2.3,2.2,2.8
SYN-09205,2.7,2.7,2.4,2.1,2.6,2.7,2.3,2.6,1.6,2.3,2.3,2.0,2.1
SYN-09206,3.0,2.8,2.9,3.0,2.8,2.8,2.8,2.3,3.0,2.8,2.9,2.7,2.8
SYN-09207,3.7,2.9,2.7,3.7,3.3,2.8,3.2,3.5,3.4,3.4,3.5,3.1,2.9
SYN-09208,3.0,3.1,2.8,2.0,2.7,2.4,2.6,2.7,3.2,2.9,2.0,2.3,3.1
SYN-09209,1.7,2.0,1.7,2.2,2.0,2.1,1.3,2.0,1.5,2.1,2.5,1.4,2.1
SYN-09210,2.4,2.6,2.7,3.0,3.1,3.1,2.5,3.0,2.6,2.8,2.6,3.0,2.6
SYN-09211,3.0,3.1,2.5,3.3,3.5,2.6,2.4,3.1,3.2,2.6,2.8,3.0,2.9
SYN-09212,2.7,2.6,2.2,2.7,2.5,2.2,2.3,2.7,2.1,2.1,3.0,2.2,2.9
SYN-09213,2.2,2.7,2.9,2.3,2.4,3.0,3.2,2.8,2.6,2.6,2.3,2.0,2.8
SYN-09214,2.9,3.3,3.4,3.2,3.6,3.4,3.3,3.6,3.5,3.7,3.3,3.7,3.5
SYN-09215,2.7,2.8,2.8,2.5,2.6,2.8,2.2,2.6,1.9,2.5,1.8,2.3,2.0
SYN-09216,3.2,2.7,2.6,3.0,2.7,2.5,2.8,2.4,3.5,2.9,3.1,3.3,3.3
SYN-09217,3.1,2.7,2.9,2.9,2.9,3.0,2.9,2.7,3.6,2.4,2.9,3.0,3.2
SYN-09218,1.7,2.0,1.7,2.1,1.9,2.0,1.9,1.7,1.4,1.4,1.6,1.7,1.9
SYN-09219,2.0,2.2,2.4,1.9,2.5,1.2,2.1,2.2,2.2,2.4,2.3,2.3,1.4
SYN-09220,2.4,2.5,2.9,2.9,2.4,2.8,2.3,2.8,2.9,3.0,2.3,2.4,1.8
SYN-09221,3.4,3.5,2.8,2.9,3.4,3.0,3.5,3.1,3.3,2.9,3.1,2.3,3.7
SYN-09222,3.9,3.6,3.6,3.3,3.4,3.8,3.7,4.0,3.4,4.1,3.5,3.4,3.6
SYN-09223,2.2,2.0,1.5,1.5,1.1,1.9,1.7,1.5,2.2,2.5,1.9,1.9,1.8
SYN-09224,1.8,1.4,1.6,1.8,2.1,1.7,2.3,2.2,1.8,1.8,1.9,2.0,1.9
SYN-09225,2.7,2.9,2.6,2.9,2.6,2.4,2.5,2.6,2.3,2.8,2.5,2.4,2.7
SYN-09226,2.6,3.0,3.0,2.7,3.2,2.9,3.3,3.2,2.9,3.6,3.1,3.0,3.6
SYN-09227,2.0,2.9,2.3,2.7,2.5,2.0,2.3,2.6,2.8,2.2,1.8,2.3,2.0
SYN-09228,2.7,3.2,2.8,3.0,2.7,2.8,2.7,3.4,2.7,3.0,3.2,2.8,3.2
SYN-09229,3.4,3.7,3.5,3.6,3.4,2.6,2.9,3.4,2.7,3.3,3.5,3.5,2.9
SYN-09230,3.4,3.3,3.3,3.2,3.1,2.7,3.7,3.4,3.3,3.3,3.6,2.8,2.8
SYN-09231,3.5,3.9,4.1,4.0,3.6,3.7,4.6,4.0,3.9,4.3,4.4,4.1,4.2
SYN-09232,2.0,2.5,2.5,2.6,2.2,2.6,2.6,2.2,2.6,2.1,1.9,2.2,2.4
SYN-09233,1.1,1.0,1.4,1.2,1.0,1.2,1.1,1.3,1.2,1.4,1.2,1.0,1.0
SYN-09234,2.0,2.3,2.3,2.6,2.2,2.0,2.3,2.5,2.2,2.5,2.2,2.3,2.3
SYN-09235,3.1,3.2,3.3,3.4,3.8,3.1,3.6,3.5,3.6,3.1,3.2,3.1,3.2
SYN-09236,3.5,3.4,3.6,3.1,2.8,3.4,3.3,3.5,3.5,2.9,2.8,4.1,3.8
SYN-09237,2.1,2.1,1.8,1.9,1.4,1.8,1.8,2.2,1.1,2.3,2.0,1.8,1.7
SYN-09238,3.5,3.2,3.5,3.7,3.5,3.7,3.7,3.2,3.3,3.6,3.1,4.0,3.8
SYN-09239,1.6,1.6,1.7,1.7,1.5,1.9,1.9,1.7,2.0,2.2,1.3,2.1,1.4
SYN-09240,2.1,2.2,2.6,2.2,2.3,2.5,2.1,2.3,2.3,2.4,2.8,2.6,2.6
SYN-09241,2.9,2.5,2.7,3.2,3.1,3.0,3.0,3.1,2.6,2.9,3.1,3.3,3.1
SYN-09242,2.5,3.0,2.1,2.2,3.1,2.3,2.2,2.2,3.1,2.5,2.5,2.3,2.5
SYN-09243,3.2,3.6,2.6,3.5,3.3,3.0,2.8,2.8,2.9,3.2,3.1,3.4,2.9
SYN-09244,2.4,2.1,2.7,2.3,2.0,2.2,2.1,2.7,2.4,2.5,2.8,2.1,2.8
SYN-09245,2.4,2.0,3.2,2.1,3.4,2.9,3.1,2.4,2.8,3.0,3.1,2.9,2.8
SYN-09246,1.9,1.9,1.9,1.7,2.1,1.7,2.0,1.8,1.2,2.3,1.5,2.0,2.3
SYN-09247,3.6,4.6,3.6,3.4,4.2,3.4,3.8,3.9,3.6,3.7,3.6,4.6,4.2
SYN-09248,2.9,2.8,2.4,2.3,2.7,2.8,1.9,2.3,2.7,2.4,2.7,2.5,2.8
SYN-09249,3.0,2.1,2.6,3.2,2.4,2.3,2.8,2.5,2.9,2.3,2.7,2.4,2.6
SYN-09250,3.0,3.4,3.0,2.6,2.7,3.1,2.7,3.1,2.7,2.9,2.7,3.0,2.7
SYN-09251,1.9,2.1,1.8,2.0,1.5,1.6,1.7,1.7,2.0,2.3,1.8,2.4,2.2
SYN-09252,2.4,2.6,3.2,2.7,2.3,2.9,2.6,2.7,3.0,2.7,2.6,2.5,2.8
SYN-09253,1.6,1.7,2.3,2.8,2.1,2.4,1.8,2.1,1.2,1.9,2.2,1.8,1.9
SYN-09254,2.6,1.9,2.4,1.6,2.6,2.2,2.3,2.4,1.5,1.8,2.2,1.9,1.8
SYN-09255,2.9,2.4,2.6,2.5,2.5,2.8,2.4,2.8,2.4,2.7,2.6,2.2,2.7
SYN-09256,2.9,3.1,2.7,3.2,2.8,3.2,3.5,2.5,2.7,2.8,3.0,3.0,2.8
SYN-09257,2.7,2.6,2.7,2.6,2.8,2.2,2.2,2.1,2.5,2.5,2.6,2.3,2.8
SYN-09258,2.6,2.4,2.5,3.0,2.5,2.5,2.6,2.7,2.6,2.7,2.7,2.6,3.0
SYN-09259,2.9,3.3,3.1,2.9,3.1,2.8,3.2,3.2,3.2,3.1,3.1,2.9,3.0
SYN-09260,2.2,2.2,2.0,2.9,2.9,2.0,2.6,2.2,2.4,2.5,2.4,2.8,3.3
SYN-09261,1.9,2.5,2.4,2.2,2.0,1.7,2.4,2.3,2.3,2.5,2.4,2.3,2.5
SYN-09262,3.0,3.0,3.4,3.0,2.5,3.2,3.2,2.9,3.3,2.8,3.0,3.3,2.9
SYN-09263,2.6,2.7,3.0,2.4,3.0,3.0,3.1,2.2,3.1,2.8,2.6,2.6,2.6
SYN-09264,2.8,2.7,2.7,1.9,2.5,2.7,1.9,2.9,2.5,2.5,2.6,2.3,2.3
SYN-09265,3.6,3.6,3.2,3.6,3.7,2.8,3.6,3.4,3.7,3.7,3.4,3.5,3.6
SYN-09266,2.8,2.6,2.3,2.3,2.3,2.4,3.3,2.6,3.1,2.8,2.3,2.5,2.4
SYN-09267,3.1,3.2,4.2,3.4,3.0,3.0,3.1,3.1,3.0,3.4,3.0,2.5,2.9
SYN-09268,1.6,1.3,1.5,1.0,1.0,1.1,1.5,1.2,1.3,1.3,1.0,1.8,1.9
SYN-09269,2.8,2.9,2.6,2.6,2.7,2.5,2.8,2.3,2.8,3.0,2.4,2.2,2.9
SYN-09270,2.9,2.8,2.6,2.9,2.8,2.8,2.9,2.6,2.5,2.4,2.6,2.7,2.9
SYN-09271,2.9,1.8,2.6,2.7,2.5,2.6,2.7,2.5,2.7,2.2,2.4,2.5,2.5
SYN-09272,2.0,2.4,2.0,2.8,2.1,2.2,2.0,1.9,2.4,2.0,2.3,2.5,1.9
SYN-09273,1.3,2.2,1.4,1.9,1.4,1.9,2.0,1.6,1.3,1.6,1.6,1.6,1.0
SYN-09274,1.9,2.1,2.3,2.1,2.5,2.1,2.5,2.7,2.4,2.5,2.1,2.6,2.0
SYN-09275,2.3,2.5,2.3,2.4,2.1,2.6,2.1,2.0,2.7,2.8,2.5,2.3,2.1
SYN-09276,2.5,2.7,2.7,2.1,2.9,2.3,2.4,2.7,2.9,2.8,2.8,2.5,2.8
SYN-09277,3.7,3.3,3.5,2.7,3.3,3.6,3.4,3.4,3.1,3.4,3.6,3.3,3.8
SYN-09278,1.7,2.1,2.0,1.6,2.1,2.0,1.7,1.6,2.1,2.0,2.1,2.4,2.1
SYN-09279,2.7,3.7,3.4,2.8,2.9,2.2,3.1,2.8,3.0,2.5,3.1,2.3,2.1
SYN-09280,2.8,1.7,1.8,2.0,2.3,1.6,1.9,1.9,2.2,2.9,2.5,2.3,2.1
SYN-09281,3.0,3.0,3.2,3.2,3.0,3.3,3.1,2.6,2.7,2.8,3.4,3.4,3.1
SYN-09282,3.3,3.2,3.3,3.5,3.4,3.1,3.2,3.4,3.0,3.4,3.5,3.3,3.6
SYN-09283,3.2,3.3,2.9,3.5,3.3,3.0,3.2,3.1,3.4,3.1,3.0,3.0,3.3
SYN-09284,3.1,3.7,3.0,2.5,3.2,3.1,3.1,3.0,3.0,3.2,3.2,2.8,2.9
SYN-09285,1.8,1.7,1.4,1.4,1.0,1.3,1.2,1.0,1.0,1.5,1.0,1.2,1.4
SYN-09286,3.0,2.4,2.2,2.8,2.5,2.4,2.2,2.7,2.9,2.9,2.1,2.5,2.3
SYN-09287,2.9,2.8,3.0,3.6,3.8,3.0,2.3,3.4,3.8,3.3,2.9,3.1,2.7
SYN-09288,4.1,3.9,3.8,3.9,3.4,3.7,4.1,3.4,4.1,3.7,3.4,3.9,4.2
SYN-09289,3.1,3.5,3.4,3.2,3.5,3.4,2.8,2.9,3.2,3.5,3.1,3.8,3.5
SYN-09290,2.9,2.5,3.0,3.1,3.1,3.2,2.9,3.4,2.7,3.4,2.8,3.1,3.3
SYN-09291,2.9,2.5,2.5,2.3,2.4,2.3,3.1,3.3,2.9,2.9,3.0,2.7,2.6
SYN-09292,2.4,1.9,2.4,3.0,2.4,2.3,2.6,2.3,2.1,2.2,2.9,2.3,2.0
SYN-09293,3.8,3.7,3.4,3.8,3.8,3.3,3.9,3.5,3.1,3.1,3.4,3.7,3.8
SYN-09294,2.9,2.5,3.4,3.4,3.1,2.9,2.9,2.4,2.9,2.6,3.1,2.8,3.5
SYN-09295,3.0,2.3,2.4,2.7,2.7,2.8,2.6,1.9,2.5,2.5,2.6,2.9,2.9
SYN-09296,3.0,2.8,2.9,2.7,3.2,2.8,2.9,2.3,2.8,3.2,2.9,2.7,3.3
SYN-09297,2.6,2.6,2.4,3.3,2.3,2.8,2.7,2.9,3.2,2.7,2.8,2.5,3.0
SYN-09298,2.9,3.0,3.3,3.0,2.5,2.7,3.7,3.2,2.8,2.6,2.4,3.2,2.9
SYN-09299,3.0,3.2,3.4,2.9,4.1,2.8,3.3,3.0,3.2,3.7,3.5,2.6,3.1
SYN-09300,1.7,1.8,1.6,1.5,2.1,2.2,1.9,1.8,2.1,1.7,1.3,2.3,2.2
SYN-09301,2.0,2.2,2.2,2.1,2.3,1.6,1.7,2.2,2.0,2.1,2.1,2.5,1.8
SYN-09302,3.7,3.1,3.2,3.0,3.7,3.1,3.2,4.2,2.9,3.4,3.6,3.5,4.0
SYN-09303,2.2,2.5,1.9,2.6,2.1,2.5,2.3,2.5,2.0,1.9,2.0,2.4,2.0
SYN-09304,2.6,2.7,2.0,2.5,2.4,2.8,3.2,2.5,3.1,2.7,2.4,2.6,2.5
SYN-09305,3.2,2.4,3.0,3.4,3.2,3.0,3.0,2.8,3.0,3.1,2.9,2.5,2.5
SYN-09306,2.9,2.7,3.0,2.5,2.4,3.0,2.8,2.6,2.7,2.5,3.0,2.8,2.8
SYN-09307,3.0,2.6,3.3,2.4,2.7,3.3,2.8,2.7,2.8,3.1,2.6,2.7,3.0
SYN-09308,2.3,2.0,2.3,2.1,2.4,2.2,2.3,2.2,2.6,2.4,2.3,2.2,2.2
SYN-09309,3.6,3.6,3.9,3.5,3.7,3.7,4.0,4.0,3.8,4.0,3.9,3.7,4.2
SYN-09310,3.0,3.3,2.9,2.8,3.5,3.1,3.6,3.5,3.2,3.2,3.9,3.1,2.5
SYN-09311,3.1,3.0,2.9,2.7,2.7,2.8,2.7,3.0,3.1,2.4,2.8,2.3,3.1
SYN-09312,4.0,4.2,4.5,3.9,4.2,3.8,4.2,4.3,3.5,4.4,3.8,4.1,4.1
SYN-09313,1.9,2.4,2.3,1.9,2.8,3.1,2.2,2.1,2.1,2.3,2.5,2.1,2.5
SYN-09314,3.0,3.1,3.0,2.5,3.1,3.3,3.5,3.0,2.4,3.0,3.0,3.2,2.6
SYN-09315,2.6,2.5,2.7,2.8,2.6,3.1,3.3,2.1,2.9,3.5,2.9,2.5,2.6
SYN-09316,3.3,2.8,3.2,2.9,2.8,3.3,3.6,3.1,3.2,3.4,2.8,2.9,2.6
SYN-09317,3.1,2.6,3.2,2.7,3.0,2.8,3.4,3.5,3.1,2.7,3.2,3.3,2.4
SYN-09318,4.5,4.5,4.2,4.3,4.0,4.5,4.1,4.6,4.4,4.0,4.2,4.8,4.1
SYN-09319,2.7,2.9,3.2,2.9,2.5,3.3,3.7,2.8,3.2,2.7,3.3,3.3,3.2
SYN-09320,3.2,3.3,3.0,2.4,3.0,2.8,2.9,3.1,3.1,2.6,3.2,3.0,3.3
SYN-09321,2.3,2.3,2.1,2.4,2.4,2.3,2.3,2.3,2.2,1.9,1.9,2.0,2.6
SYN-09322,2.8,2.7,1.9,2.6,2.7,2.6,2.6,2.6,2.6,2.5,2.2,2.4,1.9
SYN-09323,2.9,3.2,2.7,2.7,2.6,3.7,3.4,2.9,3.7,3.4,3.3,3.0,3.2
SYN-09324,2.8,2.1,2.6,2.5,2.5,2.8,2.9,2.2,2.3,2.5,2.8,2.4,2.2
SYN-09325,3.2,2.5,3.1,3.8,3.2,2.9,3.1,2.9,2.7,3.0,2.9,3.5,3.7
SYN-09326,2.6,2.5,2.7,2.4,2.5,2.6,2.4,2.2,2.7,2.7,2.3,2.7,2.5
SYN-09327,2.2,1.8,2.5,2.2,2.2,2.5,2.7,2.2,2.4,2.8,2.4,2.2,2.9
SYN-09328,1.3,1.8,1.6,1.9,1.8,1.0,2.0,1.8,2.1,1.4,1.6,1.9,1.7
SYN-09329,3.5,2.7,3.4,3.9,3.7,3.5,3.2,3.4,3.0,3.8,3.7,3.4,3.8
SYN-09330,2.8,2.8,2.9,3.1,2.4,2.4,2.3,2.2,2.1,2.4,2.5,2.2,2.4
SYN-09331,2.5,2.5,2.4,2.4,2.7,2.4,2.2,2.6,2.3,2.7,2.1,2.7,2.6
SYN-09332,3.4,2.7,2.7,3.2,2.9,3.1,3.6,3.3,2.9,3.3,3.2,3.2,4.0
SYN-09333,2.6,1.8,3.1,2.2,2.4,1.9,2.3,2.1,2.2,2.2,2.7,2.4,2.9
SYN-09334,3.6,3.7,3.7,4.0,4.0,3.5,3.5,3.6,3.5,3.2,3.7,3.8,3.8
SYN-09335,2.9,3.1,3.5,3.1,2.8,3.1,3.3,3.1,3.3,2.8,3.0,3.6,3.1
SYN-09336,3.2,3.3,4.0,3.4,3.6,3.3,3.1,3.1,3.5,4.0,3.5,3.6,3.4
SYN-09337,3.0,3.1,2.9,3.2,3.1,3.3,3.8,3.7,3.2,3.0,3.4,2.6,3.3
SYN-09338,2.7,3.2,3.5,3.4,3.6,3.1,3.2,3.2,3.3,2.8,3.1,3.2,3.3
SYN-09339,2.2,2.8,2.4,2.5,2.1,2.2,2.3,2.9,2.6,2.9,2.1,3.0,2.6
SYN-09340,2.4,1.6,1.6,1.9,2.2,2.3,2.1,1.8,2.4,2.2,1.7,1.6,1.9
SYN-09341,3.0,3.3,3.4,3.2,3.4,3.3,2.9,3.2,3.3,3.0,3.4,4.0,3.7
SYN-09342,2.0,2.2,1.9,1.9,1.8,2.1,2.0,1.4,1.6,2.3,1.7,1.9,1.6
SYN-09343,2.3,2.1,1.9,2.1,1.9,1.8,1.6,2.1,2.3,2.1,1.7,1.9,2.5
SYN-09344,2.7,2.0,2.4,2.0,3.0,2.6,2.8,2.6,2.4,3.0,2.2,2.1,2.8
SYN-09345,2.8,2.6,2.8,2.3,2.3,2.4,2.1,3.0,2.5,2.2,2.1,2.4,2.6
SYN-09346,1.7,2.0,1.9,2.2,1.5,1.5,2.2,1.8,2.7,1.6,2.3,2.4,1.8
SYN-09347,2.8,2.5,2.9,2.4,2.7,2.4,3.2,2.9,2.5,3.0,2.4,2.7,2.6
SYN-09348,2.8,2.8,2.4,3.0,2.4,2.8,2.9,3.1,3.1,2.3,3.1,2.8,2.3
SYN-09349,2.1,1.9,1.8,2.1,1.9,2.5,2.3,2.7,2.9,2.4,2.0,2.2,2.4
SYN-09350,3.4,2.3,3.1,3.2,3.2,2.4,2.7,2.5,2.4,3.0,2.8,2.7,2.4
SYN-09351,1.0,1.0,1.2,1.9,1.0,1.8,1.5,1.0,1.6,1.0,1.0,1.0,1.3
SYN-09352,3.3,3.2,3.3,2.9,4.1,3.2,2.5,3.5,3.0,3.0,3.3,3.4,3.2
SYN-09353,4.0,3.6,4.2,3.9,3.4,4.0,3.8,3.5,3.4,3.2,4.2,3.9,3.7
SYN-09354,3.1,3.3,2.9,2.7,2.7,2.9,2.6,2.0,2.5,2.5,2.4,2.8,1.8
SYN-09355,2.1,2.8,2.8,2.8,2.6,2.8,2.6,3.0,1.9,2.7,2.8,2.3,2.1
SYN-09356,2.5,2.1,2.3,2.7,2.6,2.8,3.2,2.7,3.0,2.3,2.0,2.0,2.0
SYN-09357,3.2,3.7,2.8,2.3,3.0,2.9,2.7,3.3,2.8,3.1,3.1,3.0,2.9
SYN-09358,3.2,2.9,3.3,3.3,2.8,2.9,3.1,3.0,2.9,3.2,3.4,2.5,3.3
SYN-09359,2.3,1.6,2.4,2.2,1.7,1.7,2.0,1.9,1.8,2.6,2.3,1.8,2.1
SYN-09360,2.4,2.6,2.4,2.8,2.9,2.4,2.6,2.6,2.4,2.3,2.6,2.5,2.9
SYN-09361,2.3,2.7,1.8,2.0,2.0,2.1,2.1,1.7,2.5,2.2,2.1,2.1,2.2
SYN-09362,3.4,3.0,3.6,3.6,3.6,3.2,3.6,2.7,4.2,3.8,3.3,4.2,3.5
SYN-09363,2.2,2.2,2.3,3.0,2.8,3.1,3.1,3.2,2.5,2.7,2.4,2.9,2.3
SYN-09364,2.7,2.2,2.6,2.0,2.4,2.2,2.2,2.5,2.0,2.1,2.3,2.7,2.3
SYN-09365,3.0,2.8,2.9,3.3,3.3,3.3,3.7,3.3,3.3,2.8,3.0,3.2,3.3
SYN-09366,2.8,2.3,2.8,2.4,2.7,1.9,3.0,2.7,2.3,2.7,2.7,3.0,2.4
SYN-09367,2.0,2.5,2.2,2.8,2.2,2.4,2.1,2.4,2.3,2.0,2.4,1.9,2.6
SYN-09368,2.2,1.5,2.0,1.7,1.9,1.8,1.6,1.4,2.2,2.2,1.7,1.6,1.9
SYN-09369,3.4,3.1,3.7,3.5,3.4,3.3,3.5,3.5,3.6,3.6,3.7,2.9,3.5
SYN-09370,3.2,3.1,3.3,2.7,3.1,2.7,3.5,2.8,2.9,3.1,2.7,2.5,3.4
SYN-09371,2.8,2.6,2.3,2.7,2.0,2.0,2.1,2.3,2.5,2.2,2.3,2.3,2.6
SYN-09372,4.0,4.0,3.6,3.9,4.0,3.5,4.0,4.0,3.8,4.1,4.4,4.7,4.0
SYN-09373,2.8,2.8,3.2,2.5,3.4,2.8,3.3,2.6,3.4,3.2,3.0,3.1,3.0
SYN-09374,2.4,1.7,2.4,2.3,1.9,2.2,2.5,2.1,2.5,2.3,2.4,2.0,2.6
SYN-09375,3.8,3.7,4.1,3.9,3.8,4.2,3.9,4.0,3.8,3.6,3.8,3.5,4.1
SYN-09376,2.4,3.0,2.6,2.5,2.9,3.1,2.7,2.8,2.7,2.5,2.8,2.5,2.7
SYN-09377,2.1,2.8,2.3,2.2,2.6,2.5,2.4,2.3,2.2,2.7,2.5,2.7,2.6
SYN-09378,2.7,2.5,3.2,2.4,2.8,3.1,3.0,2.8,2.4,3.2,2.6,2.3,2.8
SYN-09379,2.9,2.8,2.6,3.3,3.3,2.5,3.3,3.0,2.6,2.9,3.1,2.6,2.9
SYN-09380,2.0,2.4,2.3,2.8,2.6,2.3,2.3,3.0,2.5,2.3,2.4,2.9,2.6
SYN-09381,4.1,3.5,3.8,3.6,4.2,4.1,4.0,3.7,4.2,3.7,4.1,4.3,4.1
SYN-09382,2.7,2.1,2.9,2.1,2.4,2.6,2.5,2.9,2.0,2.5,2.4,2.5,3.4
SYN-09383,2.5,2.3,3.1,2.2,2.8,2.6,2.7,2.3,2.5,2.7,2.6,2.5,3.0
SYN-09384,1.3,2.1,2.6,2.2,1.8,2.1,2.7,1.6,1.9,2.1,2.4,2.2,2.5
SYN-09385,2.8,2.9,2.8,2.6,2.9,2.9,2.9,3.1,2.7,2.7,3.0,2.2,2.3
SYN-09386,1.9,1.2,1.5,1.6,1.8,1.3,1.7,1.3,1.3,1.4,1.4,1.3,1.5
SYN-09387,2.2,2.4,1.7,1.7,1.8,2.1,2.3,1.9,2.5,2.2,2.2,2.4,2.4
SYN-09388,3.1,2.5,3.6,2.7,3.4,2.3,2.8,2.9,3.2,3.1,3.1,3.5,3.5
SYN-09389,3.1,2.6,2.8,2.5,3.0,2.6,2.7,2.7,2.9,2.7,2.7,2.8,3.0
SYN-09390,3.2,2.9,2.9,2.9,2.2,3.0,2.3,3.0,3.4,2.6,2.5,2.9,2.5
SYN-09391,2.4,3.1,2.6,2.2,3.0,2.5,3.1,2.4,3.0,3.3,2.7,2.9,2.6
SYN-09392,2.5,2.7,1.8,1.9,1.5,2.7,2.0,2.5,2.9,2.9,2.1,2.3,2.4
SYN-09393,1.3,1.0,1.6,1.1,1.8,1.0,1.2,1.1,1.0,1.0,1.0,1.0,1.0
SYN-09394,3.1,2.5,2.4,2.5,2.6,2.5,2.0,3.1,3.2,2.4,2.6,2.9,3.2
SYN-09395,1.2,1.4,1.9,1.9,1.0,1.4,1.6,1.7,1.4,1.3,1.5,1.7,1.1
SYN-09396,1.5,2.1,2.0,1.9,2.1,2.1,1.9,1.9,1.8,1.9,2.0,2.0,1.3
SYN-09397,2.8,3.0,2.8,3.4,2.8,2.9,3.1,2.8,3.6,2.8,2.4,2.5,2.8
SYN-09398,3.0,2.7,3.3,3.2,3.0,3.2,3.3,2.8,3.0,2.6,3.6,2.8,2.4
SYN-09399,2.9,2.9,3.2,3.2,3.3,3.0,3.2,2.4,2.9,3.5,3.5,2.8,3.0
SYN-09400,2.3,1.9,2.4,2.2,2.0,1.9,2.6,1.8,2.5,2.6,2.2,2.5,1.9
SYN-09401,2.7,2.7,2.6,2.7,2.5,2.2,2.6,2.6,2.7,2.5,2.5,2.7,1.5
SYN-09402,3.0,2.6,2.8,2.5,3.1,3.0,2.8,2.5,2.5,2.7,2.3,3.0,2.8
SYN-09403,2.6,2.6,2.8,2.7,2.8,2.4,2.4,3.3,3.1,2.6,2.5,2.5,2.6
SYN-09404,2.5,2.8,3.3,3.3,3.3,2.4,3.0,2.8,2.7,2.8,2.9,2.8,2.8
SYN-09405,2.2,2.1,1.9,1.9,1.3,2.4,1.8,2.1,2.1,2.2,2.2,2.3,2.0
SYN-09406,2.0,2.3,2.2,2.5,2.5,2.0,2.5,2.0,2.2,2.3,1.8,2.7,2.1
SYN-09407,2.6,2.9,2.6,3.7,3.1,2.5,3.2,2.5,3.0,3.3,2.8,2.6,2.9
SYN-09408,2.8,2.4,3.4,3.2,2.8,3.3,3.1,2.9,3.2,3.0,2.6,3.7,3.6
SYN-09409,3.2,2.8,3.2,2.7,2.4,2.6,3.2,2.5,2.5,2.7,2.5,2.9,3.3
SYN-09410,3.5,2.9,2.9,2.8,2.8,2.7,2.5,3.4,2.6,3.3,3.0,2.9,3.3
SYN-09411,3.9,4.0,3.6,3.5,3.5,4.3,3.6,3.8,4.3,3.6,4.3,3.6,4.4
SYN-09412,3.3,3.1,3.1,3.6,4.4,3.6,3.8,3.2,3.9,3.8,3.2,3.5,3.6
SYN-09413,1.9,2.4,2.2,2.5,2.4,2.8,2.2,2.4,2.6,2.6,2.3,2.6,2.8
SYN-09414,3.9,4.1,3.7,3.6,4.4,4.2,3.7,3.9,3.6,4.2,3.9,4.1,4.2
SYN-09415,3.2,2.8,3.2,3.4,2.9,3.1,2.8,3.3,3.4,3.3,3.2,3.4,3.4
SYN-09416,3.5,3.8,3.6,3.3,4.0,3.6,3.8,4.1,3.7,3.8,3.7,3.0,3.8
SYN-09417,2.9,3.1,2.7,2.9,2.8,2.9,3.0,3.2,3.2,3.2,3.4,2.7,3.2
SYN-09418,1.7,2.1,1.8,2.6,2.8,2.3,2.1,2.2,2.0,2.4,1.8,2.6,1.8
SYN-09419,2.3,2.7,2.9,3.2,3.4,3.5,2.9,3.3,3.4,3.4,2.3,2.8,3.0
SYN-09420,3.0,2.6,2.3,2.3,2.3,2.2,2.7,2.7,2.1,1.9,2.3,2.2,2.5
SYN-09421,3.7,2.9,3.4,3.4,2.7,3.0,2.9,3.4,3.1,3.2,3.1,3.3,3.0
SYN-09422,1.7,1.6,1.5,1.7,1.9,1.4,2.0,1.3,1.8,2.1,2.2,2.0,1.3
SYN-09423,2.9,3.5,3.3,2.9,3.3,2.9,3.1,2.5,2.3,2.7,3.0,2.6,2.8
SYN-09424,2.4,2.6,2.5,2.7,2.3,2.8,2.9,3.0,3.3,2.6,2.6,2.7,3.1
SYN-09425,3.5,3.2,3.9,3.3,3.2,3.3,3.3,3.2,2.4,3.5,3.6,3.8,3.4
SYN-09426,2.6,3.4,2.8,3.6,3.6,2.8,3.5,3.2,2.9,3.4,3.0,2.5,3.7
SYN-09427,2.6,2.7,2.9,2.5,2.7,2.7,2.3,2.4,2.5,2.8,2.4,2.1,2.6
SYN-09428,2.8,2.5,2.0,3.0,2.5,2.3,2.5,2.3,1.8,2.6,2.7,2.8,2.3
SYN-09429,2.5,2.4,2.8,2.2,2.3,2.2,2.3,2.6,2.8,2.2,2.2,1.7,2.2
SYN-09430,2.2,3.3,2.6,2.1,2.5,2.7,2.9,2.6,2.9,2.6,2.4,2.1,2.2
SYN-09431,2.6,2.6,1.9,2.1,2.7,2.4,2.5,2.5,2.2,2.4,2.7,2.7,2.6
SYN-09432,3.8,3.8,3.3,3.0,3.6,3.0,3.0,3.2,3.6,3.1,3.7,3.8,2.8
SYN-09433,1.3,1.8,1.5,1.9,1.2,1.3,1.9,1.4,1.2,1.4,2.0,1.7,1.4
SYN-09434,1.5,1.6,1.7,2.1,1.5,1.5,1.9,2.4,2.0,2.0,1.9,2.1,1.4
SYN-09435,1.3,2.1,1.8,1.7,1.8,2.0,2.2,2.1,1.8,2.0,1.8,1.6,1.4
SYN-09436,3.1,2.8,2.5,3.1,2.8,2.8,2.8,2.7,2.6,2.9,2.6,3.2,2.9
SYN-09437,3.3,3.1,2.8,2.7,3.1,2.8,3.5,2.5,2.7,3.2,3.3,2.6,2.6
SYN-09438,2.6,3.2,3.0,3.3,2.9,2.9,3.1,3.4,2.7,2.9,2.9,2.7,3.3
SYN-09439,2.0,2.1,2.2,2.5,2.5,1.8,2.4,2.2,2.2,1.8,2.5,2.3,1.9
SYN-09440,2.7,3.2,3.4,2.9,2.5,3.2,3.1,2.9,3.1,3.3,2.9,3.9,3.4
SYN-09441,3.7,3.5,2.9,3.5,3.3,3.4,3.2,3.3,3.8,3.3,3.1,3.1,3.7
SYN-09442,3.5,3.3,3.3,3.5,3.2,3.0,2.5,3.1,3.1,3.5,3.0,3.0,2.6
SYN-09443,2.6,2.6,2.4,2.4,3.1,3.3,2.5,2.1,2.0,2.6,2.9,2.9,2.7
SYN-09444,2.7,2.3,3.1,2.4,2.6,2.3,2.1,2.3,2.3,2.7,2.5,3.3,2.4
SYN-09445,2.9,3.8,3.8,3.1,3.6,3.7,2.9,3.3,2.8,3.2,3.3,3.4,3.3
SYN-09446,2.6,2.5,2.2,3.0,3.2,3.1,3.0,2.8,2.8,3.1,2.3,2.9,2.7
SYN-09447,2.6,2.6,2.8,2.8,3.0,2.7,2.8,3.0,2.6,2.9,3.1,3.0,2.9
SYN-09448,2.4,2.9,3.0,3.1,2.5,2.9,3.2,3.4,2.7,2.6,2.9,3.9,3.3
SYN-09449,3.0,2.4,2.7,2.7,2.7,2.2,2.1,2.9,2.2,2.5,2.3,2.3,2.4
SYN-09450,2.2,2.7,2.6,2.4,2.3,2.4,2.5,2.0,2.4,2.5,2.3,2.0,2.1
SYN-09451,3.2,3.0,3.0,2.8,3.3,2.9,2.6,3.0,2.6,3.0,3.2,2.4,3.2
SYN-09452,2.5,3.4,3.2,3.3,2.8,2.6,3.3,2.7,3.2,3.5,3.1,3.1,2.9
SYN-09453,2.3,1.9,2.1,1.4,1.8,1.9,1.8,1.8,1.9,2.0,1.6,2.2,1.8
SYN-09454,3.4,3.3,2.7,2.6,2.8,2.6,2.6,3.0,2.4,2.6,2.8,2.5,2.7
SYN-09455,2.0,2.4,2.0,2.4,1.9,1.9,2.6,1.7,2.0,2.1,1.6,2.1,1.5
SYN-09456,2.7,2.7,2.0,2.6,2.6,2.5,2.4,2.8,2.3,2.9,3.0,2.5,2.4
SYN-09457,3.5,3.8,3.0,3.4,3.4,3.6,3.5,3.6,3.5,3.5,3.6,3.5,3.5
SYN-09458,3.0,2.9,3.3,3.4,3.0,2.7,3.3,2.8,3.4,3.4,3.0,2.8,3.1
SYN-09459,2.5,2.5,3.1,2.7,2.8,2.2,3.0,2.3,2.5,2.6,2.8,3.0,2.7
SYN-09460,4.1,3.3,4.3,4.0,3.9,4.0,4.0,4.1,3.6,3.9,3.6,4.1,4.1
SYN-09461,1.6,1.2,1.1,1.8,1.9,1.6,1.5,1.1,1.0,2.1,1.6,1.8,1.8
SYN-09462,2.1,2.3,2.8,2.2,2.4,2.5,2.7,2.6,2.0,2.6,2.1,2.2,2.1
SYN-09463,2.8,2.7,3.4,3.2,2.6,2.4,2.7,2.9,2.8,3.0,2.2,3.2,3.4
SYN-09464,1.6,2.3,2.1,2.3,1.4,1.5,2.1,1.9,1.9,2.2,2.5,1.8,2.1
SYN-09465,1.6,1.9,1.8,2.0,1.4,2.0,1.6,1.5,1.7,2.2,1.9,1.9,2.1
SYN-09466,2.5,2.9,3.3,3.5,3.4,3.4,3.4,3.9,3.7,3.3,3.4,3.4,2.2
SYN-09467,3.4,3.6,3.9,3.8,3.8,3.4,3.5,3.1,3.9,3.5,3.4,3.8,4.0
SYN-09468,2.5,2.4,2.0,2.3,2.4,2.2,2.5,2.0,2.0,2.1,2.1,2.5,2.7
SYN-09469,4.3,3.9,3.8,3.9,3.9,4.3,4.4,4.4,4.2,4.2,4.4,4.1,4.0
SYN-09470,1.3,1.1,1.5,1.0,1.2,1.8,1.6,1.4,1.0,1.2,1.5,1.4,1.2
SYN-09471,3.1,2.8,2.8,3.0,2.8,2.8,2.5,2.6,2.8,3.5,2.5,2.5,2.8
SYN-09472,2.6,2.4,1.8,1.9,2.1,1.9,2.6,2.2,1.7,1.9,2.2,2.2,2.1
SYN-09473,2.6,2.9,3.1,2.9,2.7,2.4,2.6,2.2,2.8,2.9,2.9,3.0,2.7
SYN-09474,3.1,2.6,2.7,3.2,2.8,3.0,3.1,2.7,2.9,3.2,3.4,2.7,2.5
SYN-09475,3.0,2.3,2.9,2.5,2.6,2.7,2.9,3.3,3.3,2.5,2.6,2.5,2.5
SYN-09476,1.9,2.0,1.6,2.0,2.0,1.9,1.7,2.2,2.2,1.9,1.7,2.0,1.7
SYN-09477,2.7,2.8,2.3,2.6,2.4,2.6,2.7,2.7,3.1,3.1,3.0,2.2,2.8
SYN-09478,2.5,2.4,2.9,2.8,2.8,2.4,3.1,3.2,2.3,2.5,2.5,2.6,2.8
SYN-09479,2.5,3.3,3.2,2.6,2.6,3.2,2.7,2.5,2.9,3.1,2.6,2.8,2.6
SYN-09480,2.3,1.5,1.5,1.8,1.7,2.0,2.0,1.1,2.2,2.1,2.1,2.0,1.9
SYN-09481,3.1,3.7,3.7,3.9,3.7,4.1,3.2,4.3,3.2,3.3,3.8,3.5,4.2
SYN-09482,2.3,2.3,2.4,2.3,2.5,1.9,2.8,2.0,1.9,2.1,2.8,2.1,2.0
SYN-09483,2.5,2.6,2.8,2.7,3.1,2.8,2.6,3.3,2.8,3.1,3.1,2.8,2.9
SYN-09484,3.0,3.3,2.7,2.9,3.4,3.1,3.4,2.7,3.5,3.2,3.3,2.7,3.3
SYN-09485,2.6,3.1,3.0,3.3,3.1,3.4,3.3,3.5,3.1,2.8,3.2,2.7,3.2
SYN-09486,2.5,1.7,2.5,1.9,1.6,1.8,2.6,1.8,1.4,1.7,2.3,2.3,1.9
SYN-09487,1.7,1.7,1.4,1.9,1.4,1.5,1.2,1.6,1.8,1.4,1.4,1.0,1.8
SYN-09488,3.6,3.5,3.5,3.2,3.6,3.4,3.6,3.8,3.6,3.6,4.3,3.3,3.6
SYN-09489,3.5,3.7,3.0,3.5,3.3,3.8,3.5,3.5,3.9,3.4,3.1,3.0,3.2
SYN-09490,4.1,3.5,3.7,3.6,3.8,3.6,3.5,3.5,4.0,3.7,3.9,3.5,3.9
SYN-09491,2.5,2.2,2.6,3.0,2.9,2.5,2.8,2.8,2.6,2.7,3.0,2.6,2.5
SYN-09492,3.3,2.9,3.2,3.3,3.3,3.1,3.3,3.4,3.6,2.6,2.9,3.0,3.6
SYN-09493,2.1,2.0,2.0,2.0,2.1,2.1,2.0,2.2,2.2,1.7,2.4,2.3,2.0
SYN-09494,2.8,2.9,3.3,3.0,3.5,2.8,2.8,2.9,2.7,2.8,2.7,3.3,3.0
SYN-09495,2.3,2.4,2.7,2.5,2.8,2.8,2.3,2.7,2.9,3.0,2.6,2.8,2.6
SYN-09496,2.9,2.9,3.1,3.0,2.6,2.7,3.0,2.7,3.0,3.3,3.2,3.1,2.9
SYN-09497,2.4,1.8,2.6,2.4,2.4,2.3,3.3,2.7,2.6,2.7,2.5,2.6,2.6
SYN-09498,3.2,3.4,3.4,3.1,3.5,3.3,3.8,3.2,3.6,3.4,3.5,3.8,2.9
SYN-09499,1.9,2.2,2.7,2.2,2.2,1.8,2.1,2.0,1.7,2.2,2.7,2.4,1.8
SYN-09500,2.5,2.3,2.9,2.7,2.9,2.6,2.4,2.1,2.6,2.2,2.2,2.6,2.7
SYN-09501,2.7,2.4,2.8,3.3,2.6,2.6,2.7,2.6,2.9,3.0,2.6,2.3,3.2
SYN-09502,3.6,3.5,3.5,3.0,2.9,3.6,2.9,2.6,3.3,3.3,3.8,2.9,3.1
SYN-09503,2.9,2.8,3.3,3.0,2.5,2.5,2.4,3.6,3.4,2.9,3.5,3.5,2.6
SYN-09504,3.0,3.3,3.5,2.9,3.0,3.7,3.7,3.8,3.0,3.1,3.7,3.3,3.5
SYN-09505,3.8,3.9,3.9,3.3,3.4,4.0,3.6,4.5,4.0,3.8,3.5,3.7,3.8
SYN-09506,3.2,3.5,3.2,3.2,3.5,3.1,3.1,3.1,2.8,2.8,3.0,3.2,3.5
SYN-09507,2.7,3.2,2.4,2.8,3.0,2.6,3.1,2.5,2.6,2.6,3.2,3.1,2.9
SYN-09508,2.2,2.2,2.1,1.8,1.7,1.9,2.1,2.0,1.8,2.7,2.3,1.9,2.1
SYN-09509,1.6,2.6,1.5,1.7,1.6,1.8,1.7,2.0,1.6,1.8,1.8,2.3,2.1
SYN-09510,2.1,2.3,1.9,1.9,1.8,2.0,2.4,1.2,2.1,2.3,2.2,1.4,1.4
SYN-09511,2.2,1.6,1.2,2.3,2.6,2.4,2.5,2.0,2.0,1.9,1.8,2.2,2.3
SYN-09512,2.7,2.6,3.1,3.5,3.0,3.5,3.1,3.0,3.0,3.0,3.0,3.4,2.6
SYN-09513,1.6,1.7,1.8,1.7,1.9,1.9,2.0,2.2,2.1,2.4,2.2,2.6,2.3
SYN-09514,3.1,3.7,3.9,3.3,3.3,3.4,3.6,4.0,4.0,3.4,3.3,3.7,3.3
SYN-09515,2.2,2.7,2.2,3.0,2.7,2.5,2.9,2.7,2.2,2.6,2.3,2.8,2.8
SYN-09516,2.5,2.0,1.7,1.7,1.8,2.2,2.1,1.8,2.5,2.4,2.2,1.8,1.4
SYN-09517,3.4,3.7,3.4,3.6,3.6,3.7,3.4,4.1,4.1,3.9,3.9,4.1,3.1
SYN-09518,2.8,3.7,4.0,3.4,3.5,3.3,3.5,3.6,3.9,3.9,3.5,3.3,3.4
SYN-09519,3.2,3.7,3.2,3.5,3.8,3.3,3.4,3.2,3.4,3.5,3.4,2.9,3.5
SYN-09520,3.3,2.8,2.3,3.1,3.5,2.9,2.1,3.3,2.5,2.8,3.1,3.1,2.9
SYN-09521,3.2,3.2,2.8,2.8,3.3,3.3,3.0,3.0,3.0,2.9,3.3,3.2,2.7
SYN-09522,1.5,1.5,1.5,1.3,1.6,1.1,1.5,1.8,1.7,1.4,1.6,1.8,1.4
SYN-09523,2.2,2.8,2.5,2.4,2.4,2.3,2.6,1.9,2.4,2.1,2.0,2.3,2.0
SYN-09524,2.8,2.4,2.0,2.1,2.7,2.5,2.5,2.8,2.5,2.6,2.7,2.7,2.6
SYN-09525,1.4,1.4,1.5,1.5,1.7,1.5,1.3,1.7,1.4,1.5,1.9,1.7,1.5
SYN-09526,2.8,2.6,2.5,2.2,2.7,2.6,2.0,2.8,2.6,2.8,2.6,2.8,2.5
SYN-09527,3.2,2.8,2.7,3.1,3.8,3.0,2.9,3.1,3.3,3.2,3.4,3.2,2.8
SYN-09528,2.4,1.8,2.4,1.8,2.7,1.7,1.7,2.1,2.2,2.0,2.1,2.1,1.9
SYN-09529,2.7,3.3,2.4,2.6,2.2,3.0,2.4,3.1,2.4,2.7,2.7,2.6,2.0
SYN-09530,1.9,2.7,2.5,2.3,2.9,2.7,2.3,2.0,2.4,2.7,2.2,2.4,2.3
SYN-09531,1.6,1.5,2.2,1.7,1.9,2.1,2.5,1.8,2.7,1.4,2.5,2.2,1.6
SYN-09532,3.0,3.3,2.9,3.2,2.5,3.1,2.9,2.7,2.9,2.9,3.0,3.2,2.8
SYN-09533,3.0,3.1,3.1,3.7,3.4,3.3,2.8,3.5,3.3,2.8,3.1,3.4,3.9
SYN-09534,3.3,3.3,3.0,3.3,3.4,3.1,3.0,3.2,3.2,3.3,3.8,3.7,3.2
SYN-09535,2.3,2.6,3.0,2.8,2.0,2.6,3.0,2.6,2.5,2.7,2.3,2.5,2.2
SYN-09536,1.6,2.5,2.5,2.3,2.2,1.6,2.2,1.7,1.6,1.5,1.8,1.8,2.3
SYN-09537,2.3,2.4,2.6,1.7,2.2,2.4,2.2,2.8,2.2,2.6,2.6,2.4,2.9
SYN-09538,3.2,3.3,3.4,3.2,3.2,3.1,3.4,3.4,3.0,3.5,3.6,3.0,3.4
SYN-09539,3.5,2.8,2.9,2.4,3.1,2.5,2.9,2.9,2.6,3.4,2.8,3.2,2.5
SYN-09540,1.8,1.7,1.4,1.8,2.4,2.1,2.1,2.3,2.5,1.6,1.4,1.8,2.7
SYN-09541,2.8,2.9,2.7,2.9,2.8,2.8,2.8,2.8,2.5,2.7,2.7,2.7,3.5
SYN-09542,2.8,2.7,2.5,2.4,2.6,2.4,2.3,2.3,3.2,2.2,2.9,2.8,3.0
SYN-09543,3.1,2.7,2.5,2.2,2.5,2.8,2.8,2.0,2.8,2.5,3.0,2.8,3.1
SYN-09544,2.6,3.0,2.7,2.8,2.2,3.0,2.0,2.6,2.7,3.0,2.9,2.8,2.4
SYN-09545,2.2,2.4,2.0,1.9,2.3,1.5,1.9,2.3,2.8,2.4,2.0,1.5,2.4
SYN-09546,3.4,2.8,3.1,3.1,4.3,2.8,3.6,3.4,3.7,2.8,3.4,3.5,3.3
SYN-09547,2.6,2.9,2.4,2.9,2.9,3.1,2.8,2.9,3.3,2.4,3.1,2.9,2.5
SYN-09548,3.3,4.0,3.4,3.8,3.5,3.1,3.4,3.5,3.3,3.8,3.2,3.5,3.3
SYN-09549,2.2,1.7,1.7,2.0,2.0,2.1,1.7,1.7,2.4,2.1,1.4,1.5,1.6
SYN-09550,3.1,2.8,2.5,2.9,3.1,3.0,3.0,2.2,2.6,2.9,2.4,3.1,2.6
SYN-09551,3.7,4.2,3.5,3.7,3.3,4.0,4.7,3.3,3.1,4.0,3.5,3.7,4.1
SYN-09552,2.1,2.1,1.7,2.8,2.2,2.0,2.2,1.7,1.8,2.2,2.3,2.6,2.5
SYN-09553,3.3,3.5,3.2,3.0,3.6,2.7,3.2,3.0,3.7,3.4,2.7,3.5,3.3
SYN-09554,2.5,2.6,3.0,3.1,2.7,2.9,2.5,3.3,3.4,2.4,3.2,3.2,3.0
SYN-09555,2.6,3.7,3.4,3.5,3.3,3.2,3.1,3.3,3.2,3.7,3.7,3.3,3.1
SYN-09556,2.6,2.8,1.9,2.2,2.1,3.2,2.5,2.5,2.4,2.3,2.1,2.6,2.8
SYN-09557,3.4,3.3,2.6,3.4,3.3,3.3,3.5,3.4,3.5,3.7,3.0,3.5,3.3
SYN-09558,2.7,3.1,2.9,3.1,3.0,3.3,2.9,3.2,3.0,2.9,3.2,3.1,2.6
SYN-09559,2.0,2.4,2.3,2.5,1.7,2.2,2.3,1.8,2.2,2.4,1.9,2.1,1.3
SYN-09560,2.8,3.6,3.0,3.4,3.6,3.1,3.0,3.7,3.2,3.4,3.1,3.4,3.6
SYN-09561,3.1,3.6,3.7,3.1,3.4,3.2,2.8,3.3,3.6,3.4,3.3,3.5,3.4
SYN-09562,3.6,3.5,3.2,3.6,3.4,3.8,3.7,3.2,4.0,3.4,3.1,3.3,3.4
SYN-09563,2.2,1.3,1.5,1.6,2.4,2.2,1.7,1.7,2.2,2.0,1.9,1.7,1.8
SYN-09564,2.7,3.3,3.3,3.1,2.8,3.5,3.3,2.8,2.4,3.3,3.1,2.5,3.1
SYN-09565,4.8,4.3,3.9,4.3,4.2,3.8,4.6,4.0,3.7,4.0,4.1,4.3,4.0
SYN-09566,2.8,3.0,2.8,2.1,2.4,2.8,2.9,3.0,2.4,2.8,2.9,3.0,3.3
SYN-09567,1.6,1.1,1.8,1.9,1.2,1.6,2.2,1.9,1.4,2.1,1.5,1.7,2.4
SYN-09568,3.2,3.5,3.1,2.8,2.7,2.4,3.1,3.2,2.7,3.0,3.2,2.8,3.1
SYN-09569,3.3,2.6,2.8,3.7,3.2,3.2,3.2,2.8,3.4,3.4,2.8,3.4,3.2
SYN-09570,3.5,3.7,3.6,3.6,3.4,3.6,3.6,3.8,3.3,3.7,3.6,3.5,4.1
SYN-09571,2.5,2.2,2.3,2.1,2.3,2.5,2.9,2.4,2.3,2.3,2.5,2.1,2.1
SYN-09572,1.8,2.0,2.6,1.4,1.8,2.0,2.4,2.0,1.4,1.6,1.9,1.7,2.2
SYN-09573,3.3,3.2,3.4,3.5,3.4,3.3,3.0,2.9,3.3,3.1,3.5,3.2,3.4
SYN-09574,2.9,2.7,2.8,2.7,2.5,2.4,3.1,2.8,2.5,2.5,3.0,2.7,2.6
SYN-09575,2.1,2.4,2.9,2.7,2.8,2.7,2.6,2.6,2.7,3.0,2.5,2.4,2.9
SYN-09576,2.3,1.7,2.6,2.7,2.7,2.2,1.9,1.8,2.4,2.2,2.0,2.1,2.1
SYN-09577,2.7,2.9,2.8,3.1,3.5,2.4,2.4,2.9,2.8,2.8,3.3,2.6,3.2
SYN-09578,2.8,2.5,2.2,2.5,2.6,2.6,2.5,1.6,2.5,2.7,2.6,2.4,2.3
SYN-09579,1.8,1.8,2.0,1.5,2.0,1.5,1.4,1.5,1.6,1.8,2.8,1.7,2.0
SYN-09580,2.6,1.9,2.5,2.9,1.9,2.5,2.2,2.3,2.5,2.2,2.1,2.0,2.7
SYN-09581,2.5,1.7,2.9,2.7,1.7,2.5,1.6,2.3,2.2,2.5,2.7,2.3,2.4
SYN-09582,1.8,1.3,1.5,2.2,1.5,2.0,1.3,1.5,1.7,1.8,1.4,1.1,2.1
SYN-09583,2.3,2.6,2.5,2.4,2.4,2.8,2.7,3.0,2.3,2.5,2.4,3.1,2.2
SYN-09584,2.7,1.9,2.1,1.9,2.4,1.6,2.2,1.8,1.7,2.2,2.2,2.1,2.6
SYN-09585,3.0,2.3,2.9,2.3,2.7,2.2,2.6,2.3,3.1,2.2,2.7,1.9,2.3
SYN-09586,3.4,3.2,2.7,3.0,2.9,2.6,3.0,2.3,2.8,3.6,2.8,2.9,3.2
SYN-09587,3.1,2.5,2.7,3.1,2.6,3.5,3.1,3.0,3.4,3.2,3.2,2.5,3.2
SYN-09588,1.8,1.7,1.4,2.0,1.3,2.1,1.7,1.7,1.6,1.5,1.5,1.3,1.8
SYN-09589,2.9,3.3,2.9,3.3,3.3,3.1,4.0,2.9,3.2,2.9,3.3,2.9,3.3
SYN-09590,3.7,4.2,4.1,4.1,3.8,3.8,3.7,3.4,4.0,4.2,3.8,3.3,3.6
SYN-09591,2.7,2.9,3.0,3.4,2.5,2.6,2.6,2.7,3.0,3.2,3.0,2.7,3.2
SYN-09592,4.2,3.5,4.0,3.8,3.9,4.2,3.8,3.6,3.6,4.1,3.2,3.6,3.9
SYN-09593,3.2,2.3,3.0,2.8,3.3,3.0,3.0,2.7,2.9,3.3,3.5,3.2,2.9
SYN-09594,2.5,2.7,2.6,2.5,2.5,3.3,3.1,3.0,2.7,2.7,3.1,2.6,2.3
SYN-09595,2.1,2.5,3.0,3.1,2.7,2.5,2.9,2.5,2.6,3.3,2.2,2.2,2.1
SYN-09596,3.3,3.4,3.0,3.3,3.3,3.4,3.0,3.1,3.2,3.0,2.9,3.4,3.0
SYN-09597,2.0,1.4,2.1,1.9,1.7,2.4,2.0,1.8,1.8,1.7,1.8,1.8,1.6
SYN-09598,3.0,3.0,2.8,3.5,2.9,3.1,3.6,3.0,2.8,3.1,3.3,2.7,2.9
SYN-09599,3.7,3.7,3.4,3.2,3.5,3.7,4.0,3.1,3.6,4.2,4.5,3.0,3.8
SYN-09600,2.9,2.8,3.2,2.9,3.5,3.0,3.2,2.9,3.6,2.6,3.0,2.7,2.6
SYN-09601,1.4,1.5,1.4,1.6,1.0,1.9,2.2,1.5,1.8,1.6,1.0,1.3,1.2
SYN-09602,2.4,3.1,2.2,2.3,2.6,2.4,2.7,2.8,2.7,2.0,2.4,2.4,2.2
SYN-09603,3.3,3.5,3.3,2.9,3.4,3.5,3.4,3.5,3.3,3.8,3.1,2.8,2.9
SYN-09604,3.0,2.8,2.3,2.6,2.3,2.1,2.7,2.7,2.6,2.2,2.2,2.5,2.3
SYN-09605,3.2,3.9,3.6,3.3,3.3,3.2,3.3,2.7,3.2,3.0,3.2,3.2,2.8
SYN-09606,1.5,1.7,1.8,1.6,2.7,2.2,1.5,1.8,1.8,2.0,1.5,1.8,1.4
SYN-09607,1.4,1.3,1.4,2.0,1.7,1.4,1.4,1.3,1.7,1.2,1.8,1.9,1.3
SYN-09608,2.6,2.8,2.3,2.6,2.8,2.3,2.5,2.7,2.3,3.3,2.5,2.9,2.7
SYN-09609,1.3,1.6,1.8,1.8,1.9,1.9,1.0,1.8,1.2,1.6,1.4,1.3,1.6
SYN-09610,3.5,3.2,3.8,3.4,3.4,3.8,3.4,3.2,3.0,3.7,3.2,4.1,3.9
SYN-09611,2.5,1.7,2.1,2.2,1.9,2.4,2.1,2.8,2.0,2.8,1.9,2.0,2.6
SYN-09612,3.2,2.8,2.8,2.7,2.8,3.2,3.3,3.3,3.2,3.2,3.1,2.4,2.5
SYN-09613,3.2,3.2,4.3,4.2,3.4,3.0,2.8,3.6,3.7,3.7,3.6,3.1,3.5
SYN-09614,3.2,2.1,2.3,2.6,3.0,2.4,3.2,2.8,2.5,2.7,2.8,2.8,3.0
SYN-09615,2.3,1.5,2.4,2.1,2.3,2.3,1.9,2.0,2.2,2.1,2.4,2.7,2.4
SYN-09616,2.6,2.1,2.5,2.9,2.0,1.9,2.4,3.1,1.8,2.0,2.0,2.2,3.0
SYN-09617,3.0,2.7,2.9,2.9,3.4,2.2,2.8,2.7,2.9,3.0,2.9,2.8,3.3
SYN-09618,2.1,2.2,2.2,2.5,1.9,2.1,1.6,2.2,2.5,2.6,2.3,2.4,2.3
SYN-09619,3.0,3.3,2.6,2.3,2.3,2.3,2.8,3.3,2.8,2.4,2.8,2.5,3.0
SYN-09620,2.7,2.8,2.3,2.7,2.1,2.7,2.5,3.3,3.0,2.6,2.7,3.2,2.1
SYN-09621,2.5,2.2,2.9,2.3,2.5,2.7,2.9,2.6,3.1,2.3,2.5,2.5,1.9
SYN-09622,1.3,1.5,1.0,1.1,1.5,1.3,1.5,2.1,1.3,1.4,1.2,2.0,1.3
SYN-09623,3.1,2.8,2.9,3.1,2.6,2.9,2.9,2.6,2.9,3.5,3.1,2.7,3.1
SYN-09624,3.2,2.7,3.0,3.0,2.9,3.4,2.6,2.5,3.4,2.8,3.4,2.9,2.9
SYN-09625,2.4,2.4,2.1,2.5,2.0,2.4,2.2,2.2,2.2,1.7,2.0,2.0,2.6
SYN-09626,2.6,3.0,2.6,2.5,3.2,3.0,2.8,2.8,2.9,3.2,2.5,3.1,3.2
SYN-09627,2.8,2.3,2.2,2.7,2.8,2.0,2.9,2.1,2.8,2.5,2.4,2.1,2.6
SYN-09628,1.9,1.6,1.3,1.1,1.9,1.3,1.2,1.4,1.8,2.2,1.6,1.4,1.8
SYN-09629,1.9,2.0,2.4,2.8,2.6,3.1,2.2,2.4,1.7,2.4,2.3,2.7,2.3
SYN-09630,1.8,1.4,2.0,1.8,1.8,1.6,1.5,1.7,1.5,1.6,1.8,2.2,1.7
SYN-09631,2.8,3.1,2.7,2.9,3.4,2.9,3.2,2.7,2.7,2.8,2.8,2.8,2.6
SYN-09632,3.0,3.0,3.4,3.3,3.0,2.7,3.3,3.0,3.1,2.8,3.3,3.7,2.9
SYN-09633,3.9,3.8,4.8,3.9,5.0,4.1,4.4,4.7,4.4,4.4,4.2,4.6,4.6
SYN-09634,3.6,3.5,3.5,2.8,3.7,3.8,3.4,3.8,3.3,3.8,3.1,3.4,3.7
SYN-09635,3.2,2.6,3.7,3.3,3.4,3.6,3.5,3.5,3.2,4.0,3.6,3.8,3.2
SYN-09636,1.6,1.5,1.4,1.4,2.0,1.5,1.8,1.3,1.4,2.1,1.8,1.6,1.5
SYN-09637,2.6,3.0,2.4,3.2,3.3,2.8,2.9,3.0,3.0,3.1,2.7,3.2,3.2
SYN-09638,3.2,2.7,2.6,3.0,3.2,2.9,2.8,3.6,3.0,2.8,2.3,3.3,3.4
SYN-09639,2.0,2.0,3.0,2.7,2.0,2.5,2.5,2.1,2.8,2.8,2.0,2.5,2.2
SYN-09640,1.7,1.7,1.7,2.2,2.1,2.1,1.9,1.7,2.2,2.1,1.3,2.1,1.8
SYN-09641,3.0,2.7,2.7,3.3,2.6,3.1,2.7,3.2,2.5,2.7,2.9,3.2,2.7
SYN-09642,1.7,1.9,1.6,1.5,1.8,1.4,1.4,1.2,2.1,1.8,1.2,1.4,1.7
SYN-09643,2.5,2.6,2.3,2.8,2.2,2.9,2.5,2.1,2.5,2.2,2.7,2.9,2.0
SYN-09644,3.2,3.0,2.8,3.3,3.1,3.1,3.2,3.1,3.8,3.4,2.5,3.4,3.0
SYN-09645,2.7,2.5,3.3,2.5,2.9,3.2,3.0,2.6,2.8,2.8,2.7,3.2,2.6
SYN-09646,2.9,3.1,2.5,2.8,2.8,3.1,2.4,3.3,3.1,2.4,2.7,3.1,3.2
SYN-09647,2.3,2.4,2.7,2.4,2.3,2.8,2.6,3.4,2.2,2.1,2.4,3.0,2.7
SYN-09648,2.4,2.4,2.0,2.4,2.4,2.6,2.3,2.0,2.1,2.5,1.8,2.2,2.7
SYN-09649,2.3,2.9,2.8,2.6,2.4,2.8,2.4,2.0,2.5,2.4,2.6,2.6,2.6
SYN-09650,1.0,1.0,1.1,1.0,1.0,1.0,1.0,1.6,1.4,1.0,1.2,1.0,1.2
SYN-09651,2.2,1.5,2.2,2.1,1.7,2.5,2.2,1.9,2.0,1.8,1.8,1.9,2.6
SYN-09652,2.8,3.1,2.9,3.1,3.4,3.3,3.3,3.1,3.1,3.3,3.3,3.4,3.3
SYN-09653,2.5,3.0,2.0,2.7,3.3,2.7,2.9,2.2,3.1,3.2,2.8,2.7,2.4
SYN-09654,3.4,3.5,3.3,3.5,3.7,3.6,3.3,3.5,3.3,3.8,3.3,3.6,3.0
SYN-09655,2.3,2.1,2.5,2.3,2.7,2.8,2.7,2.2,2.5,2.2,2.1,2.2,2.4
SYN-09656,3.8,3.8,3.9,4.4,4.3,4.2,3.8,3.6,4.3,3.6,3.8,4.1,3.8
SYN-09657,2.9,2.4,2.5,2.1,2.7,1.8,2.2,2.8,2.8,2.5,2.4,2.3,2.3
SYN-09658,3.7,2.9,3.6,3.8,3.4,3.7,3.6,3.8,4.1,3.8,2.8,2.9,3.5
SYN-09659,2.8,3.3,3.2,3.7,3.4,3.0,3.4,3.4,3.2,3.1,3.5,3.2,3.5
SYN-09660,2.9,2.9,3.5,3.3,3.1,3.4,2.9,3.6,3.3,2.5,2.9,2.8,3.0
SYN-09661,3.9,3.3,3.5,4.0,3.3,3.2,3.4,2.8,3.2,3.2,2.8,3.4,3.5
SYN-09662,3.3,3.5,3.0,4.1,3.4,3.7,3.8,3.4,3.4,3.7,3.3,4.0,3.3
SYN-09663,3.0,2.9,2.7,2.7,2.8,2.6,2.4,2.1,2.4,2.8,2.4,2.0,2.5
SYN-09664,2.8,2.2,2.7,2.5,2.7,2.9,3.0,3.1,2.9,2.8,2.2,2.3,3.2
SYN-09665,3.0,2.9,2.7,3.2,3.0,2.7,2.8,3.0,3.3,2.8,3.4,3.1,2.9
SYN-09666,3.5,4.0,4.0,3.9,3.8,3.5,3.5,3.5,3.3,3.8,3.7,3.7,4.1
SYN-09667,2.5,3.0,2.9,3.3,2.7,3.0,3.0,2.8,3.1,3.0,2.8,2.7,2.7
SYN-09668,3.7,3.7,3.3,3.9,3.3,3.4,3.8,4.0,4.0,3.8,3.0,3.6,3.3
SYN-09669,3.0,2.3,2.8,2.7,3.0,2.9,2.3,2.7,3.1,2.6,3.4,3.5,2.7
SYN-09670,2.3,2.9,2.4,2.5,2.0,2.5,2.1,2.5,2.2,2.3,2.1,1.8,2.4
SYN-09671,1.7,1.8,2.2,1.5,1.9,2.5,1.6,1.1,2.4,2.0,2.0,2.0,1.5
SYN-09672,2.9,3.1,2.4,3.4,3.1,3.2,2.9,2.6,3.8,3.1,3.4,3.2,3.3
SYN-09673,2.7,2.0,2.0,1.9,2.3,2.6,2.2,2.4,2.7,1.4,2.5,3.1,2.2
SYN-09674,3.0,2.8,3.3,3.5,3.0,2.8,3.5,2.9,3.2,3.7,3.2,3.5,3.4
SYN-09675,2.6,2.1,3.3,2.6,3.1,3.0,3.0,2.6,2.5,2.5,3.0,2.5,3.3
SYN-09676,3.1,2.3,2.3,3.0,2.1,2.6,3.3,2.5,2.5,2.5,2.7,2.0,2.7
SYN-09677,1.8,1.8,1.9,2.1,1.8,2.1,2.2,2.5,1.9,2.4,2.0,2.1,2.2
SYN-09678,2.7,2.5,2.4,2.2,2.1,3.0,2.5,2.8,2.5,1.9,2.9,2.1,2.5
SYN-09679,1.0,2.3,2.1,1.9,2.4,2.0,2.0,2.2,1.8,1.8,2.1,1.9,2.3
SYN-09680,2.4,2.6,2.2,2.2,1.7,2.1,1.5,2.3,1.8,1.5,2.0,2.1,1.8
SYN-09681,1.4,1.0,1.9,1.3,1.0,1.0,1.1,1.1,1.0,1.3,1.6,1.0,1.0
SYN-09682,1.2,1.6,1.4,1.4,1.5,1.2,1.9,1.6,1.0,1.9,1.0,1.5,1.2
SYN-09683,3.6,2.9,2.6,3.0,2.5,2.7,3.4,2.6,3.3,2.6,2.9,2.8,2.7
SYN-09684,4.5,3.5,3.8,3.6,3.6,3.7,4.1,3.4,4.0,3.7,4.3,3.8,3.9
SYN-09685,2.9,2.8,2.5,2.9,2.8,3.0,2.7,2.5,2.5,2.8,2.6,2.8,3.2
SYN-09686,2.4,2.6,3.1,2.2,3.0,3.2,3.0,2.6,3.1,2.8,2.9,3.4,3.2
SYN-09687,2.7,3.5,3.2,3.0,3.2,3.6,3.5,3.5,4.2,3.4,3.4,2.9,3.6
SYN-09688,3.0,3.1,2.5,2.7,2.7,2.9,2.9,2.8,2.8,2.7,2.8,2.5,2.5
SYN-09689,2.8,2.7,2.9,2.4,2.8,2.6,3.1,2.4,2.8,2.9,2.5,3.0,2.7
SYN-09690,2.2,2.1,1.4,1.8,2.2,2.1,1.9,1.8,2.2,1.5,2.0,1.8,2.1
SYN-09691,3.5,3.3,2.5,3.0,2.6,2.1,2.4,2.6,2.8,2.5,2.9,2.4,2.9
SYN-09692,2.1,2.1,2.0,2.3,2.3,2.9,2.3,3.0,2.2,2.4,2.0,2.3,1.7
SYN-09693,2.2,2.8,3.4,2.4,2.9,2.4,2.5,2.7,2.2,2.9,3.0,2.6,2.6
SYN-09694,1.6,2.4,2.3,2.0,2.7,1.9,2.6,2.3,2.9,2.9,2.7,2.8,2.5
SYN-09695,3.0,2.3,2.6,2.5,2.6,2.2,2.2,2.4,2.4,2.6,2.5,2.2,2.1
SYN-09696,2.6,2.5,1.8,2.6,2.7,2.8,2.6,2.6,2.5,3.2,2.4,2.5,2.4
SYN-09697,2.5,3.0,2.5,2.9,3.1,2.5,2.5,3.2,3.2,2.7,3.0,2.8,1.9
SYN-09698,2.8,2.1,2.4,2.7,2.2,2.4,1.9,2.3,2.3,1.8,2.3,1.7,2.2
SYN-09699,2.9,2.7,2.7,2.1,2.5,2.0,2.5,2.2,3.1,2.2,2.9,2.9,1.8
SYN-09700,3.0,2.7,2.3,2.6,2.4,2.3,2.9,2.5,2.8,2.6,2.6,2.2,2.5
SYN-09701,2.1,3.4,2.6,2.3,2.8,2.8,2.7,3.1,2.9,2.8,2.9,2.7,2.3
SYN-09702,3.5,3.4,3.6,3.5,3.2,3.5,3.5,3.7,4.0,3.0,3.6,3.0,3.3
SYN-09703,3.1,3.1,3.3,3.7,2.7,3.1,3.3,3.3,2.5,3.4,3.0,3.5,3.4
SYN-09704,3.6,3.5,3.2,3.5,3.7,3.5,3.2,2.9,2.7,3.0,3.9,3.1,3.5
SYN-09705,2.9,3.0,2.8,3.1,3.3,2.9,3.1,3.5,3.5,3.5,3.3,3.8,3.2
SYN-09706,4.5,4.1,4.7,4.6,4.7,3.7,4.2,4.7,4.1,4.5,4.3,4.6,4.9
SYN-09707,2.5,3.0,2.9,2.6,3.0,2.9,2.7,2.8,2.5,3.1,2.6,2.5,3.2
SYN-09708,1.6,2.2,2.3,1.9,2.0,2.0,2.1,2.1,1.9,1.8,2.5,2.3,1.9
SYN-09709,3.4,4.4,4.2,3.6,4.4,3.5,3.4,4.3,3.7,3.9,3.6,3.9,3.7
SYN-09710,3.1,2.9,2.8,2.9,3.2,3.1,3.2,2.9,3.3,2.6,3.6,2.7,2.8
SYN-09711,4.2,3.7,3.4,3.9,3.9,3.8,4.2,3.3,4.0,3.8,3.4,4.4,3.7
SYN-09712,2.3,2.8,2.5,1.9,2.5,3.3,2.5,2.4,2.9,2.7,2.5,2.0,2.1
SYN-09713,3.4,3.9,3.8,3.5,4.2,3.1,3.6,3.4,3.6,3.0,3.3,3.8,4.0
SYN-09714,4.1,3.9,4.0,3.9,4.1,4.1,4.1,4.2,4.4,4.1,4.0,4.1,4.7
SYN-09715,1.6,1.6,1.3,1.7,1.8,2.2,2.4,1.8,1.3,1.7,2.1,1.7,2.1
SYN-09716,2.1,2.4,2.7,2.2,2.1,2.2,2.0,2.1,2.1,2.0,2.5,2.4,2.2
SYN-09717,3.2,2.8,3.4,3.0,2.8,3.6,3.0,2.9,2.6,3.4,3.1,3.6,3.3
SYN-09718,3.2,3.2,3.4,3.8,3.0,3.3,3.3,3.1,3.2,3.4,3.3,3.5,2.7
SYN-09719,3.0,3.0,2.7,2.4,2.8,2.7,2.7,2.2,2.8,2.3,3.1,2.3,2.8
SYN-09720,2.9,2.5,2.7,2.6,2.8,2.6,3.5,2.5,2.7,2.7,2.5,2.6,2.7
SYN-09721,1.9,2.8,2.2,2.4,2.7,2.2,2.1,2.2,3.2,2.5,2.4,2.7,2.3
SYN-09722,3.5,3.7,3.6,3.3,3.3,3.2,3.4,4.2,3.7,3.7,3.7,3.1,3.6
SYN-09723,3.3,3.3,3.3,3.8,3.5,3.4,3.3,3.0,3.4,3.0,3.8,4.3,3.8
SYN-09724,3.1,3.2,3.2,2.8,3.4,3.0,3.0,3.0,3.3,3.5,3.8,3.0,3.1
SYN-09725,1.8,1.5,1.8,2.2,2.0,2.6,1.6,1.8,1.9,2.0,1.7,1.8,2.3
SYN-09726,3.2,3.0,3.1,3.0,2.7,3.1,3.2,2.8,2.9,3.3,3.3,3.0,2.9
SYN-09727,2.7,2.8,2.5,3.0,2.6,2.8,2.7,3.2,2.4,2.9,2.7,2.9,2.8
SYN-09728,2.9,2.6,3.0,2.6,2.7,2.5,2.7,2.4,3.3,2.6,2.7,2.9,2.9
SYN-09729,1.6,2.1,2.0,1.1,2.0,1.1,1.5,1.7,2.1,2.1,1.4,1.6,1.5
SYN-09730,2.5,2.4,2.8,2.3,2.3,2.4,2.6,2.5,2.5,2.3,2.4,1.7,2.6
SYN-09731,2.2,3.0,2.7,2.9,3.0,2.9,3.2,3.0,2.4,3.7,2.5,3.1,2.7
SYN-09732,3.0,2.8,2.7,2.7,3.0,2.7,2.3,2.9,3.1,3.0,2.8,2.4,2.8
SYN-09733,2.6,2.1,2.2,2.1,2.8,2.6,2.8,3.1,2.5,2.4,2.9,2.6,2.9
SYN-09734,2.5,2.1,2.2,2.1,2.4,2.8,2.5,2.6,2.9,2.6,2.1,2.1,2.1
SYN-09735,2.6,2.4,2.8,2.6,3.2,3.2,2.7,2.6,2.5,2.8,3.2,3.0,3.1
SYN-09736,2.3,2.1,2.5,1.7,1.8,2.1,2.1,2.3,1.8,2.3,1.9,2.0,2.8
SYN-09737,3.0,3.0,3.0,2.9,3.5,2.9,3.1,2.4,2.9,3.3,2.5,2.6,3.3
SYN-09738,3.1,3.0,3.1,2.8,2.4,2.7,2.4,3.1,3.1,3.1,2.4,3.4,3.0
SYN-09739,2.1,1.9,2.5,2.4,1.9,2.5,1.6,2.3,2.9,2.0,1.6,2.7,2.6
SYN-09740,3.2,3.5,2.9,3.7,3.3,3.3,3.1,3.6,3.4,3.6,3.2,3.1,3.4
SYN-09741,2.5,2.6,2.3,2.4,2.2,2.3,2.6,1.8,2.1,1.7,2.3,2.4,1.5
SYN-09742,2.4,2.9,2.2,2.9,3.0,2.9,2.6,3.2,3.0,2.8,2.6,3.2,3.1
SYN-09743,3.4,2.8,3.2,3.1,3.2,3.4,3.9,2.9,2.7,3.2,3.5,3.3,3.0
SYN-09744,2.1,3.2,2.1,3.4,2.8,2.1,2.5,3.1,2.2,2.1,2.2,3.0,2.5
SYN-09745,2.5,2.0,2.9,2.2,2.3,2.4,2.7,2.7,2.4,2.9,2.7,2.2,2.1
SYN-09746,2.5,2.4,2.5,2.7,2.4,2.3,2.6,2.9,2.9,3.5,2.4,2.0,2.9
SYN-09747,3.0,3.3,3.2,3.6,2.8,3.2,3.0,2.2,3.4,3.6,3.2,3.5,2.7
SYN-09748,3.0,3.0,3.0,2.6,3.4,3.4,2.9,3.1,2.9,2.5,2.5,3.7,2.6
SYN-09749,2.1,2.3,3.0,2.1,3.2,2.9,2.1,2.8,2.1,2.2,2.5,2.7,2.4
SYN-09750,2.4,2.3,2.5,2.5,2.5,2.8,2.2,2.6,2.5,2.6,3.0,2.4,2.4
SYN-09751,2.5,2.5,2.8,1.9,2.2,2.5,2.4,3.0,3.1,2.7,2.7,2.7,2.2
SYN-09752,2.9,2.6,3.0,3.6,3.4,3.0,3.1,2.9,3.4,3.7,3.8,3.6,2.9
SYN-09753,2.9,2.9,2.5,3.2,2.7,3.7,2.7,3.1,2.4,2.6,2.5,3.3,2.8
SYN-09754,2.4,3.1,2.1,3.1,2.5,2.9,2.3,2.9,2.7,2.0,1.9,3.1,1.9
SYN-09755,2.6,2.2,2.2,2.9,2.4,2.3,2.5,3.1,2.5,2.3,2.6,2.1,2.7
SYN-09756,2.2,1.8,1.9,2.0,1.9,2.2,2.2,1.8,1.7,1.6,1.7,1.5,2.3
SYN-09757,4.2,3.8,4.1,4.0,4.3,4.3,4.4,3.7,3.6,4.3,3.8,3.9,4.1
SYN-09758,2.6,2.3,2.9,2.7,3.0,2.7,2.7,2.9,2.8,3.0,1.9,2.3,2.2
SYN-09759,1.8,2.5,2.9,2.2,2.3,2.4,2.1,2.4,2.9,2.1,2.1,2.2,2.2
SYN-09760,3.5,3.2,3.5,3.4,3.6,3.7,3.5,3.7,3.2,3.5,3.5,3.4,3.4
SYN-09761,2.4,2.6,2.2,2.5,2.7,2.7,2.2,2.5,2.5,2.5,2.6,2.2,2.7
SYN-09762,2.7,3.0,2.8,3.3,2.9,3.1,2.6,2.8,3.0,2.4,2.8,2.7,2.5
SYN-09763,2.0,2.7,2.4,2.0,2.8,2.4,2.4,3.0,2.3,2.7,2.8,2.8,2.0
SYN-09764,2.8,2.4,2.5,2.8,2.6,2.2,3.0,2.6,2.7,2.2,2.5,2.4,2.2
SYN-09765,2.6,3.1,3.0,3.2,2.8,2.8,3.0,3.2,3.0,2.9,3.4,2.8,2.7
SYN-09766,3.2,3.5,3.2,2.8,3.2,2.5,2.5,3.2,2.9,3.2,3.1,2.9,2.8
SYN-09767,2.0,2.2,1.7,2.3,1.7,2.8,2.4,1.9,2.6,1.9,2.5,2.2,2.5
SYN-09768,2.2,2.9,2.0,2.5,1.9,2.4,2.6,2.9,2.4,3.0,3.0,2.3,3.0
SYN-09769,2.8,2.5,3.1,3.0,2.9,2.9,3.2,2.6,3.2,3.0,2.7,2.9,2.7
SYN-09770,3.2,2.9,2.6,3.2,3.1,2.8,3.2,2.9,3.2,2.6,3.2,3.2,3.5
SYN-09771,2.5,2.5,2.6,2.7,2.6,2.8,2.4,2.8,2.8,2.9,2.7,2.7,2.5
SYN-09772,2.1,2.5,1.9,1.8,2.3,1.7,2.2,2.0,1.9,2.5,2.2,1.6,1.7
SYN-09773,3.8,3.4,4.0,3.2,3.8,3.8,3.0,3.3,3.9,3.9,3.4,3.5,3.1
SYN-09774,3.5,3.3,2.7,3.1,3.4,3.1,3.3,3.0,3.1,3.3,3.2,3.1,3.0
SYN-09775,4.5,4.7,4.4,3.8,4.0,4.1,3.6,4.6,3.9,4.4,4.2,4.3,4.1
SYN-09776,2.4,3.3,2.4,2.5,3.2,2.7,2.8,2.9,3.2,2.8,2.5,2.3,2.9
SYN-09777,3.3,2.7,3.0,2.9,2.7,3.8,2.5,3.1,2.9,2.8,3.1,3.4,3.7
SYN-09778,3.0,2.8,2.7,2.5,3.3,3.2,2.8,3.0,2.7,3.3,3.1,3.2,3.0
SYN-09779,1.8,1.9,1.9,2.0,1.9,1.9,1.8,1.8,1.7,1.7,1.6,2.0,1.9
SYN-09780,2.6,3.2,2.8,3.3,3.0,2.2,2.8,2.4,2.7,2.8,3.2,3.0,2.8
SYN-09781,1.5,1.3,1.6,1.7,1.8,1.9,1.8,1.5,1.2,1.4,1.4,1.4,1.1
SYN-09782,2.0,2.1,1.6,2.1,2.1,2.3,2.2,2.6,2.5,2.2,2.3,2.3,1.9
SYN-09783,2.8,2.6,2.8,2.9,2.3,3.0,3.2,3.4,2.4,2.3,3.3,2.8,2.8
SYN-09784,2.4,2.4,2.7,3.3,2.7,2.8,2.4,2.6,2.7,2.7,2.5,3.1,2.6
SYN-09785,1.0,1.1,1.0,1.3,1.0,1.0,1.3,1.1,1.0,1.0,1.1,1.0,1.1
SYN-09786,3.0,2.8,3.0,3.4,2.8,2.5,2.6,2.9,2.7,2.8,3.3,2.7,2.6
SYN-09787,2.1,2.3,2.4,2.7,2.5,1.9,2.0,1.8,1.6,2.4,1.6,2.0,2.1
SYN-09788,3.5,3.4,3.1,2.9,2.3,2.6,3.0,3.4,2.9,3.2,3.0,3.0,3.1
SYN-09789,2.8,2.5,2.7,2.7,2.3,3.1,3.1,2.1,2.6,2.5,2.8,3.2,2.8
SYN-09790,3.1,2.9,3.8,3.5,3.5,3.6,3.5,3.4,3.6,3.4,3.4,3.3,3.0
SYN-09791,2.0,1.9,1.6,1.7,1.3,1.7,1.3,1.6,1.5,1.7,1.8,2.0,1.9
SYN-09792,1.2,2.3,1.7,1.9,2.0,1.6,1.4,1.8,1.9,1.8,1.9,1.9,1.9
SYN-09793,3.6,2.9,3.5,3.3,2.7,3.4,3.4,3.1,3.2,3.1,3.3,2.8,3.1
SYN-09794,3.8,3.6,3.2,3.5,3.3,3.7,3.8,4.0,3.3,3.5,3.4,3.6,3.5
SYN-09795,4.0,4.6,4.0,4.2,4.4,4.0,4.0,4.6,4.5,4.8,4.5,3.9,3.8
SYN-09796,2.4,2.5,3.1,3.1,2.7,3.0,3.2,3.3,3.2,2.8,3.1,2.8,2.8
SYN-09797,3.0,2.9,2.5,2.4,2.9,3.7,2.8,2.5,2.8,2.9,2.7,3.2,3.1
SYN-09798,3.2,2.6,3.1,3.0,2.8,2.9,3.0,3.0,3.4,2.5,3.0,2.8,3.4
SYN-09799,3.1,3.5,2.8,3.3,3.1,3.4,3.1,3.2,3.5,2.8,3.1,3.1,3.4
SYN-09800,3.3,2.7,3.1,2.8,2.4,2.8,2.9,2.6,3.1,2.8,2.4,2.6,2.7
SYN-09801,2.0,1.5,2.2,2.2,1.7,2.1,1.4,1.6,1.2,1.7,1.5,2.0,1.8
SYN-09802,2.3,2.3,3.1,2.1,2.1,2.4,2.4,2.1,2.8,2.6,3.4,2.9,2.1
SYN-09803,2.6,2.3,2.2,2.2,2.2,2.2,2.2,2.9,2.6,2.3,2.5,2.8,2.5
SYN-09804,2.0,2.6,2.4,2.3,2.1,3.3,2.1,2.2,2.5,2.3,2.7,2.4,2.5
SYN-09805,3.2,3.8,3.0,2.8,3.2,3.3,3.1,3.3,3.1,3.2,3.1,3.0,2.9
SYN-09806,3.6,3.6,4.2,3.5,3.6,3.9,4.0,3.9,3.4,4.1,4.0,3.5,3.6
SYN-09807,2.6,2.7,3.2,3.2,3.2,2.6,2.8,2.7,2.6,2.4,3.2,2.6,2.2
SYN-09808,2.0,2.1,2.1,2.1,1.8,2.6,2.0,2.3,2.2,1.7,2.0,2.3,1.9
SYN-09809,2.5,2.6,2.4,2.7,2.5,2.4,2.9,2.7,2.2,2.3,2.6,2.8,2.3
SYN-09810,2.3,2.3,2.2,1.8,1.8,2.1,2.3,2.2,1.9,2.1,2.9,1.6,2.0
SYN-09811,2.4,2.6,2.9,2.3,2.8,2.7,2.4,2.7,2.3,2.6,2.9,2.3,2.6
SYN-09812,2.2,1.7,2.0,1.6,1.4,1.2,1.6,2.4,1.7,1.5,1.8,1.5,1.7
SYN-09813,2.5,2.0,2.9,2.5,2.9,2.2,2.2,2.3,2.2,2.8,2.5,2.7,2.5
SYN-09814,3.3,3.1,3.2,3.2,3.3,3.0,3.1,3.3,3.4,3.7,3.0,3.0,2.6
SYN-09815,2.9,2.9,2.3,2.7,3.1,2.5,2.7,2.6,2.8,3.1,3.0,2.3,3.0
SYN-09816,3.0,2.9,3.4,2.7,3.1,2.8,3.0,2.7,2.8,3.2,2.7,2.8,2.9
SYN-09817,3.4,2.5,2.1,2.9,2.5,3.1,2.9,2.8,3.4,3.0,3.4,3.3,2.2
SYN-09818,2.0,1.6,2.2,2.3,2.3,1.9,2.5,1.8,2.0,2.1,2.9,2.0,2.0
SYN-09819,2.8,2.4,2.8,2.3,2.2,2.6,3.0,2.2,2.7,2.4,2.8,2.8,2.6
SYN-09820,3.4,4.0,3.8,3.1,3.1,3.3,2.9,3.3,3.7,3.6,3.4,3.7,3.2
SYN-09821,3.5,2.8,2.7,2.5,2.8,3.3,3.2,2.5,3.6,2.9,2.6,3.1,3.1
SYN-09822,2.9,2.7,3.0,3.0,2.8,3.3,3.2,3.5,3.0,2.9,3.2,2.9,2.9
SYN-09823,2.8,2.3,2.4,3.1,2.9,1.7,2.3,3.0,2.4,2.5,2.3,2.7,2.1
SYN-09824,2.0,2.3,2.9,2.1,2.1,3.1,1.6,2.1,1.8,1.9,2.3,2.1,2.4
SYN-09825,2.8,2.2,2.2,2.8,2.1,2.4,2.7,2.9,2.6,3.0,2.4,2.8,2.5
SYN-09826,3.1,2.8,2.8,3.1,3.0,2.5,3.6,2.2,2.4,3.2,3.2,3.0,2.8
SYN-09827,2.6,2.7,2.6,2.5,2.8,2.9,2.6,2.9,2.6,2.6,2.7,3.2,2.8
SYN-09828,3.0,2.5,2.7,2.9,2.4,2.1,2.2,2.9,3.2,2.4,2.4,3.3,1.9
SYN-09829,3.0,2.8,2.7,2.7,2.7,2.7,2.8,2.1,2.7,2.9,2.3,2.9,2.7
SYN-09830,2.9,2.8,2.8,2.7,2.7,3.0,3.3,3.8,3.1,2.6,3.3,3.2,3.3
SYN-09831,2.7,2.4,2.8,2.8,2.3,2.7,2.6,2.8,3.3,2.5,3.0,2.2,2.7
SYN-09832,2.2,2.2,1.8,2.6,2.3,2.1,2.0,2.3,2.4,2.1,2.2,2.2,1.8
SYN-09833,1.9,2.2,2.1,2.4,2.7,2.4,2.2,2.2,2.3,2.8,2.1,2.4,2.2
SYN-09834,3.4,3.2,3.3,2.8,2.9,3.2,3.2,3.3,3.3,3.5,3.1,3.0,3.8
SYN-09835,3.1,2.9,2.8,3.3,2.8,3.0,3.1,3.3,3.2,2.6,2.8,2.7,2.5
SYN-09836,2.0,1.6,2.1,1.2,2.2,1.7,1.7,2.3,2.0,1.9,1.7,1.8,2.4
SYN-09837,3.0,3.1,2.5,3.3,2.8,2.6,2.8,3.2,3.1,2.6,2.9,2.8,2.7
SYN-09838,3.0,2.1,2.6,2.2,2.2,2.7,2.7,2.2,2.6,2.2,2.2,2.3,2.5
SYN-09839,3.3,2.5,2.8,2.3,2.6,2.8,2.6,3.0,3.0,3.2,2.4,3.1,2.2
SYN-09840,3.2,3.1,3.5,2.7,3.4,2.8,3.4,3.4,3.2,3.7,3.1,3.4,3.3
SYN-09841,2.7,1.8,2.7,2.6,2.4,2.3,2.1,2.2,2.1,1.9,2.5,2.5,2.7
SYN-09842,2.0,2.3,1.5,2.0,2.0,2.1,1.8,1.9,1.8,2.3,2.0,2.1,1.8
SYN-09843,3.2,3.1,3.0,2.7,3.0,3.1,3.4,3.2,2.8,2.4,3.1,2.6,2.9
SYN-09844,2.7,2.6,2.7,2.1,2.6,3.1,2.5,2.9,2.5,2.5,2.4,2.2,2.7
SYN-09845,2.7,2.5,2.6,2.3,2.9,2.6,2.7,3.0,3.1,3.1,2.9,2.7,2.4
SYN-09846,3.8,3.6,3.1,3.7,3.6,3.1,3.1,3.8,3.2,3.6,3.5,2.8,3.4
SYN-09847,2.3,2.7,2.6,2.3,2.7,2.2,2.3,2.4,1.9,2.3,1.9,2.2,1.7
SYN-09848,2.4,3.3,3.2,2.8,2.9,2.6,2.3,3.2,3.0,2.7,2.6,2.9,2.9
SYN-09849,3.0,2.6,2.6,2.6,3.5,2.7,2.9,2.3,2.7,2.7,3.4,3.2,2.4
SYN-09850,2.1,1.8,1.8,1.5,1.9,1.8,1.3,2.1,2.1,1.8,2.1,2.2,1.6
SYN-09851,2.6,3.2,3.2,3.6,3.1,3.2,3.0,2.8,3.4,3.3,2.7,3.1,2.9
SYN-09852,3.2,2.9,3.0,3.2,3.1,2.6,3.0,3.0,2.7,3.1,3.1,2.5,2.8
SYN-09853,2.7,2.7,2.5,2.9,2.6,2.6,2.8,3.2,2.7,2.6,2.4,2.5,2.1
SYN-09854,3.3,3.1,3.2,3.5,3.3,3.6,3.7,3.2,3.5,3.4,3.5,3.3,3.1
SYN-09855,1.7,1.4,2.1,1.8,2.5,1.5,1.9,2.2,1.7,1.6,1.5,1.3,1.9
SYN-09856,2.6,2.7,2.7,2.0,2.5,2.5,2.6,2.1,2.5,2.3,2.2,2.2,2.1
SYN-09857,3.3,2.3,3.3,3.1,3.0,3.4,2.9,2.9,2.8,2.7,3.1,3.7,2.9
SYN-09858,2.4,1.9,2.3,2.4,2.5,2.0,2.6,1.9,3.0,2.3,2.9,2.8,2.1
SYN-09859,1.7,2.2,1.9,2.6,2.6,2.1,2.3,2.1,1.6,2.7,1.8,2.0,2.5
SYN-09860,2.4,2.9,2.7,3.0,2.9,3.3,3.2,3.3,3.2,3.2,2.5,3.6,2.7
SYN-09861,2.6,2.1,2.4,2.0,2.3,2.0,1.4,2.1,2.7,2.0,2.4,1.8,2.1
SYN-09862,3.1,3.0,2.9,2.7,3.3,3.1,2.5,2.4,3.4,3.1,2.9,3.5,2.9
SYN-09863,3.3,3.6,3.5,3.5,3.2,2.8,3.3,3.4,2.8,3.1,3.3,3.3,3.2
SYN-09864,2.1,2.3,2.9,2.3,2.4,2.0,2.8,2.5,2.3,2.5,3.2,2.7,3.1
SYN-09865,2.2,2.6,2.3,2.5,2.5,3.0,2.9,2.7,2.1,2.7,2.1,2.8,2.7
SYN-09866,2.5,2.5,2.9,2.4,2.4,2.4,2.0,2.5,2.2,2.9,2.2,2.2,2.4
SYN-09867,2.4,2.5,2.9,2.9,2.8,2.5,2.9,2.1,2.4,2.8,2.5,2.6,2.9
SYN-09868,2.4,2.4,2.1,2.6,2.6,2.9,2.0,2.1,2.1,2.1,2.8,2.1,2.2
SYN-09869,3.4,3.2,3.8,3.5,3.3,3.8,3.7,3.9,2.9,3.4,3.4,3.4,3.5
SYN-09870,3.6,3.6,3.4,3.4,3.5,3.2,3.6,3.9,3.9,3.3,3.3,3.6,3.9
SYN-09871,2.4,2.6,2.3,3.4,2.7,3.2,2.5,3.0,2.4,2.8,2.5,2.5,2.8
SYN-09872,3.2,2.8,3.1,2.8,3.0,3.1,3.3,3.1,3.5,3.5,3.3,3.5,3.0
SYN-09873,3.5,2.6,2.6,3.2,3.5,3.0,3.5,2.9,2.9,3.1,3.1,3.6,2.9
SYN-09874,1.9,2.2,2.3,2.5,2.1,1.7,2.4,2.0,2.5,2.4,2.0,2.0,2.0
SYN-09875,2.1,2.1,2.0,2.1,2.6,2.5,1.8,2.4,2.0,1.8,2.3,1.8,1.8
SYN-09876,2.0,2.4,2.2,2.9,2.4,2.5,2.3,2.2,2.2,3.2,2.4,2.3,2.5
SYN-09877,2.3,1.9,2.0,2.3,2.0,1.8,2.0,1.9,2.6,2.3,1.4,2.1,2.5
SYN-09878,3.1,2.7,3.2,2.7,2.6,2.7,3.3,2.9,2.7,2.6,2.8,2.7,2.6
SYN-09879,2.9,3.1,4.0,2.9,3.0,2.7,3.6,3.0,3.1,3.1,3.8,3.3,3.1
SYN-09880,2.3,2.3,2.0,2.2,2.6,2.1,2.2,2.2,2.0,2.3,2.3,1.9,2.1
SYN-09881,3.2,2.9,2.8,2.9,3.2,3.0,3.3,3.5,3.0,2.9,3.4,3.2,3.5
SYN-09882,3.6,3.7,4.0,3.5,3.0,4.3,4.0,3.5,3.5,3.1,3.9,3.6,4.1
SYN-09883,2.2,2.0,2.2,2.6,1.8,2.7,2.2,2.5,1.8,1.9,2.6,2.2,2.7
SYN-09884,2.7,2.8,2.5,2.9,2.7,3.1,3.4,3.1,3.4,2.8,3.4,3.6,2.8
SYN-09885,2.8,2.7,2.6,2.9,3.0,2.8,3.4,3.0,3.4,3.1,3.4,2.6,3.3
SYN-09886,2.8,2.6,2.7,3.3,2.9,3.0,3.1,2.7,2.9,2.6,2.7,2.6,2.6
SYN-09887,3.2,3.6,3.7,3.5,3.5,3.6,4.0,4.2,4.0,4.5,4.3,3.7,3.6
SYN-09888,2.5,2.7,2.7,3.1,2.9,3.1,3.4,3.4,2.9,3.4,3.3,3.2,3.4
SYN-09889,3.2,3.3,2.9,2.9,3.4,3.1,3.1,3.2,3.0,3.3,3.2,3.0,2.8
SYN-09890,2.7,2.2,2.6,2.3,2.1,2.1,2.4,2.5,2.7,2.2,2.5,2.7,2.6
SYN-09891,3.7,3.5,3.0,3.2,3.4,3.8,3.1,2.9,3.5,3.5,3.2,3.4,3.0
SYN-09892,2.5,2.8,2.5,2.0,2.1,2.5,2.4,2.3,2.7,2.9,2.0,2.4,2.2
SYN-09893,3.0,3.3,3.1,2.8,3.3,3.0,3.1,3.2,3.4,3.0,3.7,3.0,2.4
SYN-09894,1.5,1.7,2.0,2.2,1.8,1.8,1.8,2.0,2.0,1.3,1.2,1.8,1.6
SYN-09895,2.9,3.3,3.3,3.0,2.8,2.5,2.6,3.2,3.3,3.4,2.8,3.4,2.9
SYN-09896,3.0,3.5,3.1,3.0,3.1,3.0,3.3,2.8,3.2,2.6,3.8,3.4,3.2
SYN-09897,2.9,2.6,3.2,3.0,2.0,3.0,3.0,3.0,2.5,2.2,3.2,2.5,2.8
SYN-09898,1.1,1.5,1.0,1.0,1.7,1.0,1.4,1.4,1.0,1.6,1.8,1.2,1.2
SYN-09899,3.2,3.5,3.3,3.1,3.3,3.1,3.3,3.5,3.2,3.1,3.2,2.9,3.0
SYN-09900,3.4,3.2,3.4,3.7,3.8,3.2,3.3,3.6,3.7,3.0,3.1,3.5,3.4
SYN-09901,1.6,1.8,2.2,2.3,2.1,1.9,1.5,2.2,2.3,1.8,2.3,1.7,2.2
SYN-09902,3.2,3.0,3.0,3.2,3.1,3.1,3.3,3.6,3.6,2.6,3.6,2.9,3.5
SYN-09903,1.6,2.1,2.4,1.6,2.1,2.0,2.6,1.8,2.1,2.5,1.7,2.2,2.3
SYN-09904,2.7,2.3,2.1,2.3,2.6,1.8,2.2,2.0,2.3,2.7,2.4,2.1,2.8
SYN-09905,3.1,2.6,2.4,2.4,2.6,2.5,2.2,2.5,2.4,2.8,2.6,2.8,2.7
SYN-09906,2.9,2.8,3.2,2.8,3.5,3.2,3.5,3.7,2.9,3.3,3.6,3.3,3.3
SYN-09907,2.8,3.0,3.2,3.3,2.8,3.2,3.0,3.2,2.8,3.2,3.3,3.2,2.7
SYN-09908,3.1,2.5,2.6,2.7,2.8,3.1,2.0,2.8,2.9,2.7,2.6,2.3,2.8
SYN-09909,3.2,3.0,2.6,2.3,2.8,2.7,2.0,2.1,3.3,2.2,2.5,2.8,2.5
SYN-09910,2.8,3.3,3.1,3.1,2.7,3.0,3.3,3.0,2.9,2.9,3.2,2.9,3.0
SYN-09911,2.3,2.9,2.4,2.9,2.5,2.6,2.6,2.8,2.9,3.2,3.0,2.8,3.0
SYN-09912,3.0,3.3,3.9,2.9,3.5,3.4,3.0,3.2,3.6,3.9,3.6,3.4,3.1
SYN-09913,2.3,2.2,2.1,1.6,1.9,2.0,2.2,2.0,2.6,2.5,1.9,2.1,2.1
SYN-09914,3.8,4.0,3.8,3.7,4.2,3.5,4.3,4.1,3.9,3.5,4.4,4.2,3.5
SYN-09915,3.5,3.1,3.3,3.6,3.4,3.7,3.7,3.8,2.9,3.8,2.8,3.5,3.1
SYN-09916,2.1,1.9,1.6,1.6,1.8,1.6,2.2,1.4,1.7,1.9,1.2,1.8,1.7
SYN-09917,2.9,2.2,2.9,2.4,3.2,2.2,3.3,2.5,2.5,2.6,2.6,3.0,2.6
SYN-09918,2.0,1.8,2.2,2.5,1.7,1.9,1.9,1.5,1.7,1.6,2.0,2.2,1.5
SYN-09919,2.6,2.6,2.8,2.8,2.9,2.7,2.3,2.6,2.8,2.4,2.8,2.6,2.6
SYN-09920,1.1,1.5,1.2,1.2,1.1,1.5,1.5,1.3,1.4,1.3,1.0,1.2,1.5
SYN-09921,1.6,1.8,2.0,1.4,2.2,2.3,1.8,1.8,1.6,2.1,1.8,1.8,2.0
SYN-09922,2.4,2.3,2.8,2.7,2.1,2.1,2.4,3.2,2.2,2.7,2.6,2.2,2.0
SYN-09923,2.1,2.4,3.1,3.1,2.5,2.5,2.4,2.1,2.2,2.0,2.1,2.5,2.1
SYN-09924,3.1,3.2,3.0,3.1,3.0,3.1,4.1,3.3,3.6,3.3,2.9,3.5,3.2
SYN-09925,2.3,2.5,2.5,2.9,2.4,2.1,2.4,2.8,2.5,2.4,2.0,2.7,3.0
SYN-09926,3.1,3.1,3.1,3.0,2.6,2.7,3.0,2.5,3.3,2.6,3.4,3.1,2.6
SYN-09927,2.9,3.8,3.4,3.1,4.2,3.6,3.5,3.1,3.7,3.5,3.4,3.7,3.3
SYN-09928,1.7,2.2,2.0,1.7,2.5,2.1,1.6,1.7,1.7,2.0,2.2,2.3,1.3
SYN-09929,2.1,2.0,2.3,2.3,2.3,2.0,2.5,1.8,2.5,2.4,1.7,1.5,1.9
SYN-09930,1.8,2.0,2.2,1.8,1.6,2.4,2.8,2.6,1.4,2.1,2.3,2.7,2.3
SYN-09931,2.7,2.7,2.0,2.4,2.8,2.7,2.1,2.5,2.8,2.5,2.6,2.1,2.8
SYN-09932,3.2,2.9,3.1,2.8,2.7,3.2,2.8,3.2,3.9,3.1,3.2,3.1,2.5
SYN-09933,1.6,1.1,2.0,1.6,1.7,1.7,1.8,2.2,1.4,1.7,1.2,2.0,1.3
SYN-09934,2.1,2.0,1.7,2.3,2.3,1.9,1.9,1.6,2.4,1.9,2.4,2.4,1.9
SYN-09935,2.3,2.8,2.5,2.7,3.0,3.2,2.6,3.5,2.4,2.6,3.1,2.4,3.1
SYN-09936,1.9,1.7,2.2,1.6,1.9,2.3,1.3,1.8,2.3,1.8,1.5,2.4,2.1
SYN-09937,2.3,2.3,2.0,2.4,2.9,2.1,2.4,2.6,2.3,2.0,2.1,2.2,2.1
SYN-09938,2.4,1.5,2.4,2.0,2.0,2.1,1.7,2.1,2.1,2.5,2.2,1.9,2.2
SYN-09939,2.5,2.3,2.8,2.1,2.5,2.6,2.8,2.1,2.6,2.6,2.2,2.7,2.4
SYN-09940,3.5,3.7,3.7,3.4,3.1,3.7,3.5,3.6,3.5,3.7,3.2,3.6,3.5
SYN-09941,2.3,2.2,2.4,1.6,2.0,2.4,2.1,2.7,2.5,2.3,1.7,2.7,2.1
SYN-09942,2.2,1.7,2.4,2.1,2.3,2.4,2.3,2.0,2.0,2.0,2.4,2.2,1.8
SYN-09943,2.8,2.4,2.6,2.1,2.6,2.6,2.7,2.0,2.0,2.5,2.2,2.7,3.0
SYN-09944,2.2,2.1,2.0,2.2,2.5,2.2,2.8,2.6,2.4,2.3,1.7,2.7,2.2
SYN-09945,3.4,3.0,2.5,3.0,3.3,2.6,3.2,3.1,2.7,2.9,2.7,3.1,2.7
SYN-09946,3.5,2.9,3.0,3.2,2.8,3.0,3.0,2.7,2.8,3.2,2.9,2.9,3.5
SYN-09947,2.8,2.1,2.2,2.7,2.8,2.6,2.5,2.2,1.9,2.2,2.4,2.2,1.7
SYN-09948,2.6,2.9,3.3,2.3,2.7,2.4,2.7,2.2,2.2,2.5,2.8,2.3,2.0
SYN-09949,2.7,2.2,2.0,2.3,1.9,1.8,2.7,2.2,2.3,2.1,2.6,2.2,2.7
SYN-09950,2.6,2.5,2.5,3.0,3.1,2.6,2.9,2.7,3.2,2.7,2.9,3.2,2.8
SYN-09951,3.2,3.3,3.3,3.5,3.4,3.6,3.3,2.9,3.2,3.6,3.7,3.6,3.9
SYN-09952,3.1,3.8,3.6,3.3,2.6,3.2,3.3,3.0,3.3,3.3,3.4,3.0,3.3
SYN-09953,2.7,2.9,2.6,2.8,3.0,2.8,2.9,3.0,3.2,3.0,2.9,3.0,3.1
SYN-09954,2.1,2.1,2.4,2.7,2.3,2.6,2.6,2.7,2.0,2.7,2.7,2.5,2.3
SYN-09955,2.2,2.3,2.4,2.0,2.0,2.6,2.4,2.3,2.3,2.5,2.3,1.9,2.6
SYN-09956,2.4,1.9,2.2,1.4,2.0,1.4,1.8,2.0,1.5,1.7,1.6,2.1,1.8
SYN-09957,2.5,2.8,2.9,2.3,3.2,3.0,3.1,2.6,2.8,2.7,3.1,2.3,3.2
SYN-09958,2.4,2.3,2.1,2.5,2.4,2.4,2.6,2.4,2.7,1.8,2.6,2.0,2.3
SYN-09959,2.6,3.3,3.5,3.1,3.8,2.8,3.1,2.8,3.2,2.8,3.0,3.8,2.6
SYN-09960,1.5,1.3,2.1,2.1,1.4,2.0,2.1,1.9,1.3,1.5,1.8,1.6,1.4
SYN-09961,3.4,3.2,3.5,3.6,2.9,2.5,3.3,2.8,3.2,3.3,3.1,3.4,3.3
SYN-09962,1.6,1.5,1.8,1.9,1.8,1.8,2.2,1.5,1.9,1.7,2.0,2.1,1.8
SYN-09963,2.9,2.0,1.9,2.7,2.1,1.8,2.0,1.8,2.3,2.1,2.3,2.0,2.0
SYN-09964,2.2,1.6,2.5,1.9,2.8,2.3,2.0,2.5,2.2,2.1,2.3,2.7,2.1
SYN-09965,2.3,2.4,2.2,2.1,1.8,2.4,1.9,2.4,2.3,2.1,2.4,2.5,2.8
SYN-09966,3.2,3.0,3.5,3.3,3.2,3.1,3.4,2.9,3.6,3.3,3.1,3.7,3.8
SYN-09967,2.4,2.3,2.6,2.7,2.6,2.7,2.4,2.4,3.0,3.1,2.3,2.3,2.7
SYN-09968,3.1,3.9,3.1,3.4,3.0,3.2,3.3,2.7,3.2,3.3,3.2,3.4,3.3
SYN-09969,3.5,2.8,2.5,2.4,3.0,2.4,2.9,3.2,3.0,3.0,2.9,2.9,2.4
SYN-09970,2.8,2.8,1.9,2.3,2.5,2.4,2.7,2.5,2.4,2.2,2.3,2.5,2.4
SYN-09971,1.8,1.9,1.8,1.8,1.4,1.7,2.0,1.9,2.1,2.0,2.4,1.7,1.8
SYN-09972,1.8,2.3,2.6,2.7,2.4,2.2,3.1,2.3,1.9,2.0,2.9,2.7,2.6
SYN-09973,2.1,1.7,1.9,1.7,2.3,2.7,2.0,2.4,2.6,1.9,2.5,2.4,2.2
SYN-09974,3.4,3.2,3.2,2.9,3.3,2.4,2.9,2.9,2.8,2.8,3.2,2.8,3.0
SYN-09975,4.1,3.3,3.2,3.1,3.2,3.2,3.9,3.3,3.2,4.0,3.1,2.8,3.1
SYN-09976,3.0,3.6,3.5,3.6,3.4,3.6,4.0,3.8,3.8,3.7,4.0,3.6,3.6
SYN-09977,3.0,2.8,2.9,3.4,2.8,3.0,3.3,3.0,2.9,3.1,3.2,2.5,3.3
SYN-09978,2.2,1.7,2.3,2.4,2.1,2.3,2.2,2.5,2.3,2.0,1.7,1.9,2.4
SYN-09979,3.3,2.8,2.9,3.0,3.5,2.9,2.8,3.5,3.1,3.0,3.0,2.9,3.2
SYN-09980,3.0,2.8,2.9,3.4,3.4,3.0,3.1,3.2,3.1,3.0,3.1,3.4,3.0
SYN-09981,2.1,2.6,2.4,2.5,2.2,2.5,2.9,2.3,1.9,2.0,2.2,2.2,2.4
SYN-09982,2.4,2.5,2.8,2.8,2.5,3.4,3.0,2.7,3.1,2.6,3.5,2.6,2.7
SYN-09983,2.9,2.2,2.3,2.3,1.9,2.5,2.6,2.6,2.4,1.7,2.5,2.2,2.1
SYN-09984,2.2,2.0,2.0,2.6,2.1,2.1,2.4,2.1,2.3,1.6,1.6,1.9,2.1
SYN-09985,3.6,2.8,2.9,3.6,3.0,3.0,3.6,2.4,3.4,3.6,3.3,3.2,3.5
SYN-09986,2.9,2.1,2.2,2.9,2.4,2.8,2.9,2.8,2.5,2.7,2.5,2.7,2.7
SYN-09987,3.1,3.5,3.8,3.4,3.0,3.0,3.0,3.3,3.0,3.4,3.3,3.1,3.6
SYN-09988,2.4,2.4,2.2,3.5,2.8,3.0,2.6,2.5,2.5,2.4,2.6,2.6,3.0
SYN-09989,2.5,2.5,2.8,1.9,2.2,2.7,2.1,1.9,2.0,2.6,2.7,2.3,2.4
SYN-09990,1.6,1.6,1.3,1.0,1.4,1.9,2.0,1.3,1.4,1.7,2.2,1.9,1.9
SYN-09991,3.3,4.2,3.6,3.5,4.0,4.0,3.9,4.0,3.7,4.1,4.1,4.2,4.0
SYN-09992,2.9,3.3,3.3,3.4,3.5,3.3,3.5,3.4,3.0,2.9,3.0,2.9,2.8
SYN-09993,2.4,2.7,2.0,2.3,2.7,2.4,1.9,2.2,1.8,1.9,2.0,1.5,2.2
SYN-09994,1.0,1.3,1.4,1.5,1.4,1.5,1.8,1.7,1.2,1.1,1.9,1.3,1.2
SYN-09995,3.7,3.5,3.7,3.4,3.7,3.2,3.1,3.0,3.9,3.0,3.2,3.4,3.5
SYN-09996,3.3,2.7,2.2,3.1,3.6,3.0,2.8,3.4,3.0,2.6,2.4,2.2,2.6
SYN-09997,3.3,3.3,2.7,3.3,3.1,4.0,3.0,2.6,3.6,3.4,3.6,3.1,3.8
SYN-09998,1.6,1.3,1.6,1.2,1.3,1.1,1.4,1.8,1.4,1.7,1.7,1.6,1.3
SYN-09999,1.7,1.9,2.4,2.3,2.2,1.7,1.9,2.3,1.9,2.2,1.7,1.6,1.7
SYN-10000,2.3,2.5,2.7,2.8,2.5,2.7,2.3,3.1,2.7,2.7,2.2,3.0,2.8
